type,is_pyramid,units,entry_date,exit_date,entry_price,exit_price,pnl_points,mae_points,atr_at_exit,holding_hours,exit_reason,trade_id
Long,False,1.0,2023-01-10 07:00:00,2023-01-11 03:00:00,1871.44,1875.58,3.42,-3.73,10.17,24,Signal Exit,1
Long,True,2.5,2023-01-10 11:00:00,2023-01-11 03:00:00,1872.81,1875.58,5.12,-6.05,10.17,24,Signal Exit,2
Long,False,1.0,2023-01-11 07:00:00,2023-01-11 11:00:00,1876.7,1874.91,-2.01,-4.78,7.75,0,Signal Exit,3
Long,False,1.0,2023-01-11 15:00:00,2023-01-11 23:00:00,1880.69,1871.72,-9.19,-10.14,8.42,0,Signal Exit,4
Long,True,2.5,2023-01-11 19:00:00,2023-01-11 23:00:00,1884.78,1871.72,-33.2,-35.58,8.42,0,Signal Exit,5
Long,False,1.0,2023-01-12 03:00:00,2023-01-12 07:00:00,1877.77,1875.06,-2.93,-2.17,7.92,0,Signal Exit,6
Long,False,1.0,2023-01-12 11:00:00,2023-01-12 15:00:00,1883.69,1883.0,-0.91,-1.72,7.69,0,Signal Exit,7
Long,False,1.0,2023-01-12 19:00:00,2023-01-12 23:00:00,1884.32,1882.54,-2.0,-12.17,9.28,0,Signal Exit,8
Long,False,1.0,2023-01-13 03:00:00,2023-01-13 07:00:00,1898.87,1895.67,-3.42,-4.57,9.82,0,Signal Exit,9
Long,False,1.0,2023-01-13 11:00:00,2023-01-13 15:00:00,1898.18,1896.11,-2.29,-5.93,9.73,0,Signal Exit,10
Long,False,1.0,2023-01-13 19:00:00,2023-01-16 15:00:00,1906.01,1915.76,8.03,-12.38,11.69,72,Signal Exit,11
Long,True,2.5,2023-01-13 23:00:00,2023-01-16 15:00:00,1911.27,1915.76,6.93,-11.32,11.69,72,Signal Exit,12
Long,False,1.0,2023-01-17 07:00:00,2023-01-17 11:00:00,1914.85,1910.63,-4.44,-5.48,9.06,0,Signal Exit,13
Long,False,1.0,2023-01-17 23:00:00,2023-01-18 03:00:00,1913.58,1905.58,-8.72,-9.01,9.33,24,Signal Exit,14
Long,False,1.0,2023-01-18 07:00:00,2023-01-18 11:00:00,1908.48,1904.05,-4.65,-8.1,8.13,0,Signal Exit,15
Long,False,1.0,2023-01-18 19:00:00,2023-01-19 03:00:00,1914.33,1904.96,-10.09,-12.79,9.32,24,Signal Exit,16
Long,True,2.5,2023-01-20 07:00:00,2023-01-20 11:00:00,1932.05,1929.57,-6.75,-6.8,9.74,0,Signal Exit,17
Long,False,1.0,2023-01-19 11:00:00,2023-01-20 11:00:00,1907.02,1929.57,21.83,-0.67,9.74,24,Signal Exit,18
Long,False,1.0,2023-01-20 19:00:00,2023-01-20 23:00:00,1930.03,1924.93,-5.32,-9.36,9.96,0,Signal Exit,19
Long,False,1.0,2023-01-21 03:00:00,2023-01-23 07:00:00,1929.39,1925.89,-4.72,-3.24,9.11,48,Signal Exit,20
Long,False,1.0,2023-01-23 11:00:00,2023-01-23 15:00:00,1931.95,1922.49,-9.68,-10.95,9.13,0,Signal Exit,21
Long,False,1.0,2023-01-23 19:00:00,2023-01-23 23:00:00,1926.34,1916.7,-9.86,-13.06,9.98,0,Signal Exit,22
Long,False,1.0,2023-01-24 03:00:00,2023-01-24 19:00:00,1927.83,1938.46,10.41,-3.05,9.93,0,Signal Exit,23
Long,True,2.5,2023-01-24 07:00:00,2023-01-24 19:00:00,1931.05,1938.46,17.98,-0.92,9.93,0,Signal Exit,24
Long,False,1.0,2023-01-25 03:00:00,2023-01-25 11:00:00,1934.94,1935.12,-0.04,-0.83,10.58,0,Signal Exit,25
Long,True,2.5,2023-01-25 07:00:00,2023-01-25 11:00:00,1937.14,1935.12,-5.6,-5.55,10.58,0,Signal Exit,26
Long,False,1.0,2023-01-25 23:00:00,2023-01-26 11:00:00,1930.75,1945.06,13.59,-1.99,9.85,24,Signal Exit,27
Long,True,2.5,2023-01-26 03:00:00,2023-01-26 11:00:00,1940.0,1945.06,12.1,-0.9,9.85,0,Signal Exit,28
Long,False,1.0,2023-01-26 15:00:00,2023-01-26 19:00:00,1945.67,1936.73,-9.16,-11.86,10.04,0,Signal Exit,29
Long,False,1.0,2023-02-02 07:00:00,2023-02-02 15:00:00,1951.07,1952.11,0.82,-0.29,10.77,0,Signal Exit,30
Long,True,2.5,2023-02-02 11:00:00,2023-02-02 15:00:00,1952.17,1952.11,-0.7,-2.4,10.77,0,Signal Exit,31
Long,False,1.0,2023-02-02 19:00:00,2023-02-02 23:00:00,1952.65,1921.31,-32.18,-31.53,12.42,0,Stop Loss Exit,32
Long,False,1.0,2023-02-09 19:00:00,2023-02-09 23:00:00,1885.67,1879.35,-6.54,-6.8,9.28,0,Signal Exit,33
Short,False,1.0,2023-02-14 07:00:00,2023-02-20 15:00:00,1853.43,1843.93,8.38,-17.07,9.33,144,Signal Exit,34
Short,False,1.0,2023-02-20 19:00:00,2023-02-20 23:00:00,1843.54,1846.4,-3.08,-3.47,8.94,0,Signal Exit,35
Short,False,1.0,2023-02-21 03:00:00,2023-02-21 11:00:00,1841.1,1841.32,-0.44,-2.62,6.79,0,Signal Exit,36
Short,False,1.0,2023-02-21 15:00:00,2023-03-01 03:00:00,1838.6,1828.07,8.73,-7.41,7.55,192,Stop Loss Exit,37
Short,False,1.0,2023-03-01 07:00:00,2023-03-01 11:00:00,1826.63,1827.65,-1.24,-2.78,6.83,0,Signal Exit,38
Short,False,1.0,2023-03-02 03:00:00,2023-03-02 23:00:00,1838.46,1836.62,1.62,-0.5,7.92,0,Signal Exit,39
Short,False,1.0,2023-03-03 03:00:00,2023-03-03 11:00:00,1835.91,1838.62,-2.93,-5.56,6.52,0,Signal Exit,40
Short,False,1.0,2023-03-03 23:00:00,2023-03-04 03:00:00,1842.88,1850.08,-7.57,-7.22,6.76,24,Signal Exit,41
Short,False,1.0,2023-03-06 11:00:00,2023-03-06 23:00:00,1853.73,1851.76,1.75,-4.55,6.45,0,Signal Exit,42
Short,False,1.0,2023-03-07 03:00:00,2023-03-07 11:00:00,1847.02,1849.11,-2.31,-3.37,6.17,0,Signal Exit,43
Short,False,1.0,2023-03-07 15:00:00,2023-03-09 23:00:00,1846.73,1831.31,14.5,-4.89,7.93,48,Stop Loss Exit,44
Short,True,2.0999999999999996,2023-03-08 07:00:00,2023-03-09 23:00:00,1813.49,1831.31,-39.03,-38.56,7.93,24,Stop Loss Exit,45
Short,False,1.0,2023-03-10 07:00:00,2023-03-10 19:00:00,1831.12,1832.75,-1.85,-6.15,6.91,0,Signal Exit,46
Long,False,1.0,2023-03-14 06:00:00,2023-03-14 10:00:00,1913.45,1906.03,-7.64,-8.16,14.42,0,Signal Exit,47
Long,False,1.0,2023-03-14 22:00:00,2023-03-15 06:00:00,1902.33,1903.48,0.43,-2.21,14.44,24,Signal Exit,48
Long,False,1.0,2023-03-15 22:00:00,2023-03-16 02:00:00,1926.12,1924.36,-2.48,-8.64,14.06,24,Signal Exit,49
Long,False,1.0,2023-03-16 14:00:00,2023-03-17 02:00:00,1919.93,1916.27,-4.38,-7.52,14.67,24,Signal Exit,50
Long,False,1.0,2023-03-17 06:00:00,2023-03-20 10:00:00,1920.49,1969.57,47.36,-2.29,14.58,72,Signal Exit,51
Long,False,1.0,2023-03-20 14:00:00,2023-03-20 18:00:00,1988.09,1984.76,-3.55,-6.27,15.54,0,Signal Exit,52
Long,False,1.0,2023-03-21 06:00:00,2023-03-21 18:00:00,1978.77,1968.97,-10.02,-15.94,16.19,0,Signal Exit,53
Long,False,1.0,2023-03-23 06:00:00,2023-03-23 10:00:00,1970.21,1968.95,-1.48,-5.69,12.03,0,Signal Exit,54
Long,False,1.0,2023-03-23 14:00:00,2023-03-24 06:00:00,1977.09,1993.13,15.32,-10.47,13.29,24,Signal Exit,55
Long,False,1.0,2023-03-24 18:00:00,2023-03-24 22:00:00,1994.4,1989.55,-5.07,-5.78,13.23,0,Signal Exit,56
Long,False,1.0,2023-03-29 02:00:00,2023-03-29 06:00:00,1974.58,1973.26,-1.54,-3.51,10.99,0,Signal Exit,57
Long,False,1.0,2023-03-31 02:00:00,2023-03-31 14:00:00,1979.84,1979.05,-1.01,-2.24,8.7,0,Signal Exit,58
Long,False,1.0,2023-03-31 22:00:00,2023-04-01 02:00:00,1979.62,1967.41,-12.93,-12.77,9.75,24,Signal Exit,59
Long,False,1.0,2023-04-03 06:00:00,2023-04-03 10:00:00,1970.36,1960.18,-10.4,-13.67,9.72,0,Signal Exit,60
Long,False,1.0,2023-04-03 22:00:00,2023-04-04 06:00:00,1978.27,1984.2,5.21,-0.09,10.92,24,Signal Exit,61
Long,False,1.0,2023-04-04 14:00:00,2023-04-05 10:00:00,1978.79,2020.34,40.83,-1.93,10.96,24,Signal Exit,62
Long,True,1.4999999999999998,2023-04-04 18:00:00,2023-04-05 10:00:00,1982.91,2020.34,55.06,-6.66,10.96,24,Signal Exit,63
Long,True,2.5,2023-04-05 18:00:00,2023-04-05 22:00:00,2024.5,2022.71,-5.02,-8.8,10.48,0,Signal Exit,64
Long,False,1.0,2023-04-05 14:00:00,2023-04-05 22:00:00,2024.25,2022.71,-1.76,-3.27,10.48,0,Signal Exit,65
Long,False,1.0,2023-04-06 14:00:00,2023-04-06 22:00:00,2015.58,2003.59,-12.21,-14.79,11.19,0,Signal Exit,66
Long,False,1.0,2023-04-07 02:00:00,2023-04-10 06:00:00,2009.87,1992.35,-19.24,-4.15,11.0,72,Signal Exit,67
Long,False,1.0,2023-04-10 18:00:00,2023-04-10 22:00:00,2000.6,1988.3,-12.52,-14.43,11.25,0,Signal Exit,68
Long,False,1.0,2023-04-11 18:00:00,2023-04-11 22:00:00,2004.5,2001.41,-3.31,-8.96,10.71,0,Signal Exit,69
Long,False,1.0,2023-04-12 02:00:00,2023-04-12 06:00:00,2005.57,2003.45,-2.34,-2.76,9.43,0,Signal Exit,70
Long,True,2.5,2023-04-12 14:00:00,2023-04-12 18:00:00,2018.22,2010.76,-19.2,-24.2,9.11,0,Signal Exit,71
Long,False,1.0,2023-04-12 10:00:00,2023-04-12 18:00:00,2014.69,2010.76,-4.15,-6.15,9.11,0,Signal Exit,72
Long,False,1.0,2023-04-13 02:00:00,2023-04-13 14:00:00,2011.5,2015.31,3.59,-0.92,9.37,0,Signal Exit,73
Long,False,1.0,2023-04-13 18:00:00,2023-04-14 02:00:00,2026.59,2043.71,16.4,-1.58,11.09,24,Signal Exit,74
Long,False,1.0,2023-04-14 10:00:00,2023-04-14 14:00:00,2045.83,2042.76,-3.29,-6.31,11.26,0,Signal Exit,75
Long,False,1.0,2023-04-21 02:00:00,2023-04-21 06:00:00,2006.78,2003.94,-3.06,-4.57,10.36,0,Signal Exit,76
Long,False,1.0,2023-04-25 10:00:00,2023-04-25 14:00:00,1996.96,1995.42,-1.76,-6.18,10.56,0,Signal Exit,77
Long,False,1.0,2023-04-26 02:00:00,2023-04-26 06:00:00,1999.1,1996.66,-2.66,-4.75,10.4,0,Signal Exit,78
Long,False,1.0,2023-04-26 10:00:00,2023-04-26 14:00:00,1998.87,1996.11,-2.98,-5.8,9.94,0,Signal Exit,79
Long,False,1.0,2023-04-26 18:00:00,2023-04-27 02:00:00,1998.82,1988.33,-11.21,-15.52,11.53,24,Signal Exit,80
Long,False,1.0,2023-04-27 10:00:00,2023-04-27 18:00:00,1992.6,1996.92,4.1,-0.57,10.78,0,Signal Exit,81
Long,False,1.0,2023-04-28 10:00:00,2023-04-28 14:00:00,1990.41,1984.69,-5.94,-7.0,10.55,0,Signal Exit,82
Long,False,1.0,2023-04-29 02:00:00,2023-05-01 06:00:00,1990.64,1991.03,-0.83,-3.16,10.53,48,Signal Exit,83
Long,False,1.0,2023-05-01 22:00:00,2023-05-02 02:00:00,1997.21,1982.17,-15.76,-17.35,11.48,24,Signal Exit,84
Long,True,1.4999999999999998,2023-05-03 06:00:00,2023-05-03 14:00:00,2016.45,2014.87,-2.7,-3.51,9.9,0,Signal Exit,85
Long,False,1.0,2023-05-03 02:00:00,2023-05-03 14:00:00,2012.26,2014.87,2.39,-1.01,9.9,0,Signal Exit,86
Long,False,1.0,2023-05-03 18:00:00,2023-05-03 22:00:00,2016.95,2013.65,-3.52,-10.07,10.04,0,Signal Exit,87
Long,False,1.0,2023-05-04 02:00:00,2023-05-04 14:00:00,2022.82,2042.79,19.75,-5.82,12.69,0,Signal Exit,88
Long,True,1.4000000000000001,2023-05-04 06:00:00,2023-05-04 14:00:00,2044.73,2042.79,-3.02,-9.11,12.69,0,Signal Exit,89
Long,False,1.0,2023-05-04 22:00:00,2023-05-05 14:00:00,2044.21,2045.92,0.99,-1.29,12.66,24,Signal Exit,90
Long,True,1.0,2023-05-05 02:00:00,2023-05-05 14:00:00,2046.16,2045.92,-0.46,-1.22,12.66,0,Signal Exit,91
Long,False,1.0,2023-05-06 02:00:00,2023-05-09 02:00:00,2015.49,2023.83,6.62,-2.04,11.06,72,Signal Exit,92
Long,False,1.0,2023-05-09 14:00:00,2023-05-10 06:00:00,2026.16,2033.87,6.99,-4.77,7.56,24,Signal Exit,93
Long,True,1.5999999999999999,2023-05-09 18:00:00,2023-05-10 06:00:00,2028.18,2033.87,7.95,-8.42,7.56,24,Signal Exit,94
Long,False,1.0,2023-05-10 22:00:00,2023-05-11 02:00:00,2038.08,2030.86,-7.94,-16.61,8.7,24,Signal Exit,95
Long,False,1.0,2023-05-11 10:00:00,2023-05-11 14:00:00,2033.45,2032.14,-1.53,-3.45,8.46,0,Signal Exit,96
Short,False,1.0,2023-05-18 06:00:00,2023-05-20 02:00:00,1981.05,1982.94,-2.92,-4.9,10.25,48,Stop Loss Exit,97
Short,False,1.0,2023-05-22 06:00:00,2023-05-24 02:00:00,1977.53,1974.91,1.55,-5.08,10.97,48,Stop Loss Exit,98
Short,False,1.0,2023-05-24 06:00:00,2023-05-24 14:00:00,1975.1,1979.43,-4.55,-5.46,8.81,0,Signal Exit,99
Short,False,1.0,2023-05-24 18:00:00,2023-05-31 02:00:00,1976.03,1958.62,15.72,-9.25,8.48,168,Stop Loss Exit,100
Short,False,1.0,2023-05-31 10:00:00,2023-05-31 14:00:00,1954.79,1964.39,-9.82,-10.52,8.1,0,Signal Exit,101
Short,False,1.0,2023-05-31 18:00:00,2023-05-31 22:00:00,1958.64,1969.82,-11.4,-15.03,9.4,0,Signal Exit,102
Short,False,1.0,2023-06-01 02:00:00,2023-06-01 10:00:00,1966.18,1965.62,0.34,-1.39,9.9,0,Signal Exit,103
Short,False,1.0,2023-06-01 14:00:00,2023-06-01 22:00:00,1962.84,1973.56,-10.94,-11.57,10.59,0,Signal Exit,104
Short,False,1.0,2023-06-02 06:00:00,2023-06-02 14:00:00,1977.19,1980.66,-3.69,-6.2,9.22,0,Signal Exit,105
Short,False,1.0,2023-06-02 18:00:00,2023-06-06 02:00:00,1980.45,1960.29,18.87,-0.39,9.41,96,Stop Loss Exit,106
Short,False,1.0,2023-06-06 10:00:00,2023-06-06 18:00:00,1960.39,1962.35,-2.18,-4.14,8.3,0,Signal Exit,107
Short,False,1.0,2023-06-06 22:00:00,2023-06-07 02:00:00,1957.16,1964.46,-7.67,-9.16,8.96,24,Signal Exit,108
Short,False,1.0,2023-06-07 06:00:00,2023-06-07 10:00:00,1963.38,1964.87,-1.71,-3.37,6.95,0,Signal Exit,109
Short,False,1.0,2023-06-07 14:00:00,2023-06-07 18:00:00,1963.09,1964.42,-1.55,-1.43,7.23,0,Signal Exit,110
Short,False,1.0,2023-06-08 02:00:00,2023-06-08 22:00:00,1944.49,1966.58,-22.31,-23.98,9.64,0,Signal Exit,111
Short,True,1.7,2023-06-08 06:00:00,2023-06-08 22:00:00,1940.31,1966.58,-45.03,-47.87,9.64,0,Signal Exit,112
Short,False,1.0,2023-06-09 02:00:00,2023-06-09 06:00:00,1963.82,1965.73,-2.13,-2.22,9.16,0,Signal Exit,113
Short,False,1.0,2023-06-09 10:00:00,2023-06-09 14:00:00,1964.34,1964.69,-0.57,-1.01,8.72,0,Signal Exit,114
Short,False,1.0,2023-06-09 18:00:00,2023-06-12 14:00:00,1961.86,1959.1,2.09,-11.17,7.41,72,Signal Exit,115
Short,False,1.0,2023-06-12 22:00:00,2023-06-13 18:00:00,1952.09,1963.18,-11.46,-13.24,7.42,24,Signal Exit,116
Short,True,1.7999999999999998,2023-06-14 06:00:00,2023-06-14 22:00:00,1943.08,1956.04,-23.72,-30.96,8.99,0,Signal Exit,117
Short,False,1.0,2023-06-13 22:00:00,2023-06-14 22:00:00,1954.1,1956.04,-2.31,-6.18,8.99,24,Signal Exit,118
Short,False,1.0,2023-06-15 02:00:00,2023-06-16 02:00:00,1953.14,1958.75,-5.98,-7.1,11.35,24,Signal Exit,119
Short,False,1.0,2023-06-16 06:00:00,2023-06-16 10:00:00,1957.38,1959.32,-2.16,-4.64,9.48,0,Signal Exit,120
Short,False,1.0,2023-06-16 14:00:00,2023-06-16 18:00:00,1958.17,1964.3,-6.35,-6.51,9.63,0,Signal Exit,121
Short,False,1.0,2023-06-16 22:00:00,2023-06-20 18:00:00,1962.99,1952.64,9.53,-3.03,6.34,96,Signal Exit,122
Short,True,2.0999999999999996,2023-06-23 06:00:00,2023-06-23 22:00:00,1913.77,1932.18,-40.05,-49.67,8.8,0,Stop Loss Exit,123
Short,False,1.0,2023-06-20 22:00:00,2023-06-23 22:00:00,1931.76,1932.18,-1.53,-7.69,8.8,72,Stop Loss Exit,124
Short,True,1.7999999999999998,2023-06-26 06:00:00,2023-06-27 10:00:00,1924.71,1929.18,-8.71,-15.46,8.14,24,Signal Exit,125
Short,False,1.0,2023-06-24 02:00:00,2023-06-27 10:00:00,1920.78,1929.18,-9.07,-12.52,8.14,72,Signal Exit,126
Short,True,2.0,2023-06-28 06:00:00,2023-07-01 02:00:00,1914.05,1918.62,-11.27,-17.42,7.95,72,Stop Loss Exit,127
Short,False,1.0,2023-06-27 14:00:00,2023-07-01 02:00:00,1924.93,1918.62,5.09,-5.7,7.95,96,Stop Loss Exit,128
Short,False,1.0,2023-07-03 10:00:00,2023-07-03 22:00:00,1917.24,1925.93,-8.91,-9.75,7.89,0,Signal Exit,129
Short,False,1.0,2023-07-04 02:00:00,2023-07-04 06:00:00,1920.59,1921.23,-0.86,-1.2,6.95,0,Signal Exit,130
Short,False,1.0,2023-07-04 22:00:00,2023-07-05 06:00:00,1928.24,1925.31,2.56,-1.26,5.96,24,Signal Exit,131
Short,False,1.0,2023-07-05 10:00:00,2023-07-05 14:00:00,1924.12,1925.56,-1.66,-2.28,5.46,0,Signal Exit,132
Short,False,1.0,2023-07-05 22:00:00,2023-07-06 10:00:00,1924.97,1919.53,5.07,-1.17,5.16,24,Signal Exit,133
Short,False,1.0,2023-07-06 18:00:00,2023-07-07 22:00:00,1917.28,1923.29,-6.38,-10.98,7.97,24,Signal Exit,134
Short,False,1.0,2023-07-10 06:00:00,2023-07-10 18:00:00,1924.53,1923.27,1.04,-3.6,7.68,0,Signal Exit,135
Short,False,1.0,2023-07-10 22:00:00,2023-07-11 02:00:00,1923.03,1925.65,-2.99,-3.78,8.38,24,Signal Exit,136
Short,False,1.0,2023-07-11 06:00:00,2023-07-11 10:00:00,1925.23,1925.5,-0.49,-2.6,6.27,0,Signal Exit,137
Short,False,1.0,2023-07-11 22:00:00,2023-07-12 06:00:00,1933.44,1932.27,0.8,-1.93,6.51,24,Signal Exit,138
Short,False,1.0,2023-07-12 18:00:00,2023-07-12 22:00:00,1935.41,1955.99,-21.18,-21.91,7.53,0,Stop Loss Exit,139
Short,False,1.0,2023-07-13 14:00:00,2023-07-13 18:00:00,1955.41,1959.99,-4.8,-7.93,7.28,0,Signal Exit,140
Short,False,1.0,2023-07-13 22:00:00,2023-07-14 02:00:00,1958.47,1960.0,-1.9,-3.4,7.53,24,Signal Exit,141
Long,False,1.0,2023-07-14 06:00:00,2023-07-14 14:00:00,1960.28,1958.86,-1.64,-2.38,7.21,0,Signal Exit,142
Long,False,1.0,2023-07-14 22:00:00,2023-07-17 06:00:00,1960.03,1954.68,-7.07,-9.13,6.49,72,Signal Exit,143
Long,False,1.0,2023-07-17 14:00:00,2023-07-17 22:00:00,1953.99,1950.53,-3.68,-8.25,7.44,0,Signal Exit,144
Long,False,1.0,2023-07-18 02:00:00,2023-07-18 06:00:00,1955.21,1954.52,-0.91,-0.8,6.67,0,Signal Exit,145
Long,False,1.0,2023-07-18 10:00:00,2023-07-19 10:00:00,1957.1,1976.58,18.76,-1.3,6.89,24,Signal Exit,146
Long,False,1.0,2023-07-19 14:00:00,2023-07-19 18:00:00,1978.37,1977.18,-1.41,-5.4,6.96,0,Signal Exit,147
Long,False,1.0,2023-07-20 02:00:00,2023-07-20 06:00:00,1977.26,1975.8,-1.68,-0.82,6.32,0,Signal Exit,148
Long,False,1.0,2023-07-20 10:00:00,2023-07-20 14:00:00,1984.97,1980.75,-4.44,-4.86,6.95,0,Signal Exit,149
Long,False,1.0,2023-07-20 18:00:00,2023-07-20 22:00:00,1980.88,1975.99,-5.11,-8.51,7.37,0,Signal Exit,150
Long,False,1.0,2023-07-21 10:00:00,2023-07-21 14:00:00,1972.24,1969.29,-3.17,-4.2,6.61,0,Signal Exit,151
Long,False,1.0,2023-07-26 18:00:00,2023-07-26 22:00:00,1971.4,1966.57,-5.05,-7.49,7.05,0,Signal Exit,152
Long,False,1.0,2023-07-27 02:00:00,2023-07-27 14:00:00,1969.28,1975.66,6.16,-4.18,7.79,0,Signal Exit,153
Short,True,1.7,2023-07-28 10:00:00,2023-07-29 02:00:00,1950.95,1959.62,-16.24,-21.32,10.3,24,Stop Loss Exit,154
Short,False,1.0,2023-07-28 06:00:00,2023-07-29 02:00:00,1946.42,1959.62,-14.08,-17.07,10.3,24,Stop Loss Exit,155
Long,False,1.0,2023-07-31 22:00:00,2023-08-01 02:00:00,1971.6,1970.95,-1.37,-6.06,9.28,24,Signal Exit,156
Short,True,2.5,2023-08-02 10:00:00,2023-08-22 14:00:00,1947.45,1895.41,122.05,-18.25,5.76,480,Signal Exit,157
Short,False,1.0,2023-08-02 06:00:00,2023-08-22 14:00:00,1949.51,1895.41,50.88,-5.24,5.76,480,Signal Exit,158
Short,False,1.0,2023-08-22 22:00:00,2023-08-23 02:00:00,1890.29,1897.72,-7.8,-8.84,7.23,24,Signal Exit,159
Short,False,1.0,2023-08-23 06:00:00,2023-08-23 10:00:00,1897.4,1901.62,-4.44,-4.45,6.49,0,Signal Exit,160
Short,False,1.0,2023-08-23 18:00:00,2023-08-23 22:00:00,1902.57,1918.05,-16.05,-16.31,7.02,0,Stop Loss Exit,161
Short,False,1.0,2023-08-24 06:00:00,2023-08-24 10:00:00,1915.44,1918.74,-3.52,-3.84,6.16,0,Signal Exit,162
Short,False,1.0,2023-08-24 18:00:00,2023-08-25 02:00:00,1919.59,1917.21,2.01,-3.72,6.62,24,Signal Exit,163
Short,False,1.0,2023-08-25 06:00:00,2023-08-25 10:00:00,1917.21,1916.9,0.09,-0.31,5.21,0,Signal Exit,164
Short,False,1.0,2023-08-25 14:00:00,2023-08-25 18:00:00,1914.48,1916.1,-1.84,-3.48,5.45,0,Signal Exit,165
Short,False,1.0,2023-08-25 22:00:00,2023-08-28 06:00:00,1915.37,1915.5,-0.8,-6.97,5.68,72,Signal Exit,166
Short,False,1.0,2023-08-28 18:00:00,2023-08-28 22:00:00,1914.04,1918.11,-4.29,-4.78,5.63,0,Signal Exit,167
Short,False,1.0,2023-08-29 06:00:00,2023-08-29 10:00:00,1920.16,1922.03,-2.09,-2.83,5.16,0,Signal Exit,168
Short,False,1.0,2023-08-29 18:00:00,2023-08-30 02:00:00,1924.33,1937.14,-13.51,-13.81,6.69,24,Stop Loss Exit,169
Long,False,1.0,2023-08-30 06:00:00,2023-08-30 10:00:00,1937.24,1936.17,-1.29,-1.89,5.25,0,Signal Exit,170
Long,False,1.0,2023-08-30 18:00:00,2023-08-31 02:00:00,1938.06,1943.67,4.89,-1.41,5.99,24,Signal Exit,171
Long,False,1.0,2023-08-31 10:00:00,2023-08-31 14:00:00,1947.22,1945.37,-2.07,-2.8,5.62,0,Signal Exit,172
Long,False,1.0,2023-09-01 10:00:00,2023-09-01 14:00:00,1942.56,1939.74,-3.04,-4.35,4.84,0,Signal Exit,173
Long,False,1.0,2023-09-01 18:00:00,2023-09-01 22:00:00,1944.24,1943.44,-1.02,-4.12,5.85,0,Signal Exit,174
Long,False,1.0,2023-09-04 10:00:00,2023-09-04 18:00:00,1943.05,1940.97,-2.3,-2.24,5.48,0,Signal Exit,175
Long,False,1.0,2023-09-05 02:00:00,2023-09-05 06:00:00,1938.52,1938.64,-0.1,-0.28,4.95,0,Signal Exit,176
Short,True,2.5,2023-09-07 06:00:00,2023-09-11 14:00:00,1917.66,1927.59,-26.87,-30.1,5.28,96,Signal Exit,177
Short,False,1.0,2023-09-06 06:00:00,2023-09-11 14:00:00,1926.16,1927.59,-2.4,-3.54,5.28,120,Signal Exit,178
Short,False,1.0,2023-09-11 18:00:00,2023-09-11 22:00:00,1925.33,1925.84,-0.73,-4.76,5.61,0,Signal Exit,179
Short,True,2.5,2023-09-13 06:00:00,2023-09-15 14:00:00,1913.15,1916.19,-9.56,-9.12,5.3,48,Stop Loss Exit,180
Short,False,1.0,2023-09-12 02:00:00,2023-09-15 14:00:00,1922.66,1916.19,5.54,-1.84,5.3,72,Stop Loss Exit,181
Short,False,1.0,2023-09-18 06:00:00,2023-09-18 10:00:00,1923.57,1925.19,-1.84,-3.04,5.26,0,Signal Exit,182
Short,False,1.0,2023-09-18 18:00:00,2023-09-19 02:00:00,1926.91,1932.12,-5.58,-6.56,6.09,24,Signal Exit,183
Long,False,1.0,2023-09-19 06:00:00,2023-09-19 10:00:00,1933.69,1932.98,-0.93,-1.94,5.07,0,Signal Exit,184
Long,False,1.0,2023-09-19 18:00:00,2023-09-19 22:00:00,1935.17,1934.66,-0.73,-2.39,5.27,0,Signal Exit,185
Short,False,1.0,2023-09-20 10:00:00,2023-09-20 14:00:00,1929.93,1931.13,-1.42,-1.76,4.49,0,Signal Exit,186
Short,False,1.0,2023-09-21 06:00:00,2023-09-21 14:00:00,1930.28,1928.73,1.33,-1.15,5.81,0,Signal Exit,187
Short,False,1.0,2023-09-21 18:00:00,2023-10-07 02:00:00,1924.7,1831.83,89.87,-4.37,7.64,384,Stop Loss Exit,188
Short,True,2.5,2023-09-26 06:00:00,2023-10-07 02:00:00,1916.1,1831.83,205.05,-1.63,7.64,264,Stop Loss Exit,189
Short,False,1.0,2023-10-09 06:00:00,2023-10-09 10:00:00,1849.91,1848.95,0.33,-5.41,8.12,0,Stop Loss Exit,190
Short,False,1.0,2023-10-09 18:00:00,2023-10-10 02:00:00,1851.19,1854.45,-3.63,-4.29,8.51,24,Signal Exit,191
Short,False,1.0,2023-10-10 14:00:00,2023-10-11 02:00:00,1860.74,1858.48,1.89,-2.05,9.2,24,Signal Exit,192
Short,False,1.0,2023-10-11 14:00:00,2023-10-11 18:00:00,1859.46,1870.47,-11.56,-11.6,6.55,0,Stop Loss Exit,193
Short,False,1.0,2023-10-12 02:00:00,2023-10-12 06:00:00,1871.99,1874.75,-2.98,-2.53,6.6,0,Signal Exit,194
Short,False,1.0,2023-10-12 22:00:00,2023-10-13 10:00:00,1873.84,1871.94,1.53,-2.77,5.89,24,Signal Exit,195
Long,False,1.0,2023-10-16 06:00:00,2023-10-16 10:00:00,1923.46,1920.46,-3.22,-3.12,9.38,0,Signal Exit,196
Long,False,1.0,2023-10-16 18:00:00,2023-10-17 10:00:00,1916.12,1915.04,-1.8,-2.83,9.81,24,Signal Exit,197
Long,False,1.0,2023-10-17 14:00:00,2023-10-18 02:00:00,1916.54,1919.8,2.54,-0.9,10.56,24,Signal Exit,198
Long,False,1.0,2023-10-18 06:00:00,2023-10-18 14:00:00,1923.93,1937.04,12.89,-0.66,8.63,0,Signal Exit,199
Long,False,1.0,2023-10-18 18:00:00,2023-10-19 02:00:00,1944.28,1954.07,9.07,-6.09,10.51,24,Signal Exit,200
Long,False,1.0,2023-10-19 10:00:00,2023-10-19 14:00:00,1948.17,1946.84,-1.55,-2.98,10.5,0,Signal Exit,201
Long,False,1.0,2023-10-19 18:00:00,2023-10-20 14:00:00,1950.68,1977.56,26.16,-1.69,11.38,24,Signal Exit,202
Long,False,1.0,2023-10-20 18:00:00,2023-10-21 02:00:00,1982.55,1982.51,-0.76,-9.34,12.3,24,Signal Exit,203
Long,False,1.0,2023-10-23 14:00:00,2023-10-23 22:00:00,1975.8,1974.76,-1.26,-5.73,11.8,0,Signal Exit,204
Long,False,1.0,2023-10-24 02:00:00,2023-10-24 06:00:00,1976.15,1973.44,-2.93,-5.03,11.59,0,Signal Exit,205
Long,False,1.0,2023-10-24 10:00:00,2023-10-24 14:00:00,1976.57,1976.41,-0.38,-2.15,10.43,0,Signal Exit,206
Long,False,1.0,2023-10-25 02:00:00,2023-10-25 06:00:00,1975.88,1970.92,-5.18,-5.11,10.98,0,Signal Exit,207
Long,False,1.0,2023-10-25 10:00:00,2023-10-25 14:00:00,1975.95,1972.8,-3.37,-5.24,9.81,0,Signal Exit,208
Long,False,1.0,2023-10-25 22:00:00,2023-10-26 02:00:00,1985.06,1983.1,-2.68,-22.2,10.81,24,Signal Exit,209
Long,False,1.0,2023-10-26 10:00:00,2023-10-26 22:00:00,1984.97,1978.62,-6.57,-10.39,11.28,0,Signal Exit,210
Long,False,1.0,2023-10-27 02:00:00,2023-10-27 06:00:00,1986.94,1984.55,-2.61,-4.62,10.85,0,Signal Exit,211
Long,False,1.0,2023-10-27 10:00:00,2023-10-27 18:00:00,1985.47,1985.83,0.14,-0.24,9.71,0,Signal Exit,212
Long,False,1.0,2023-10-28 02:00:00,2023-10-30 10:00:00,1996.71,2004.4,6.47,-0.85,9.47,48,Signal Exit,213
Long,False,1.0,2023-10-30 22:00:00,2023-10-31 02:00:00,1998.52,1997.92,-1.32,-6.54,9.89,24,Signal Exit,214
Long,False,1.0,2023-10-31 10:00:00,2023-10-31 14:00:00,1996.36,1993.02,-3.56,-5.82,8.18,0,Signal Exit,215
Long,False,1.0,2023-10-31 18:00:00,2023-11-01 02:00:00,1997.54,1984.15,-14.11,-14.21,10.19,24,Signal Exit,216
Long,False,1.0,2023-11-03 22:00:00,2023-11-04 02:00:00,1996.9,1993.14,-4.48,-8.31,8.31,24,Signal Exit,217
Long,False,1.0,2023-11-14 23:00:00,2023-11-15 03:00:00,1967.52,1962.73,-5.51,-5.85,8.49,24,Signal Exit,218
Long,False,1.0,2023-11-15 07:00:00,2023-11-15 23:00:00,1962.97,1957.44,-5.75,-7.55,8.21,0,Signal Exit,219
Long,True,2.3,2023-11-15 11:00:00,2023-11-15 23:00:00,1964.4,1957.44,-16.51,-20.65,8.21,0,Signal Exit,220
Long,False,1.0,2023-11-16 03:00:00,2023-11-16 07:00:00,1960.46,1960.14,-0.54,-1.44,8.07,0,Signal Exit,221
Long,False,1.0,2023-11-16 11:00:00,2023-11-16 19:00:00,1960.74,1965.08,4.12,-0.37,7.45,0,Signal Exit,222
Long,False,1.0,2023-11-16 23:00:00,2023-11-17 07:00:00,1979.69,1980.53,0.12,-0.52,7.49,24,Signal Exit,223
Long,False,1.0,2023-11-17 11:00:00,2023-11-17 15:00:00,1985.3,1983.51,-2.01,-2.64,7.67,0,Signal Exit,224
Long,False,1.0,2023-11-17 19:00:00,2023-11-17 23:00:00,1991.8,1980.38,-11.64,-12.42,8.66,0,Signal Exit,225
Long,False,1.0,2023-11-18 03:00:00,2023-11-20 07:00:00,1981.96,1977.76,-5.42,-2.96,7.46,48,Signal Exit,226
Long,False,1.0,2023-11-20 11:00:00,2023-11-20 15:00:00,1982.74,1980.25,-2.71,-3.87,7.87,0,Signal Exit,227
Long,True,2.0999999999999996,2023-11-21 07:00:00,2023-11-21 19:00:00,1978.12,1988.59,21.53,-0.69,8.09,0,Signal Exit,228
Long,False,1.0,2023-11-21 03:00:00,2023-11-21 19:00:00,1977.43,1988.59,10.94,-1.75,8.09,0,Signal Exit,229
Long,False,1.0,2023-11-21 23:00:00,2023-11-22 03:00:00,2005.35,1998.62,-7.45,-7.54,9.24,24,Signal Exit,230
Long,True,2.5,2023-11-22 19:00:00,2023-11-23 03:00:00,2001.13,1988.4,-33.63,-35.55,9.11,24,Signal Exit,231
Long,False,1.0,2023-11-22 15:00:00,2023-11-23 03:00:00,2000.85,1988.4,-13.17,-13.94,9.11,24,Signal Exit,232
Long,False,1.0,2023-11-23 07:00:00,2023-11-23 19:00:00,1988.83,1993.57,4.52,-0.07,7.81,0,Signal Exit,233
Long,False,1.0,2023-11-23 23:00:00,2023-11-24 03:00:00,1993.83,1992.03,-2.52,-4.02,7.28,24,Signal Exit,234
Long,False,1.0,2023-11-24 07:00:00,2023-11-24 11:00:00,1992.56,1992.28,-0.5,-1.12,5.39,0,Signal Exit,235
Long,True,2.5,2023-11-24 19:00:00,2023-11-27 15:00:00,1995.76,2009.66,30.45,-3.48,5.66,72,Signal Exit,236
Long,False,1.0,2023-11-24 15:00:00,2023-11-27 15:00:00,1993.6,2009.66,14.34,-1.52,5.66,72,Signal Exit,237
Long,False,1.0,2023-11-27 19:00:00,2023-11-27 23:00:00,2014.43,2011.37,-3.28,-4.66,5.9,0,Signal Exit,238
Long,False,1.0,2023-11-28 03:00:00,2023-11-28 19:00:00,2012.42,2014.59,1.95,-0.48,6.24,0,Signal Exit,239
Long,True,2.5,2023-11-28 07:00:00,2023-11-28 19:00:00,2013.5,2014.59,2.17,-3.9,6.24,0,Signal Exit,240
Long,False,1.0,2023-11-28 23:00:00,2023-11-29 15:00:00,2026.12,2044.71,17.87,-2.39,8.47,24,Signal Exit,241
Long,True,2.5,2023-11-29 03:00:00,2023-11-29 15:00:00,2039.46,2044.71,12.58,-0.05,8.47,0,Signal Exit,242
Long,False,1.0,2023-11-29 23:00:00,2023-11-30 07:00:00,2044.23,2044.63,-0.32,-5.11,8.29,24,Signal Exit,243
Long,True,2.5,2023-11-30 03:00:00,2023-11-30 07:00:00,2047.86,2044.63,-8.62,-12.67,8.29,0,Signal Exit,244
Long,False,1.0,2023-11-30 11:00:00,2023-11-30 15:00:00,2045.92,2045.87,-0.27,-4.49,8.15,0,Signal Exit,245
Long,False,1.0,2023-12-01 07:00:00,2023-12-01 23:00:00,2036.65,2042.4,5.53,-2.88,7.95,0,Signal Exit,246
Long,False,1.0,2023-12-02 03:00:00,2023-12-04 07:00:00,2071.87,2072.49,-0.6,-6.25,9.51,48,Signal Exit,247
Long,False,1.0,2023-12-04 11:00:00,2023-12-04 15:00:00,2088.12,2076.46,-11.88,-14.32,14.69,0,Signal Exit,248
Long,False,1.0,2023-12-14 07:00:00,2023-12-14 19:00:00,2024.58,2034.02,9.22,-0.67,10.94,0,Signal Exit,249
Long,False,1.0,2023-12-14 23:00:00,2023-12-15 03:00:00,2043.13,2031.15,-12.7,-14.06,12.74,24,Signal Exit,250
Long,False,1.0,2023-12-15 07:00:00,2023-12-15 11:00:00,2036.13,2036.12,-0.23,-4.83,12.03,0,Signal Exit,251
Long,False,1.0,2023-12-15 19:00:00,2023-12-15 23:00:00,2042.56,2033.37,-9.41,-15.61,13.16,0,Signal Exit,252
Long,False,1.0,2023-12-18 11:00:00,2023-12-18 19:00:00,2021.82,2019.27,-2.77,-2.75,10.34,0,Signal Exit,253
Long,False,1.0,2023-12-18 23:00:00,2023-12-19 11:00:00,2024.21,2024.57,-0.36,-3.88,8.43,24,Signal Exit,254
Long,True,1.7,2023-12-19 07:00:00,2023-12-19 11:00:00,2027.55,2024.57,-5.44,-7.45,8.43,0,Signal Exit,255
Long,False,1.0,2023-12-19 15:00:00,2023-12-20 03:00:00,2024.87,2038.97,13.38,-1.93,9.24,24,Signal Exit,256
Long,True,1.9,2023-12-19 19:00:00,2023-12-20 03:00:00,2025.65,2038.97,23.94,-0.49,9.24,24,Signal Exit,257
Long,False,1.0,2023-12-20 07:00:00,2023-12-20 11:00:00,2039.85,2039.92,-0.15,-3.13,7.1,0,Signal Exit,258
Long,False,1.0,2023-12-20 15:00:00,2023-12-20 19:00:00,2041.17,2035.91,-5.48,-5.55,6.95,0,Signal Exit,259
Long,False,1.0,2023-12-20 23:00:00,2023-12-21 03:00:00,2037.97,2036.23,-2.46,-7.49,7.43,24,Signal Exit,260
Long,False,1.0,2023-12-21 11:00:00,2023-12-21 15:00:00,2036.91,2036.95,-0.18,-2.55,7.13,0,Signal Exit,261
Long,False,1.0,2023-12-21 23:00:00,2023-12-22 03:00:00,2041.98,2039.07,-3.63,-5.3,7.85,24,Signal Exit,262
Long,False,1.0,2023-12-22 07:00:00,2023-12-22 15:00:00,2048.88,2047.67,-1.43,-2.1,7.22,0,Signal Exit,263
Long,True,2.1999999999999997,2023-12-22 11:00:00,2023-12-22 15:00:00,2050.14,2047.67,-5.92,-6.73,7.22,0,Signal Exit,264
Long,True,1.9,2023-12-22 23:00:00,2023-12-23 03:00:00,2068.45,2057.31,-22.53,-32.95,9.21,24,Signal Exit,265
Long,False,1.0,2023-12-22 19:00:00,2023-12-23 03:00:00,2055.74,2057.31,0.85,-4.63,9.21,24,Signal Exit,266
Long,False,1.0,2023-12-26 11:00:00,2023-12-26 15:00:00,2064.75,2064.07,-0.9,-3.38,8.74,0,Signal Exit,267
Long,True,2.5,2023-12-27 07:00:00,2023-12-27 11:00:00,2068.32,2065.27,-8.18,-10.95,8.48,0,Signal Exit,268
Long,False,1.0,2023-12-27 03:00:00,2023-12-27 11:00:00,2058.34,2065.27,6.71,-0.02,8.48,0,Signal Exit,269
Long,False,1.0,2023-12-27 23:00:00,2023-12-28 07:00:00,2070.2,2078.02,7.1,-1.26,7.9,24,Signal Exit,270
Long,True,2.5,2023-12-28 03:00:00,2023-12-28 07:00:00,2078.45,2078.02,-1.62,-5.95,7.9,0,Signal Exit,271
Long,False,1.0,2023-12-28 11:00:00,2023-12-28 15:00:00,2087.97,2085.8,-2.39,-3.71,7.21,0,Signal Exit,272
Long,False,1.0,2023-12-28 23:00:00,2023-12-29 03:00:00,2078.9,2072.76,-6.86,-7.49,8.1,24,Signal Exit,273
Long,False,1.0,2023-12-29 11:00:00,2023-12-29 19:00:00,2068.6,2064.75,-4.07,-6.79,8.4,0,Signal Exit,274
Long,False,1.0,2024-01-02 11:00:00,2024-01-02 23:00:00,2067.88,2070.38,2.28,-5.72,9.11,0,Signal Exit,275
Long,False,1.0,2024-01-12 11:00:00,2024-01-13 03:00:00,2033.97,2047.38,12.69,-1.16,10.65,24,Signal Exit,276
Long,False,1.0,2024-01-15 07:00:00,2024-01-15 15:00:00,2047.24,2055.39,7.93,-1.42,10.41,0,Signal Exit,277
Long,False,1.0,2024-01-16 03:00:00,2024-01-16 11:00:00,2054.45,2050.53,-4.14,-4.73,8.22,0,Signal Exit,278
Short,False,1.0,2024-01-18 07:00:00,2024-01-19 11:00:00,2006.56,2024.0,-18.22,-18.91,8.2,24,Stop Loss Exit,279
Long,False,1.0,2024-01-22 11:00:00,2024-01-22 15:00:00,2029.75,2020.87,-9.1,-9.7,7.14,0,Signal Exit,280
Long,False,1.0,2024-01-23 15:00:00,2024-01-23 19:00:00,2035.21,2025.1,-10.33,-10.46,8.15,0,Signal Exit,281
Long,False,1.0,2024-01-24 03:00:00,2024-01-24 11:00:00,2025.29,2024.16,-1.35,-1.34,7.61,0,Signal Exit,282
Long,False,1.0,2024-01-24 15:00:00,2024-01-24 23:00:00,2025.98,2024.69,-1.51,-3.36,8.22,0,Signal Exit,283
Short,False,1.0,2024-01-25 07:00:00,2024-01-26 19:00:00,2014.73,2023.43,-9.07,-10.63,7.71,24,Signal Exit,284
Short,False,1.0,2024-01-26 23:00:00,2024-01-29 11:00:00,2019.96,2025.43,-6.14,-8.49,6.61,72,Signal Exit,285
Short,False,1.0,2024-01-29 19:00:00,2024-01-30 03:00:00,2027.5,2025.86,1.27,-10.05,8.22,24,Signal Exit,286
Long,False,1.0,2024-01-30 07:00:00,2024-01-30 11:00:00,2032.98,2032.07,-1.13,-3.7,7.27,0,Signal Exit,287
Long,False,1.0,2024-01-30 15:00:00,2024-01-31 03:00:00,2034.49,2032.79,-2.42,-5.46,9.09,24,Signal Exit,288
Long,False,1.0,2024-01-31 07:00:00,2024-01-31 11:00:00,2037.06,2033.64,-3.64,-4.24,8.96,0,Signal Exit,289
Long,True,1.7999999999999998,2024-01-31 19:00:00,2024-02-01 03:00:00,2036.93,2046.05,15.12,-1.6,9.86,24,Signal Exit,290
Long,False,1.0,2024-01-31 15:00:00,2024-02-01 03:00:00,2034.31,2046.05,11.02,-0.37,9.86,24,Signal Exit,291
Long,False,1.0,2024-02-01 11:00:00,2024-02-01 15:00:00,2047.08,2043.6,-3.7,-4.71,9.88,0,Signal Exit,292
Long,False,1.0,2024-02-01 23:00:00,2024-02-02 07:00:00,2046.03,2054.89,8.14,-6.29,12.12,24,Signal Exit,293
Long,False,1.0,2024-02-02 15:00:00,2024-02-02 19:00:00,2055.54,2054.63,-1.13,-2.86,10.9,0,Signal Exit,294
Long,False,1.0,2024-02-05 07:00:00,2024-02-05 11:00:00,2039.72,2033.45,-6.49,-6.76,11.9,0,Signal Exit,295
Short,False,1.0,2024-02-06 07:00:00,2024-02-07 23:00:00,2024.78,2042.5,-18.09,-19.82,7.31,24,Signal Exit,296
Long,False,1.0,2024-02-07 23:00:00,2024-02-08 03:00:00,2042.5,2034.83,-8.39,-8.52,7.19,24,Signal Exit,297
Long,False,1.0,2024-02-09 11:00:00,2024-02-09 15:00:00,2034.43,2033.95,-0.7,-2.27,6.23,0,Signal Exit,298
Short,True,2.5,2024-02-14 07:00:00,2024-02-16 19:00:00,1993.16,2007.09,-36.12,-37.72,5.55,48,Signal Exit,299
Short,False,1.0,2024-02-12 07:00:00,2024-02-16 19:00:00,2025.28,2007.09,17.37,-6.98,5.55,96,Signal Exit,300
Short,False,1.0,2024-02-16 23:00:00,2024-02-17 03:00:00,1997.93,2013.87,-16.31,-17.14,7.07,24,Signal Exit,301
Short,False,1.0,2024-02-19 07:00:00,2024-02-19 11:00:00,2014.39,2022.3,-8.47,-8.48,6.88,0,Stop Loss Exit,302
Short,False,1.0,2024-02-19 15:00:00,2024-02-20 03:00:00,2021.36,2017.61,3.38,-1.59,7.14,24,Signal Exit,303
Short,False,1.0,2024-02-20 11:00:00,2024-02-20 15:00:00,2017.56,2019.42,-2.08,-3.25,5.95,0,Signal Exit,304
Short,False,1.0,2024-02-21 03:00:00,2024-02-21 11:00:00,2027.13,2027.84,-0.93,-1.98,5.14,0,Signal Exit,305
Short,False,1.0,2024-02-21 23:00:00,2024-02-22 07:00:00,2027.52,2025.73,1.42,-2.71,5.16,24,Signal Exit,306
Short,False,1.0,2024-02-22 23:00:00,2024-02-23 07:00:00,2024.91,2024.19,0.35,-0.41,5.4,24,Signal Exit,307
Short,False,1.0,2024-02-23 11:00:00,2024-02-23 19:00:00,2024.31,2022.93,1.16,-2.16,5.79,0,Signal Exit,308
Long,False,1.0,2024-02-26 15:00:00,2024-02-26 19:00:00,2032.69,2032.13,-0.78,-0.98,6.51,0,Signal Exit,309
Long,False,1.0,2024-02-27 03:00:00,2024-02-27 23:00:00,2029.3,2034.8,5.28,-0.74,6.24,0,Signal Exit,310
Short,False,1.0,2024-02-27 23:00:00,2024-02-28 11:00:00,2034.8,2030.97,3.46,-2.53,5.24,24,Signal Exit,311
Short,False,1.0,2024-02-28 15:00:00,2024-02-28 23:00:00,2029.3,2031.71,-2.63,-8.56,5.57,0,Signal Exit,312
Short,False,1.0,2024-02-29 03:00:00,2024-02-29 07:00:00,2031.5,2034.32,-3.04,-3.75,5.25,0,Signal Exit,313
Long,False,1.0,2024-02-29 07:00:00,2024-02-29 19:00:00,2034.32,2030.78,-3.76,-3.82,5.18,0,Signal Exit,314
Long,False,1.0,2024-02-29 23:00:00,2024-03-01 03:00:00,2048.1,2046.33,-2.49,-4.8,6.67,24,Signal Exit,315
Long,False,1.0,2024-03-01 11:00:00,2024-03-01 23:00:00,2045.39,2050.32,4.71,-6.35,7.72,0,Signal Exit,316
Long,False,1.0,2024-03-02 03:00:00,2024-03-04 07:00:00,2085.67,2082.79,-4.1,-2.87,9.85,48,Signal Exit,317
Long,False,1.0,2024-03-04 15:00:00,2024-03-05 07:00:00,2083.61,2114.01,29.68,-2.44,11.2,24,Signal Exit,318
Long,False,1.0,2024-03-05 15:00:00,2024-03-06 07:00:00,2117.22,2127.34,9.4,-3.26,12.99,24,Signal Exit,319
Long,False,1.0,2024-03-06 15:00:00,2024-03-06 19:00:00,2127.35,2125.62,-1.95,-3.01,10.38,0,Signal Exit,320
Long,False,1.0,2024-03-06 23:00:00,2024-03-07 23:00:00,2144.6,2153.99,8.67,-12.69,12.21,24,Signal Exit,321
Long,True,2.4,2024-03-07 03:00:00,2024-03-07 23:00:00,2147.1,2153.99,16.01,-18.36,12.21,0,Signal Exit,322
Long,False,1.0,2024-03-08 03:00:00,2024-03-08 11:00:00,2157.16,2155.34,-2.04,-2.14,10.32,0,Signal Exit,323
Long,True,2.5,2024-03-08 07:00:00,2024-03-08 11:00:00,2158.9,2155.34,-9.45,-9.7,10.32,0,Signal Exit,324
Long,False,1.0,2024-03-08 15:00:00,2024-03-11 14:00:00,2161.2,2178.16,15.24,-5.08,12.19,72,Signal Exit,325
Long,True,2.5,2024-03-08 19:00:00,2024-03-11 14:00:00,2168.5,2178.16,19.85,-30.95,12.19,72,Signal Exit,326
Long,True,2.5,2024-03-11 22:00:00,2024-03-12 02:00:00,2181.76,2179.75,-6.83,-15.33,12.24,24,Signal Exit,327
Long,False,1.0,2024-03-11 18:00:00,2024-03-12 02:00:00,2180.41,2179.75,-1.38,-5.62,12.24,24,Signal Exit,328
Long,False,1.0,2024-03-12 06:00:00,2024-03-12 14:00:00,2182.02,2176.2,-6.04,-7.83,11.45,0,Signal Exit,329
Long,True,2.5,2024-03-12 10:00:00,2024-03-12 14:00:00,2182.79,2176.2,-17.03,-21.5,11.45,0,Signal Exit,330
Long,False,1.0,2024-03-12 18:00:00,2024-03-12 22:00:00,2176.97,2160.5,-17.32,-20.81,12.51,0,Stop Loss Exit,331
Long,False,1.0,2024-03-13 22:00:00,2024-03-14 06:00:00,2166.02,2174.99,8.25,-2.53,9.48,24,Signal Exit,332
Long,False,1.0,2024-03-14 10:00:00,2024-03-14 14:00:00,2174.71,2168.89,-6.04,-6.11,9.06,0,Signal Exit,333
Long,False,1.0,2024-03-14 18:00:00,2024-03-14 22:00:00,2170.0,2162.33,-7.89,-11.53,9.3,0,Signal Exit,334
Long,False,1.0,2024-03-15 18:00:00,2024-03-15 22:00:00,2171.83,2160.08,-11.97,-15.37,8.51,0,Signal Exit,335
Long,False,1.0,2024-03-21 06:00:00,2024-03-21 22:00:00,2186.42,2191.48,4.84,-0.7,12.32,0,Signal Exit,336
Long,False,1.0,2024-03-22 06:00:00,2024-03-22 10:00:00,2181.08,2173.45,-7.85,-8.4,13.37,0,Signal Exit,337
Long,False,1.0,2024-03-22 14:00:00,2024-03-22 18:00:00,2174.21,2166.64,-7.79,-11.65,14.17,0,Signal Exit,338
Long,False,1.0,2024-03-22 22:00:00,2024-03-23 02:00:00,2178.17,2159.14,-19.75,-21.08,16.14,24,Signal Exit,339
Long,False,1.0,2024-03-25 10:00:00,2024-03-25 14:00:00,2175.15,2169.83,-5.54,-7.37,14.73,0,Signal Exit,340
Long,False,1.0,2024-03-25 22:00:00,2024-03-26 02:00:00,2177.14,2174.68,-3.18,-2.9,12.74,24,Signal Exit,341
Long,False,1.0,2024-03-26 14:00:00,2024-03-26 22:00:00,2172.92,2183.32,10.18,-3.32,12.32,0,Signal Exit,342
Long,False,1.0,2024-03-27 06:00:00,2024-03-27 10:00:00,2177.63,2175.14,-2.71,-4.49,10.49,0,Signal Exit,343
Long,False,1.0,2024-03-27 14:00:00,2024-03-28 02:00:00,2176.94,2190.42,12.76,-0.46,10.94,24,Signal Exit,344
Long,False,1.0,2024-03-28 06:00:00,2024-03-28 10:00:00,2191.12,2189.43,-1.91,-3.78,10.49,0,Signal Exit,345
Long,False,1.0,2024-03-28 14:00:00,2024-04-01 18:00:00,2197.2,2251.72,52.3,-6.34,13.52,96,Signal Exit,346
Long,True,1.3,2024-04-01 06:00:00,2024-04-01 18:00:00,2240.09,2251.72,14.83,-7.03,13.52,0,Signal Exit,347
Long,False,1.0,2024-04-02 06:00:00,2024-04-02 10:00:00,2250.97,2248.93,-2.26,-4.27,14.51,0,Signal Exit,348
Long,False,1.0,2024-04-02 14:00:00,2024-04-03 18:00:00,2253.55,2272.03,17.76,-2.8,14.44,24,Signal Exit,349
Long,True,1.0,2024-04-02 18:00:00,2024-04-03 18:00:00,2260.67,2272.03,10.64,-9.92,14.44,24,Signal Exit,350
Long,False,1.0,2024-04-03 22:00:00,2024-04-04 14:00:00,2274.93,2295.32,19.67,-0.77,13.24,24,Signal Exit,351
Long,True,2.0999999999999996,2024-04-04 02:00:00,2024-04-04 14:00:00,2294.93,2295.32,0.36,-2.2,13.24,0,Signal Exit,352
Long,False,1.0,2024-04-05 02:00:00,2024-04-05 06:00:00,2294.0,2291.01,-3.21,-14.32,13.92,0,Signal Exit,353
Long,False,1.0,2024-04-05 14:00:00,2024-04-08 10:00:00,2279.77,2324.14,42.65,-3.19,16.31,72,Signal Exit,354
Long,True,1.9,2024-04-08 06:00:00,2024-04-08 10:00:00,2322.14,2324.14,3.38,-36.57,16.31,0,Signal Exit,355
Long,False,1.0,2024-04-08 14:00:00,2024-04-08 22:00:00,2334.69,2327.43,-7.48,-12.02,19.15,0,Signal Exit,356
Long,True,1.7,2024-04-08 18:00:00,2024-04-08 22:00:00,2337.58,2327.43,-17.63,-25.35,19.15,0,Signal Exit,357
Long,True,1.5999999999999999,2024-04-09 06:00:00,2024-04-09 22:00:00,2337.97,2355.25,27.3,-1.84,18.56,0,Signal Exit,358
Long,False,1.0,2024-04-09 02:00:00,2024-04-09 22:00:00,2338.07,2355.25,16.96,-1.25,18.56,0,Signal Exit,359
Long,False,1.0,2024-04-10 06:00:00,2024-04-10 10:00:00,2352.83,2349.47,-3.58,-8.11,16.51,0,Signal Exit,360
Long,False,1.0,2024-04-10 14:00:00,2024-04-10 18:00:00,2357.6,2347.61,-10.21,-12.68,15.89,0,Signal Exit,361
Long,False,1.0,2024-04-11 02:00:00,2024-04-11 06:00:00,2337.65,2332.86,-5.01,-11.46,16.61,0,Signal Exit,362
Long,False,1.0,2024-04-11 10:00:00,2024-04-11 18:00:00,2340.52,2330.77,-9.97,-14.9,16.38,0,Signal Exit,363
Long,False,1.0,2024-04-11 22:00:00,2024-04-12 14:00:00,2343.33,2387.3,43.25,-10.98,17.13,24,Signal Exit,364
Long,True,1.7999999999999998,2024-04-12 06:00:00,2024-04-12 14:00:00,2371.25,2387.3,28.49,0.0,17.13,0,Signal Exit,365
Long,False,1.0,2024-04-12 18:00:00,2024-04-13 02:00:00,2398.14,2354.94,-45.06,-51.74,22.85,24,Stop Loss Exit,366
Long,True,1.7,2024-04-12 22:00:00,2024-04-13 02:00:00,2404.21,2354.94,-86.93,-98.28,22.85,24,Stop Loss Exit,367
Long,False,1.0,2024-04-15 10:00:00,2024-04-15 18:00:00,2355.64,2349.74,-6.12,-10.94,22.7,0,Signal Exit,368
Long,False,1.0,2024-04-16 02:00:00,2024-04-16 18:00:00,2365.51,2372.32,6.59,-2.49,24.7,0,Signal Exit,369
Long,False,1.0,2024-04-17 02:00:00,2024-04-17 06:00:00,2384.76,2383.05,-1.93,-6.37,26.3,0,Signal Exit,370
Long,False,1.0,2024-04-17 10:00:00,2024-04-17 14:00:00,2384.63,2377.52,-7.33,-10.41,19.88,0,Signal Exit,371
Long,False,1.0,2024-04-17 18:00:00,2024-04-18 02:00:00,2392.14,2372.5,-20.36,-31.09,21.02,24,Signal Exit,372
Long,False,1.0,2024-04-18 14:00:00,2024-04-19 06:00:00,2376.86,2378.46,0.88,-7.33,17.26,24,Signal Exit,373
Long,False,1.0,2024-04-19 10:00:00,2024-04-19 14:00:00,2409.47,2381.24,-28.45,-30.07,19.15,0,Signal Exit,374
Long,False,1.0,2024-04-20 02:00:00,2024-04-22 06:00:00,2393.77,2386.32,-8.67,-7.13,19.74,48,Signal Exit,375
Long,False,1.0,2024-04-26 14:00:00,2024-04-26 22:00:00,2337.84,2341.24,3.18,-1.0,14.24,0,Signal Exit,376
Long,False,1.0,2024-04-29 18:00:00,2024-04-29 22:00:00,2343.23,2334.0,-9.45,-17.67,14.24,0,Signal Exit,377
Long,False,1.0,2024-04-30 02:00:00,2024-04-30 06:00:00,2342.18,2334.34,-8.06,-9.21,13.64,0,Signal Exit,378
Long,False,1.0,2024-05-02 10:00:00,2024-05-02 14:00:00,2324.12,2315.0,-9.34,-11.15,13.07,0,Signal Exit,379
Long,False,1.0,2024-05-06 14:00:00,2024-05-07 02:00:00,2313.52,2324.67,10.43,-1.74,15.06,24,Signal Exit,380
Long,False,1.0,2024-05-07 22:00:00,2024-05-08 02:00:00,2318.47,2314.09,-5.1,-7.42,13.77,24,Signal Exit,381
Long,False,1.0,2024-05-08 14:00:00,2024-05-08 18:00:00,2317.64,2310.86,-7.0,-14.01,10.55,0,Signal Exit,382
Long,False,1.0,2024-05-09 02:00:00,2024-05-09 06:00:00,2313.81,2308.1,-5.93,-5.98,10.02,0,Signal Exit,383
Long,False,1.0,2024-05-09 14:00:00,2024-05-09 18:00:00,2316.53,2307.58,-9.17,-9.96,10.08,0,Signal Exit,384
Long,False,1.0,2024-05-09 22:00:00,2024-05-10 22:00:00,2324.32,2367.07,42.03,-0.97,13.08,24,Signal Exit,385
Long,True,1.3,2024-05-10 06:00:00,2024-05-10 22:00:00,2345.94,2367.07,27.18,-0.94,13.08,0,Signal Exit,386
Long,False,1.0,2024-05-11 02:00:00,2024-05-13 06:00:00,2369.7,2360.49,-10.43,-10.0,13.09,48,Signal Exit,387
Long,False,1.0,2024-05-13 22:00:00,2024-05-14 02:00:00,2344.08,2336.03,-8.77,-12.19,14.14,24,Signal Exit,388
Long,True,2.5,2024-05-15 06:00:00,2024-05-15 10:00:00,2357.2,2357.38,-0.1,-5.77,9.83,0,Signal Exit,389
Long,False,1.0,2024-05-14 06:00:00,2024-05-15 10:00:00,2336.24,2357.38,20.42,-1.43,9.83,24,Signal Exit,390
Long,False,1.0,2024-05-15 14:00:00,2024-05-15 22:00:00,2358.5,2358.06,-0.66,-6.7,11.27,0,Signal Exit,391
Long,True,2.5,2024-05-15 18:00:00,2024-05-15 22:00:00,2369.32,2358.06,-28.7,-43.8,11.27,0,Signal Exit,392
Long,False,1.0,2024-05-16 02:00:00,2024-05-16 06:00:00,2389.18,2385.57,-3.83,-5.62,12.35,0,Signal Exit,393
Long,False,1.0,2024-05-16 10:00:00,2024-05-16 14:00:00,2391.57,2390.2,-1.59,-5.03,12.53,0,Signal Exit,394
Long,False,1.0,2024-05-17 02:00:00,2024-05-17 06:00:00,2381.45,2377.48,-4.19,-5.6,12.36,0,Signal Exit,395
Long,False,1.0,2024-05-17 10:00:00,2024-05-20 18:00:00,2378.3,2441.7,61.68,-4.36,13.51,72,Signal Exit,396
Long,True,2.5,2024-05-20 06:00:00,2024-05-20 18:00:00,2419.4,2441.7,55.2,-7.25,13.51,0,Signal Exit,397
Long,False,1.0,2024-05-21 02:00:00,2024-05-21 06:00:00,2435.34,2427.25,-8.31,-12.04,16.44,0,Signal Exit,398
Long,False,1.0,2024-05-21 22:00:00,2024-05-22 02:00:00,2427.74,2419.87,-8.59,-9.87,19.17,24,Signal Exit,399
Long,False,1.0,2024-05-22 06:00:00,2024-05-22 14:00:00,2420.87,2417.04,-4.05,-9.42,17.16,0,Signal Exit,400
Long,False,1.0,2024-05-22 18:00:00,2024-05-22 22:00:00,2417.34,2410.49,-7.07,-12.7,15.39,0,Signal Exit,401
Long,False,1.0,2024-05-29 06:00:00,2024-05-29 10:00:00,2362.0,2356.42,-5.8,-6.36,9.27,0,Signal Exit,402
Long,False,1.0,2024-05-29 14:00:00,2024-05-29 18:00:00,2356.71,2345.68,-11.25,-15.99,9.95,0,Signal Exit,403
Long,False,1.0,2024-05-30 22:00:00,2024-05-31 02:00:00,2348.77,2344.34,-5.15,-7.89,12.12,24,Signal Exit,404
Long,False,1.0,2024-05-31 10:00:00,2024-05-31 14:00:00,2346.55,2342.29,-4.48,-9.72,10.52,0,Signal Exit,405
Long,False,1.0,2024-05-31 22:00:00,2024-06-01 02:00:00,2348.22,2325.96,-23.58,-24.29,12.01,24,Stop Loss Exit,406
Long,False,1.0,2024-06-04 02:00:00,2024-06-04 10:00:00,2348.44,2347.07,-1.59,-5.43,11.98,0,Signal Exit,407
Long,False,1.0,2024-06-04 14:00:00,2024-06-04 18:00:00,2347.74,2329.94,-18.69,-21.06,13.45,0,Stop Loss Exit,408
Short,False,1.0,2024-06-05 06:00:00,2024-06-05 14:00:00,2327.27,2337.3,-10.25,-14.37,12.16,0,Signal Exit,409
Short,False,1.0,2024-06-05 18:00:00,2024-06-05 22:00:00,2332.31,2345.41,-13.32,-13.62,12.4,0,Signal Exit,410
Long,False,1.0,2024-06-06 06:00:00,2024-06-06 18:00:00,2356.91,2361.55,4.42,-2.38,12.99,0,Signal Exit,411
Long,True,1.2,2024-06-07 06:00:00,2024-06-07 10:00:00,2376.81,2371.0,-7.24,-7.98,12.07,0,Signal Exit,412
Long,False,1.0,2024-06-07 02:00:00,2024-06-07 10:00:00,2373.12,2371.0,-2.34,-4.17,12.07,0,Signal Exit,413
Long,False,1.0,2024-06-07 14:00:00,2024-06-07 18:00:00,2375.9,2339.29,-37.62,-38.49,15.74,0,Stop Loss Exit,414
Short,False,1.0,2024-06-10 06:00:00,2024-06-12 22:00:00,2294.49,2329.79,-36.35,-47.11,10.53,48,Stop Loss Exit,415
Short,False,1.0,2024-06-13 06:00:00,2024-06-14 18:00:00,2324.3,2322.67,1.26,-2.37,13.63,24,Signal Exit,416
Short,False,1.0,2024-06-17 06:00:00,2024-06-17 18:00:00,2332.69,2320.08,12.39,0.0,10.73,0,Signal Exit,417
Short,False,1.0,2024-06-18 02:00:00,2024-06-18 06:00:00,2316.76,2320.03,-3.49,-3.99,10.32,0,Signal Exit,418
Short,False,1.0,2024-06-18 14:00:00,2024-06-18 22:00:00,2322.19,2326.71,-4.74,-5.56,10.73,0,Signal Exit,419
Short,False,1.0,2024-06-19 06:00:00,2024-06-19 10:00:00,2329.67,2330.15,-0.7,-1.28,9.33,0,Signal Exit,420
Short,False,1.0,2024-06-19 14:00:00,2024-06-19 22:00:00,2329.29,2328.04,1.03,-5.62,9.1,0,Signal Exit,421
Short,False,1.0,2024-06-20 06:00:00,2024-06-20 10:00:00,2329.97,2336.28,-6.53,-9.0,8.14,0,Signal Exit,422
Short,False,1.0,2024-06-20 18:00:00,2024-06-20 22:00:00,2334.62,2349.28,-14.88,-14.81,9.94,0,Signal Exit,423
Long,False,1.0,2024-06-21 06:00:00,2024-06-21 10:00:00,2360.22,2359.61,-0.83,-3.15,8.54,0,Signal Exit,424
Long,False,1.0,2024-06-21 14:00:00,2024-06-21 18:00:00,2364.49,2363.87,-0.84,-9.37,9.39,0,Signal Exit,425
Short,False,1.0,2024-06-24 06:00:00,2024-06-25 06:00:00,2318.53,2333.94,-15.78,-16.16,11.62,24,Signal Exit,426
Short,False,1.0,2024-06-25 10:00:00,2024-06-28 02:00:00,2325.78,2325.83,-0.72,-11.3,10.72,72,Signal Exit,427
Short,True,1.4999999999999998,2024-06-26 06:00:00,2024-06-28 02:00:00,2319.33,2325.83,-10.53,-17.34,10.72,48,Signal Exit,428
Short,False,1.0,2024-06-28 10:00:00,2024-06-28 14:00:00,2320.26,2325.65,-5.61,-6.75,9.96,0,Signal Exit,429
Short,False,1.0,2024-06-29 02:00:00,2024-07-01 10:00:00,2326.87,2327.81,-1.46,-1.7,8.37,48,Signal Exit,430
Short,False,1.0,2024-07-01 14:00:00,2024-07-01 18:00:00,2321.84,2327.48,-5.86,-7.63,9.01,0,Signal Exit,431
Short,False,1.0,2024-07-01 22:00:00,2024-07-02 02:00:00,2327.15,2329.21,-2.43,-7.13,9.48,24,Signal Exit,432
Short,False,1.0,2024-07-02 14:00:00,2024-07-02 22:00:00,2330.02,2334.44,-4.64,-6.78,9.56,0,Signal Exit,433
Short,False,1.0,2024-07-03 02:00:00,2024-07-03 06:00:00,2324.65,2330.13,-5.7,-6.68,9.65,0,Signal Exit,434
Short,False,1.0,2024-07-03 10:00:00,2024-07-03 14:00:00,2329.11,2333.34,-4.45,-6.69,9.38,0,Signal Exit,435
Long,False,1.0,2024-07-04 10:00:00,2024-07-04 14:00:00,2361.97,2356.82,-5.37,-6.47,9.52,0,Signal Exit,436
Long,False,1.0,2024-07-04 18:00:00,2024-07-05 02:00:00,2357.76,2356.26,-2.22,-2.43,9.38,24,Signal Exit,437
Long,False,1.0,2024-07-05 06:00:00,2024-07-05 18:00:00,2356.89,2362.35,5.24,-2.75,7.75,0,Signal Exit,438
Long,False,1.0,2024-07-05 22:00:00,2024-07-08 10:00:00,2383.08,2386.45,1.65,-8.66,8.86,72,Signal Exit,439
Long,False,1.0,2024-07-08 22:00:00,2024-07-09 02:00:00,2375.36,2357.21,-19.43,-24.59,11.17,24,Stop Loss Exit,440
Long,False,1.0,2024-07-09 06:00:00,2024-07-09 18:00:00,2359.15,2364.28,4.91,-0.92,11.84,0,Signal Exit,441
Long,False,1.0,2024-07-09 22:00:00,2024-07-10 02:00:00,2367.15,2361.86,-6.01,-17.94,13.38,24,Signal Exit,442
Long,False,1.0,2024-07-10 06:00:00,2024-07-11 02:00:00,2363.88,2373.03,8.43,-0.91,10.8,24,Signal Exit,443
Long,False,1.0,2024-07-11 10:00:00,2024-07-12 10:00:00,2375.93,2407.95,31.3,-1.61,10.48,24,Signal Exit,444
Long,True,2.5,2024-07-12 06:00:00,2024-07-12 10:00:00,2414.71,2407.95,-17.45,-19.18,10.48,0,Signal Exit,445
Long,False,1.0,2024-07-12 14:00:00,2024-07-12 18:00:00,2408.05,2404.83,-3.44,-7.71,10.63,0,Signal Exit,446
Long,False,1.0,2024-07-13 02:00:00,2024-07-15 06:00:00,2417.85,2412.67,-6.4,-6.63,11.27,48,Signal Exit,447
Long,False,1.0,2024-07-15 18:00:00,2024-07-17 14:00:00,2410.7,2465.34,53.42,-0.02,12.85,48,Signal Exit,448
Long,True,2.5,2024-07-15 22:00:00,2024-07-17 14:00:00,2418.7,2465.34,113.55,-1.4,12.85,48,Signal Exit,449
Long,True,2.1999999999999997,2024-07-17 22:00:00,2024-07-18 02:00:00,2482.89,2452.48,-68.49,-68.22,15.59,24,Signal Exit,450
Long,False,1.0,2024-07-17 18:00:00,2024-07-18 02:00:00,2475.13,2452.48,-23.37,-23.25,15.59,24,Signal Exit,451
Long,False,1.0,2024-07-18 06:00:00,2024-07-18 18:00:00,2458.43,2465.62,6.97,-1.07,14.94,0,Signal Exit,452
Long,True,2.1999999999999997,2024-07-18 10:00:00,2024-07-18 18:00:00,2462.4,2465.62,6.6,-4.6,14.94,0,Signal Exit,453
Long,False,1.0,2024-07-24 22:00:00,2024-07-25 02:00:00,2421.74,2409.17,-13.29,-13.74,12.57,24,Signal Exit,454
Long,False,1.0,2024-07-29 10:00:00,2024-07-29 14:00:00,2392.84,2392.68,-0.38,-2.66,13.91,0,Signal Exit,455
Long,False,1.0,2024-07-29 18:00:00,2024-07-29 22:00:00,2392.76,2392.11,-0.87,-7.4,12.14,0,Signal Exit,456
Long,False,1.0,2024-07-30 18:00:00,2024-07-31 10:00:00,2389.14,2409.03,19.17,-5.74,11.56,24,Signal Exit,457
Long,False,1.0,2024-07-31 14:00:00,2024-08-01 02:00:00,2417.79,2425.31,6.8,-2.38,12.41,24,Signal Exit,458
Long,False,1.0,2024-08-01 06:00:00,2024-08-01 14:00:00,2448.83,2446.93,-2.12,-11.61,13.37,0,Signal Exit,459
Long,False,1.0,2024-08-01 22:00:00,2024-08-02 02:00:00,2453.44,2439.34,-14.82,-17.76,16.69,24,Signal Exit,460
Long,False,1.0,2024-08-02 06:00:00,2024-08-02 18:00:00,2446.49,2463.91,17.2,-11.5,16.79,0,Signal Exit,461
Long,False,1.0,2024-08-02 22:00:00,2024-08-03 02:00:00,2469.76,2427.8,-43.73,-58.98,20.9,24,Stop Loss Exit,462
Long,False,1.0,2024-08-05 06:00:00,2024-08-05 10:00:00,2443.9,2439.43,-4.69,-30.38,23.07,0,Signal Exit,463
Long,False,1.0,2024-08-09 02:00:00,2024-08-09 10:00:00,2423.48,2427.2,3.5,-3.44,11.52,0,Signal Exit,464
Long,True,2.5,2024-08-09 06:00:00,2024-08-09 10:00:00,2426.4,2427.2,1.45,-15.9,11.52,0,Signal Exit,465
Long,True,2.5,2024-08-09 22:00:00,2024-08-12 10:00:00,2426.65,2426.04,-5.83,-5.1,10.42,72,Signal Exit,466
Long,False,1.0,2024-08-09 18:00:00,2024-08-12 10:00:00,2423.57,2426.04,0.75,-2.6,10.42,72,Signal Exit,467
Long,False,1.0,2024-08-12 14:00:00,2024-08-13 10:00:00,2434.69,2466.31,30.9,-1.03,11.44,24,Signal Exit,468
Long,True,2.5,2024-08-13 06:00:00,2024-08-13 10:00:00,2470.67,2466.31,-11.45,-25.13,11.44,0,Signal Exit,469
Long,False,1.0,2024-08-13 22:00:00,2024-08-14 02:00:00,2472.92,2467.68,-5.96,-8.78,11.92,24,Signal Exit,470
Long,False,1.0,2024-08-14 10:00:00,2024-08-14 14:00:00,2465.49,2462.01,-3.7,-10.22,11.84,0,Signal Exit,471
Long,False,1.0,2024-08-14 18:00:00,2024-08-14 22:00:00,2472.88,2457.36,-15.74,-23.52,13.87,0,Signal Exit,472
Long,False,1.0,2024-08-15 06:00:00,2024-08-15 22:00:00,2447.37,2444.53,-3.06,-15.32,13.89,0,Signal Exit,473
Long,False,1.0,2024-08-16 02:00:00,2024-08-16 14:00:00,2455.45,2455.79,0.12,-4.67,13.59,0,Signal Exit,474
Long,False,1.0,2024-08-16 18:00:00,2024-08-19 10:00:00,2463.33,2498.17,33.12,-0.53,14.34,72,Signal Exit,475
Long,True,2.0999999999999996,2024-08-19 06:00:00,2024-08-19 10:00:00,2508.95,2498.17,-23.1,-29.27,14.34,0,Signal Exit,476
Long,False,1.0,2024-08-19 14:00:00,2024-08-19 18:00:00,2501.13,2499.95,-1.4,-1.52,14.47,0,Signal Exit,477
Long,False,1.0,2024-08-20 02:00:00,2024-08-20 10:00:00,2502.95,2501.98,-1.19,-1.62,12.58,0,Signal Exit,478
Long,True,2.4,2024-08-20 06:00:00,2024-08-20 10:00:00,2503.33,2501.98,-3.77,-4.8,12.58,0,Signal Exit,479
Long,True,2.1999999999999997,2024-08-20 22:00:00,2024-08-21 02:00:00,2529.63,2510.64,-43.36,-63.21,15.48,24,Signal Exit,480
Long,False,1.0,2024-08-20 18:00:00,2024-08-21 02:00:00,2521.74,2510.64,-11.82,-20.84,15.48,24,Signal Exit,481
Long,True,2.5,2024-08-21 10:00:00,2024-08-21 14:00:00,2516.84,2515.28,-4.45,-9.52,11.89,0,Signal Exit,482
Long,False,1.0,2024-08-21 06:00:00,2024-08-21 14:00:00,2513.47,2515.28,1.59,-2.84,11.89,0,Signal Exit,483
Long,False,1.0,2024-08-22 02:00:00,2024-08-22 10:00:00,2509.6,2507.56,-2.26,-2.55,12.29,0,Signal Exit,484
Long,True,2.5,2024-08-22 06:00:00,2024-08-22 10:00:00,2511.58,2507.56,-10.6,-11.32,12.29,0,Signal Exit,485
Long,False,1.0,2024-08-22 18:00:00,2024-08-22 22:00:00,2507.29,2487.79,-19.72,-24.29,14.42,0,Signal Exit,486
Long,False,1.0,2024-08-24 02:00:00,2024-08-26 14:00:00,2510.93,2510.54,-1.61,-3.05,10.9,48,Signal Exit,487
Long,True,2.5,2024-08-26 06:00:00,2024-08-26 14:00:00,2511.71,2510.54,-3.48,-7.43,10.9,0,Signal Exit,488
Long,False,1.0,2024-08-26 18:00:00,2024-08-26 22:00:00,2524.99,2515.97,-9.24,-9.61,11.64,0,Signal Exit,489
Long,False,1.0,2024-08-27 02:00:00,2024-08-27 06:00:00,2518.21,2518.1,-0.33,-2.63,10.39,0,Signal Exit,490
Long,False,1.0,2024-08-27 14:00:00,2024-08-27 18:00:00,2513.55,2508.86,-4.91,-10.28,10.46,0,Signal Exit,491
Long,False,1.0,2024-08-27 22:00:00,2024-08-28 10:00:00,2511.81,2517.17,4.64,-4.27,10.01,24,Signal Exit,492
Long,True,2.5,2024-08-28 02:00:00,2024-08-28 10:00:00,2519.97,2517.17,-7.55,-8.4,10.01,0,Signal Exit,493
Long,False,1.0,2024-08-28 18:00:00,2024-08-28 22:00:00,2510.22,2506.59,-3.85,-16.79,11.47,0,Signal Exit,494
Long,False,1.0,2024-08-29 10:00:00,2024-08-29 22:00:00,2513.15,2516.72,3.35,-9.66,11.93,0,Signal Exit,495
Long,False,1.0,2024-08-30 02:00:00,2024-08-30 06:00:00,2525.93,2520.86,-5.29,-5.3,11.52,0,Signal Exit,496
Long,False,1.0,2024-08-30 18:00:00,2024-08-30 22:00:00,2524.21,2515.29,-9.14,-11.51,11.05,0,Signal Exit,497
Long,False,1.0,2024-09-05 14:00:00,2024-09-05 22:00:00,2501.88,2515.25,13.15,-1.13,12.05,0,Signal Exit,498
Long,True,1.4999999999999998,2024-09-06 06:00:00,2024-09-06 10:00:00,2516.58,2513.83,-4.46,-4.68,9.59,0,Signal Exit,499
Long,False,1.0,2024-09-06 02:00:00,2024-09-06 10:00:00,2515.09,2513.83,-1.48,-1.63,9.59,0,Signal Exit,500
Long,False,1.0,2024-09-06 14:00:00,2024-09-06 18:00:00,2520.03,2519.09,-1.16,-4.52,9.85,0,Signal Exit,501
Long,False,1.0,2024-09-09 22:00:00,2024-09-10 10:00:00,2499.74,2503.83,3.37,-6.45,11.25,24,Signal Exit,502
Long,False,1.0,2024-09-10 14:00:00,2024-09-11 22:00:00,2503.91,2509.58,4.95,-3.95,10.01,24,Signal Exit,503
Long,False,1.0,2024-09-12 02:00:00,2024-09-12 06:00:00,2514.58,2511.59,-3.21,-4.96,10.14,0,Signal Exit,504
Long,False,1.0,2024-09-12 10:00:00,2024-09-12 18:00:00,2513.2,2518.72,5.3,-2.31,9.78,0,Signal Exit,505
Long,True,1.2,2024-09-13 06:00:00,2024-09-16 06:00:00,2558.09,2578.64,22.6,-1.63,12.49,72,Signal Exit,506
Long,False,1.0,2024-09-12 22:00:00,2024-09-16 06:00:00,2544.93,2578.64,31.49,-3.04,12.49,96,Signal Exit,507
Long,False,1.0,2024-09-16 10:00:00,2024-09-16 18:00:00,2581.68,2585.54,3.64,-2.04,11.98,0,Signal Exit,508
Long,True,2.5,2024-09-16 14:00:00,2024-09-16 18:00:00,2588.71,2585.54,-8.48,-22.68,11.98,0,Signal Exit,509
Long,False,1.0,2024-09-16 22:00:00,2024-09-17 02:00:00,2588.21,2582.67,-6.26,-12.02,12.69,24,Signal Exit,510
Long,False,1.0,2024-09-17 10:00:00,2024-09-17 14:00:00,2582.53,2579.38,-3.37,-7.98,9.93,0,Signal Exit,511
Long,False,1.0,2024-09-17 22:00:00,2024-09-18 02:00:00,2573.81,2569.89,-4.64,-13.18,11.41,24,Signal Exit,512
Long,False,1.0,2024-09-18 10:00:00,2024-09-18 14:00:00,2572.37,2567.67,-4.92,-6.72,10.31,0,Signal Exit,513
Long,False,1.0,2024-09-18 18:00:00,2024-09-18 22:00:00,2572.0,2571.82,-0.4,-3.34,10.61,0,Signal Exit,514
Long,False,1.0,2024-09-19 14:00:00,2024-09-19 22:00:00,2574.51,2574.99,0.26,-4.74,16.05,0,Signal Exit,515
Long,False,1.0,2024-09-20 02:00:00,2024-09-20 06:00:00,2590.56,2586.34,-4.44,-4.65,15.84,0,Signal Exit,516
Long,True,2.0999999999999996,2024-09-20 14:00:00,2024-09-23 10:00:00,2594.53,2620.08,50.04,-0.59,16.62,72,Signal Exit,517
Long,False,1.0,2024-09-20 10:00:00,2024-09-23 10:00:00,2588.15,2620.08,30.21,-0.81,16.62,72,Signal Exit,518
Long,False,1.0,2024-09-23 14:00:00,2024-09-23 18:00:00,2629.95,2621.54,-8.63,-16.31,14.13,0,Signal Exit,519
Long,False,1.0,2024-09-23 22:00:00,2024-09-24 02:00:00,2631.96,2628.04,-4.64,-6.13,12.92,24,Signal Exit,520
Long,False,1.0,2024-09-24 06:00:00,2024-09-24 14:00:00,2627.14,2625.32,-2.04,-3.35,11.24,0,Signal Exit,521
Long,True,2.5,2024-09-24 10:00:00,2024-09-24 14:00:00,2629.05,2625.32,-9.88,-10.23,11.24,0,Signal Exit,522
Long,False,1.0,2024-09-24 18:00:00,2024-09-25 14:00:00,2630.92,2657.19,25.55,-7.57,11.47,24,Signal Exit,523
Long,True,2.5,2024-09-24 22:00:00,2024-09-25 14:00:00,2635.59,2657.19,52.2,-2.78,11.47,24,Signal Exit,524
Long,False,1.0,2024-09-25 22:00:00,2024-09-26 02:00:00,2664.33,2660.57,-4.48,-14.78,11.69,24,Signal Exit,525
Long,False,1.0,2024-09-26 10:00:00,2024-09-26 22:00:00,2660.87,2660.92,-0.17,-6.11,12.65,0,Signal Exit,526
Long,False,1.0,2024-09-27 02:00:00,2024-09-27 10:00:00,2670.95,2669.52,-1.65,-4.79,11.6,0,Signal Exit,527
Long,True,2.5,2024-09-27 06:00:00,2024-09-27 10:00:00,2671.83,2669.52,-6.32,-14.18,11.6,0,Signal Exit,528
Long,False,1.0,2024-09-27 22:00:00,2024-09-28 02:00:00,2665.69,2645.28,-21.77,-22.72,12.73,24,Stop Loss Exit,529
Long,False,1.0,2024-09-30 06:00:00,2024-09-30 10:00:00,2658.32,2652.64,-5.9,-10.81,13.05,0,Signal Exit,530
Long,False,1.0,2024-09-30 14:00:00,2024-09-30 18:00:00,2657.84,2649.74,-8.32,-9.52,13.75,0,Signal Exit,531
Long,False,1.0,2024-10-01 22:00:00,2024-10-02 02:00:00,2667.53,2662.5,-5.75,-13.65,14.84,24,Signal Exit,532
Long,False,1.0,2024-10-02 06:00:00,2024-10-02 10:00:00,2662.0,2660.48,-1.74,-5.75,13.28,0,Signal Exit,533
Long,False,1.0,2024-10-02 22:00:00,2024-10-03 02:00:00,2659.7,2652.21,-8.21,-18.79,13.93,24,Signal Exit,534
Long,False,1.0,2024-10-03 06:00:00,2024-10-03 10:00:00,2658.41,2658.21,-0.42,-3.43,12.78,0,Signal Exit,535
Long,False,1.0,2024-10-04 02:00:00,2024-10-04 06:00:00,2656.78,2656.96,-0.04,-1.33,12.86,0,Signal Exit,536
Long,False,1.0,2024-10-04 10:00:00,2024-10-04 18:00:00,2658.44,2657.5,-1.16,-1.62,12.29,0,Signal Exit,537
Long,False,1.0,2024-10-07 06:00:00,2024-10-07 10:00:00,2650.82,2646.22,-4.82,-7.02,13.25,0,Signal Exit,538
Long,False,1.0,2024-10-07 18:00:00,2024-10-07 22:00:00,2656.53,2642.69,-14.06,-18.73,15.01,0,Signal Exit,539
Long,False,1.0,2024-10-11 10:00:00,2024-10-11 18:00:00,2637.74,2637.81,-0.15,-2.45,11.2,0,Signal Exit,540
Long,False,1.0,2024-10-11 22:00:00,2024-10-14 06:00:00,2649.79,2652.37,0.86,-3.39,11.25,72,Signal Exit,541
Long,False,1.0,2024-10-14 14:00:00,2024-10-14 18:00:00,2658.85,2658.38,-0.69,-2.09,12.38,0,Signal Exit,542
Long,False,1.0,2024-10-15 18:00:00,2024-10-15 22:00:00,2653.59,2648.73,-5.08,-7.89,11.88,0,Signal Exit,543
Long,False,1.0,2024-10-16 02:00:00,2024-10-16 06:00:00,2663.72,2662.08,-1.86,-4.27,11.95,0,Signal Exit,544
Long,False,1.0,2024-10-16 10:00:00,2024-10-16 22:00:00,2668.02,2675.26,7.02,-2.79,11.37,0,Signal Exit,545
Long,False,1.0,2024-10-17 02:00:00,2024-10-17 06:00:00,2675.26,2674.0,-1.48,-2.48,11.06,0,Signal Exit,546
Long,False,1.0,2024-10-17 10:00:00,2024-10-17 18:00:00,2682.99,2679.46,-3.75,-8.35,11.37,0,Signal Exit,547
Long,False,1.0,2024-10-17 22:00:00,2024-10-18 18:00:00,2688.8,2711.17,21.65,-5.14,10.81,24,Signal Exit,548
Long,False,1.0,2024-10-18 22:00:00,2024-10-21 14:00:00,2713.71,2724.87,9.44,-1.56,10.27,72,Signal Exit,549
Long,True,1.4999999999999998,2024-10-21 06:00:00,2024-10-21 14:00:00,2720.62,2724.87,6.04,-1.11,10.27,0,Signal Exit,550
Long,False,1.0,2024-10-21 18:00:00,2024-10-22 02:00:00,2734.46,2722.86,-12.32,-17.64,11.7,24,Signal Exit,551
Long,True,1.4000000000000001,2024-10-21 22:00:00,2024-10-22 02:00:00,2739.15,2722.86,-23.81,-31.26,11.7,24,Signal Exit,552
Long,True,2.5,2024-10-23 06:00:00,2024-10-23 10:00:00,2747.67,2738.64,-23.13,-24.45,11.0,0,Signal Exit,553
Long,False,1.0,2024-10-22 10:00:00,2024-10-23 10:00:00,2728.08,2738.64,9.84,-0.27,11.0,24,Signal Exit,554
Long,False,1.0,2024-10-23 14:00:00,2024-10-23 18:00:00,2751.7,2750.64,-1.28,-3.61,11.65,0,Signal Exit,555
Long,False,1.0,2024-10-24 10:00:00,2024-10-24 22:00:00,2723.82,2733.62,9.58,-3.77,12.96,0,Signal Exit,556
Long,False,1.0,2024-10-25 02:00:00,2024-10-25 10:00:00,2735.52,2729.99,-5.75,-5.78,12.19,0,Signal Exit,557
Long,True,1.2,2024-10-25 06:00:00,2024-10-25 10:00:00,2735.48,2729.99,-6.85,-6.89,12.19,0,Signal Exit,558
Long,False,1.0,2024-10-26 02:00:00,2024-10-28 10:00:00,2744.42,2732.43,-13.21,-19.72,11.5,48,Signal Exit,559
Long,True,1.3,2024-10-28 06:00:00,2024-10-28 10:00:00,2732.1,2732.43,0.14,-9.62,11.5,0,Signal Exit,560
Long,False,1.0,2024-10-28 14:00:00,2024-10-28 18:00:00,2738.36,2729.26,-9.32,-9.98,12.06,0,Signal Exit,561
Long,False,1.0,2024-10-28 22:00:00,2024-10-29 06:00:00,2740.74,2741.48,0.02,-1.73,11.46,24,Signal Exit,562
Long,True,1.3,2024-10-29 02:00:00,2024-10-29 06:00:00,2743.41,2741.48,-2.79,-4.17,11.46,0,Signal Exit,563
Long,False,1.0,2024-10-29 10:00:00,2024-10-29 14:00:00,2752.03,2749.97,-2.28,-3.4,11.64,0,Signal Exit,564
Long,False,1.0,2024-10-29 18:00:00,2024-10-30 22:00:00,2752.36,2777.55,24.47,-6.1,11.09,24,Signal Exit,565
Long,True,2.5,2024-10-30 06:00:00,2024-10-30 22:00:00,2773.41,2777.55,9.8,-6.85,11.09,0,Signal Exit,566
Long,False,1.0,2024-10-31 02:00:00,2024-10-31 06:00:00,2788.63,2786.9,-1.95,-4.25,10.5,0,Signal Exit,567
Long,False,1.0,2024-10-31 14:00:00,2024-10-31 18:00:00,2785.08,2778.14,-7.16,-8.11,10.5,0,Signal Exit,568
Short,False,1.0,2024-11-12 07:00:00,2024-11-18 11:00:00,2620.14,2590.94,27.24,-6.77,16.85,144,Stop Loss Exit,569
Short,False,1.0,2024-11-18 15:00:00,2024-11-18 19:00:00,2586.02,2594.1,-8.3,-11.28,16.39,0,Signal Exit,570
Short,False,1.0,2024-11-19 23:00:00,2024-11-20 03:00:00,2623.23,2630.28,-7.42,-9.91,14.61,24,Signal Exit,571
Short,False,1.0,2024-11-20 15:00:00,2024-11-20 23:00:00,2629.39,2643.1,-13.93,-16.94,13.0,0,Signal Exit,572
Short,False,1.0,2024-11-21 23:00:00,2024-11-22 03:00:00,2664.99,2672.48,-7.86,-8.15,12.53,24,Signal Exit,573
Long,False,1.0,2024-11-22 11:00:00,2024-11-22 23:00:00,2686.0,2694.61,8.39,-4.54,14.11,0,Signal Exit,574
Long,False,1.0,2024-11-23 03:00:00,2024-11-25 11:00:00,2711.01,2695.29,-16.94,-18.62,14.47,48,Signal Exit,575
Long,False,1.0,2024-11-25 19:00:00,2024-11-25 23:00:00,2677.72,2641.36,-36.58,-44.39,20.16,0,Signal Exit,576
Short,False,1.0,2024-11-26 07:00:00,2024-11-29 11:00:00,2626.21,2657.39,-31.85,-36.39,12.55,72,Signal Exit,577
Short,False,1.0,2024-11-29 19:00:00,2024-12-02 23:00:00,2662.68,2645.7,16.31,-2.31,12.89,72,Signal Exit,578
Short,False,1.0,2024-12-03 03:00:00,2024-12-03 15:00:00,2637.14,2647.04,-10.12,-12.98,14.07,0,Signal Exit,579
Short,False,1.0,2024-12-03 19:00:00,2024-12-03 23:00:00,2642.74,2646.96,-4.44,-12.9,13.12,0,Signal Exit,580
Short,False,1.0,2024-12-04 03:00:00,2024-12-04 11:00:00,2645.91,2645.9,-0.21,-2.19,12.71,0,Signal Exit,581
Short,False,1.0,2024-12-04 19:00:00,2024-12-04 23:00:00,2644.33,2649.22,-5.11,-9.13,12.73,0,Signal Exit,582
Short,False,1.0,2024-12-05 03:00:00,2024-12-05 07:00:00,2648.9,2649.02,-0.34,-6.61,12.06,0,Signal Exit,583
Short,False,1.0,2024-12-05 11:00:00,2024-12-05 15:00:00,2646.5,2646.86,-0.58,-9.05,11.55,0,Signal Exit,584
Short,False,1.0,2024-12-05 23:00:00,2024-12-09 11:00:00,2640.21,2646.07,-7.34,-10.11,13.19,96,Stop Loss Exit,585
Short,True,1.3,2024-12-09 07:00:00,2024-12-09 11:00:00,2646.71,2646.07,-0.31,-4.69,13.19,0,Stop Loss Exit,586
Short,False,1.0,2024-12-09 15:00:00,2024-12-09 19:00:00,2643.72,2657.6,-14.1,-14.65,14.05,0,Signal Exit,587
Short,False,1.0,2024-12-10 03:00:00,2024-12-10 11:00:00,2662.89,2669.08,-6.41,-8.62,14.21,0,Signal Exit,588
Long,False,1.0,2024-12-11 07:00:00,2024-12-11 15:00:00,2693.45,2696.53,2.86,-18.13,14.71,0,Signal Exit,589
Long,False,1.0,2024-12-11 23:00:00,2024-12-12 11:00:00,2706.2,2706.04,-0.88,-9.93,14.38,24,Signal Exit,590
Long,False,1.0,2024-12-12 15:00:00,2024-12-12 19:00:00,2718.45,2711.5,-7.17,-8.67,14.64,0,Signal Exit,591
Long,False,1.0,2024-12-13 11:00:00,2024-12-13 19:00:00,2686.68,2666.69,-20.21,-21.48,16.67,0,Signal Exit,592
Short,False,1.0,2024-12-16 07:00:00,2024-12-23 15:00:00,2650.0,2631.71,17.02,-14.43,15.42,168,Signal Exit,593
Short,True,1.0,2024-12-16 11:00:00,2024-12-23 15:00:00,2652.01,2631.71,19.03,-12.42,15.42,168,Signal Exit,594
Short,False,1.0,2024-12-23 19:00:00,2024-12-26 11:00:00,2619.37,2627.55,-8.85,-8.55,10.24,72,Signal Exit,595
Short,True,2.5,2024-12-24 07:00:00,2024-12-26 11:00:00,2611.64,2627.55,-41.08,-40.7,10.24,48,Signal Exit,596
Short,False,1.0,2024-12-26 15:00:00,2024-12-26 19:00:00,2626.0,2628.76,-2.98,-3.39,9.17,0,Signal Exit,597
Short,False,1.0,2024-12-27 07:00:00,2024-12-27 15:00:00,2632.68,2634.59,-2.13,-4.35,7.38,0,Signal Exit,598
Short,False,1.0,2024-12-27 19:00:00,2024-12-30 07:00:00,2626.63,2619.8,6.16,-5.01,9.07,72,Signal Exit,599
Short,False,1.0,2024-12-30 15:00:00,2025-01-01 03:00:00,2619.13,2624.99,-6.38,-8.47,11.08,48,Signal Exit,600
Short,True,1.4999999999999998,2024-12-31 07:00:00,2025-01-01 03:00:00,2606.02,2624.99,-29.01,-32.37,11.08,24,Signal Exit,601
Short,False,1.0,2025-01-02 07:00:00,2025-01-02 11:00:00,2624.91,2634.86,-10.17,-11.63,10.52,0,Signal Exit,602
Short,False,1.0,2025-01-02 15:00:00,2025-01-02 19:00:00,2634.26,2642.68,-8.64,-11.95,10.84,0,Signal Exit,603
Short,False,1.0,2025-01-03 15:00:00,2025-01-06 11:00:00,2659.55,2644.41,14.47,0.0,10.35,72,Signal Exit,604
Short,False,1.0,2025-01-06 15:00:00,2025-01-06 19:00:00,2631.53,2633.69,-2.38,-4.25,10.81,0,Signal Exit,605
Short,False,1.0,2025-01-06 23:00:00,2025-01-07 03:00:00,2631.54,2634.66,-3.49,-9.66,12.69,24,Signal Exit,606
Short,False,1.0,2025-01-08 03:00:00,2025-01-08 11:00:00,2649.06,2648.72,0.12,-2.54,11.87,0,Signal Exit,607
Short,False,1.0,2025-01-09 03:00:00,2025-01-09 07:00:00,2653.49,2661.56,-8.29,-10.65,11.25,0,Signal Exit,608
Long,False,1.0,2025-01-09 07:00:00,2025-01-09 11:00:00,2661.56,2658.93,-2.85,-5.2,10.89,0,Signal Exit,609
Long,False,1.0,2025-01-09 15:00:00,2025-01-10 03:00:00,2666.63,2671.49,4.14,-6.27,12.05,24,Signal Exit,610
Long,False,1.0,2025-01-10 11:00:00,2025-01-11 03:00:00,2673.48,2687.33,13.13,-9.6,12.63,24,Signal Exit,611
Long,False,1.0,2025-01-13 07:00:00,2025-01-13 11:00:00,2688.79,2688.58,-0.43,-9.54,11.26,0,Signal Exit,612
Long,False,1.0,2025-01-13 15:00:00,2025-01-13 19:00:00,2689.75,2679.31,-10.66,-12.46,11.42,0,Signal Exit,613
Long,False,1.0,2025-01-14 11:00:00,2025-01-14 15:00:00,2670.46,2669.1,-1.58,-3.15,12.03,0,Signal Exit,614
Long,False,1.0,2025-01-15 03:00:00,2025-01-15 11:00:00,2672.3,2673.45,0.93,-3.04,10.7,0,Signal Exit,615
Long,False,1.0,2025-01-15 15:00:00,2025-01-15 23:00:00,2681.14,2682.09,0.73,-3.08,11.2,0,Signal Exit,616
Long,False,1.0,2025-01-16 03:00:00,2025-01-16 15:00:00,2694.03,2693.98,-0.27,-4.23,10.37,0,Signal Exit,617
Long,False,1.0,2025-01-16 19:00:00,2025-01-17 03:00:00,2707.78,2715.3,6.8,-7.55,11.75,24,Signal Exit,618
Long,False,1.0,2025-01-17 11:00:00,2025-01-17 15:00:00,2715.79,2712.65,-3.36,-5.34,10.98,0,Signal Exit,619
Long,False,1.0,2025-01-17 23:00:00,2025-01-18 03:00:00,2711.52,2705.63,-6.61,-6.21,11.33,24,Signal Exit,620
Long,False,1.0,2025-01-20 15:00:00,2025-01-20 19:00:00,2711.67,2708.36,-3.53,-8.96,11.12,0,Signal Exit,621
Long,False,1.0,2025-01-20 23:00:00,2025-01-21 07:00:00,2710.46,2706.81,-4.37,-7.44,9.79,24,Signal Exit,622
Long,False,1.0,2025-01-21 11:00:00,2025-01-21 15:00:00,2724.69,2724.19,-0.72,-3.49,10.78,0,Signal Exit,623
Long,False,1.0,2025-01-21 23:00:00,2025-01-22 15:00:00,2738.12,2747.02,8.18,-3.54,12.15,24,Signal Exit,624
Long,True,2.5,2025-01-22 07:00:00,2025-01-22 15:00:00,2744.8,2747.02,5.0,-7.28,12.15,0,Signal Exit,625
Long,False,1.0,2025-01-22 19:00:00,2025-01-22 23:00:00,2760.03,2753.95,-6.3,-9.57,11.98,0,Signal Exit,626
Long,False,1.0,2025-01-23 03:00:00,2025-01-23 07:00:00,2757.87,2755.7,-2.39,-3.23,11.49,0,Signal Exit,627
Long,False,1.0,2025-01-23 15:00:00,2025-01-23 19:00:00,2753.22,2751.33,-2.11,-12.29,10.75,0,Signal Exit,628
Long,False,1.0,2025-01-24 03:00:00,2025-01-24 07:00:00,2755.85,2754.8,-1.27,-4.42,10.52,0,Signal Exit,629
Long,False,1.0,2025-01-24 11:00:00,2025-01-24 15:00:00,2774.15,2773.91,-0.46,-3.56,11.41,0,Signal Exit,630
Long,False,1.0,2025-01-24 19:00:00,2025-01-25 03:00:00,2775.76,2773.42,-3.06,-5.75,11.17,24,Signal Exit,631
Long,True,2.5,2025-01-24 23:00:00,2025-01-25 03:00:00,2778.43,2773.42,-14.32,-21.05,11.17,24,Signal Exit,632
Long,False,1.0,2025-01-27 19:00:00,2025-01-27 23:00:00,2768.06,2751.33,-16.95,-23.23,14.77,0,Signal Exit,633
Long,True,2.4,2025-01-29 07:00:00,2025-01-29 15:00:00,2762.93,2759.26,-9.34,-9.14,12.5,0,Signal Exit,634
Long,False,1.0,2025-01-29 03:00:00,2025-01-29 15:00:00,2762.06,2759.26,-3.02,-2.94,12.5,0,Signal Exit,635
Long,False,1.0,2025-01-29 23:00:00,2025-01-30 03:00:00,2759.29,2750.3,-9.71,-11.09,10.73,24,Signal Exit,636
Long,False,1.0,2025-01-30 07:00:00,2025-01-31 07:00:00,2759.22,2794.98,35.04,-1.31,9.36,24,Signal Exit,637
Long,False,1.0,2025-01-31 11:00:00,2025-01-31 15:00:00,2795.96,2792.84,-3.34,-3.85,9.21,0,Signal Exit,638
Long,True,2.5,2025-01-31 23:00:00,2025-02-01 03:00:00,2812.25,2798.94,-35.07,-41.92,11.6,24,Signal Exit,639
Long,False,1.0,2025-01-31 19:00:00,2025-02-01 03:00:00,2794.2,2798.94,4.02,-1.84,11.6,24,Signal Exit,640
Long,False,1.0,2025-02-03 07:00:00,2025-02-03 11:00:00,2802.07,2778.08,-24.89,-28.58,13.63,0,Stop Loss Exit,641
Long,False,1.0,2025-02-03 15:00:00,2025-02-04 03:00:00,2787.04,2820.74,32.98,-1.74,16.48,24,Signal Exit,642
Long,False,1.0,2025-02-04 11:00:00,2025-02-04 15:00:00,2821.27,2813.32,-8.17,-10.49,16.7,0,Signal Exit,643
Long,False,1.0,2025-02-04 19:00:00,2025-02-05 07:00:00,2814.73,2840.9,25.45,-1.65,17.8,24,Signal Exit,644
Long,True,1.7,2025-02-04 23:00:00,2025-02-05 07:00:00,2838.52,2840.9,2.82,-9.89,17.8,24,Signal Exit,645
Long,False,1.0,2025-02-05 11:00:00,2025-02-06 03:00:00,2851.11,2865.67,13.84,-1.48,16.34,24,Signal Exit,646
Long,True,1.7999999999999998,2025-02-05 15:00:00,2025-02-06 03:00:00,2859.29,2865.67,10.19,-7.94,16.34,24,Signal Exit,647
Long,False,1.0,2025-02-06 07:00:00,2025-02-06 15:00:00,2867.46,2859.27,-8.41,-9.24,14.32,0,Signal Exit,648
Long,True,2.1999999999999997,2025-02-06 11:00:00,2025-02-06 15:00:00,2870.48,2859.27,-25.15,-26.97,14.32,0,Signal Exit,649
Long,False,1.0,2025-02-07 03:00:00,2025-02-07 15:00:00,2852.66,2860.71,7.83,-2.34,14.96,0,Signal Exit,650
Long,False,1.0,2025-02-07 19:00:00,2025-02-08 03:00:00,2867.48,2861.35,-6.85,-15.31,16.51,24,Signal Exit,651
Long,False,1.0,2025-02-10 07:00:00,2025-02-11 03:00:00,2855.81,2905.16,48.63,-0.11,17.7,24,Signal Exit,652
Long,False,1.0,2025-02-11 07:00:00,2025-02-11 15:00:00,2907.56,2917.91,10.13,-2.22,18.01,0,Signal Exit,653
Long,True,1.7999999999999998,2025-02-11 11:00:00,2025-02-11 15:00:00,2918.82,2917.91,-2.03,-13.54,18.01,0,Signal Exit,654
Long,False,1.0,2025-02-12 03:00:00,2025-02-12 07:00:00,2905.93,2897.08,-9.07,-11.91,18.77,0,Signal Exit,655
Long,False,1.0,2025-02-12 15:00:00,2025-02-12 19:00:00,2892.51,2882.74,-9.99,-13.52,17.75,0,Signal Exit,656
Long,False,1.0,2025-02-12 23:00:00,2025-02-13 23:00:00,2894.61,2915.14,19.81,-7.83,16.83,24,Signal Exit,657
Long,True,1.5999999999999999,2025-02-13 03:00:00,2025-02-13 23:00:00,2901.02,2915.14,22.24,-12.13,16.83,0,Signal Exit,658
Long,False,1.0,2025-02-14 03:00:00,2025-02-14 11:00:00,2924.18,2927.45,3.05,-0.33,14.4,0,Signal Exit,659
Long,True,2.0999999999999996,2025-02-14 07:00:00,2025-02-14 11:00:00,2928.13,2927.45,-1.89,-4.83,14.4,0,Signal Exit,660
Long,False,1.0,2025-02-14 15:00:00,2025-02-14 23:00:00,2934.26,2920.95,-13.53,-20.15,14.81,0,Signal Exit,661
Long,True,2.3,2025-02-14 19:00:00,2025-02-14 23:00:00,2935.88,2920.95,-34.85,-50.07,14.81,0,Signal Exit,662
Long,False,1.0,2025-02-18 15:00:00,2025-02-18 19:00:00,2913.61,2911.21,-2.62,-6.56,14.16,0,Signal Exit,663
Long,False,1.0,2025-02-18 23:00:00,2025-02-19 11:00:00,2927.94,2929.24,0.58,-4.42,11.58,24,Signal Exit,664
Long,True,2.0999999999999996,2025-02-19 03:00:00,2025-02-19 11:00:00,2933.26,2929.24,-8.9,-19.49,11.58,0,Signal Exit,665
Long,False,1.0,2025-02-19 15:00:00,2025-02-19 23:00:00,2931.4,2938.06,6.44,-1.55,11.3,0,Signal Exit,666
Long,True,2.5,2025-02-19 19:00:00,2025-02-19 23:00:00,2944.88,2938.06,-17.6,-37.58,11.3,0,Signal Exit,667
Long,False,1.0,2025-02-20 07:00:00,2025-02-20 23:00:00,2933.25,2935.07,1.6,-9.23,13.81,0,Signal Exit,668
Long,False,1.0,2025-02-21 03:00:00,2025-02-21 07:00:00,2941.74,2938.17,-3.79,-8.15,13.54,0,Signal Exit,669
Long,False,1.0,2025-02-21 11:00:00,2025-02-21 15:00:00,2939.06,2929.73,-9.55,-14.82,15.24,0,Signal Exit,670
Long,False,1.0,2025-02-21 19:00:00,2025-02-24 07:00:00,2930.49,2934.27,2.06,-8.85,15.28,72,Signal Exit,671
Long,True,2.0,2025-02-21 23:00:00,2025-02-24 07:00:00,2933.53,2934.27,-1.96,-23.78,15.28,72,Signal Exit,672
Long,False,1.0,2025-02-24 11:00:00,2025-02-24 15:00:00,2940.61,2938.66,-2.17,-5.42,14.9,0,Signal Exit,673
Long,False,1.0,2025-02-24 23:00:00,2025-02-25 11:00:00,2938.38,2948.49,9.39,-7.74,14.61,24,Signal Exit,674
Long,True,1.0,2025-02-25 07:00:00,2025-02-25 11:00:00,2952.94,2948.49,-4.67,-7.85,14.61,0,Signal Exit,675
Long,False,1.0,2025-03-04 07:00:00,2025-03-04 11:00:00,2891.94,2885.51,-6.65,-10.07,16.95,0,Signal Exit,676
Long,False,1.0,2025-03-04 19:00:00,2025-03-04 23:00:00,2914.66,2903.1,-11.78,-11.21,18.21,0,Signal Exit,677
Long,False,1.0,2025-03-05 03:00:00,2025-03-05 11:00:00,2911.3,2904.35,-7.17,-9.55,16.4,0,Signal Exit,678
Long,True,0.8999999999999999,2025-03-05 07:00:00,2025-03-05 11:00:00,2917.82,2904.35,-12.32,-14.46,16.4,0,Signal Exit,679
Long,False,1.0,2025-03-05 15:00:00,2025-03-05 19:00:00,2916.97,2912.98,-4.21,-8.13,16.33,0,Signal Exit,680
Long,False,1.0,2025-03-06 03:00:00,2025-03-06 15:00:00,2917.5,2920.55,2.83,-3.17,16.41,0,Signal Exit,681
Long,True,0.8999999999999999,2025-03-06 07:00:00,2025-03-06 15:00:00,2918.78,2920.55,1.39,-4.01,16.41,0,Signal Exit,682
Long,False,1.0,2025-03-06 23:00:00,2025-03-07 07:00:00,2915.2,2911.6,-4.32,-6.84,15.85,24,Signal Exit,683
Long,True,0.8999999999999999,2025-03-07 03:00:00,2025-03-07 07:00:00,2916.27,2911.6,-4.4,-7.12,15.85,0,Signal Exit,684
Long,False,1.0,2025-03-07 15:00:00,2025-03-08 03:00:00,2913.57,2906.55,-7.74,-11.45,17.16,24,Signal Exit,685
Long,False,1.0,2025-03-10 06:00:00,2025-03-10 10:00:00,2911.56,2912.13,0.35,-1.74,14.98,0,Signal Exit,686
Long,False,1.0,2025-03-10 18:00:00,2025-03-10 22:00:00,2911.31,2903.62,-7.91,-16.04,15.95,0,Signal Exit,687
Long,False,1.0,2025-03-11 18:00:00,2025-03-12 02:00:00,2911.72,2917.7,5.26,-5.05,15.39,24,Signal Exit,688
Long,False,1.0,2025-03-12 14:00:00,2025-03-12 18:00:00,2916.08,2914.57,-1.73,-7.24,13.26,0,Signal Exit,689
Long,False,1.0,2025-03-12 22:00:00,2025-03-13 06:00:00,2915.63,2933.5,17.15,-1.42,13.8,24,Signal Exit,690
Long,True,1.0999999999999999,2025-03-13 02:00:00,2025-03-13 06:00:00,2936.16,2933.5,-3.17,-5.86,13.8,0,Signal Exit,691
Long,False,1.0,2025-03-13 10:00:00,2025-03-14 10:00:00,2938.01,2987.74,49.01,-5.35,13.63,24,Signal Exit,692
Long,True,2.5,2025-03-13 14:00:00,2025-03-14 10:00:00,2940.0,2987.74,117.55,-18.35,13.63,24,Signal Exit,693
Long,False,1.0,2025-03-14 18:00:00,2025-03-14 22:00:00,2998.67,2985.39,-13.5,-15.69,15.73,0,Signal Exit,694
Long,False,1.0,2025-03-15 02:00:00,2025-03-17 14:00:00,2986.67,2986.16,-1.73,-4.96,13.99,48,Signal Exit,695
Long,True,2.0999999999999996,2025-03-17 06:00:00,2025-03-17 14:00:00,2984.59,2986.16,2.83,-4.87,13.99,0,Signal Exit,696
Long,False,1.0,2025-03-17 18:00:00,2025-03-17 22:00:00,2995.65,2987.98,-7.89,-10.98,14.91,0,Signal Exit,697
Long,False,1.0,2025-03-18 02:00:00,2025-03-19 02:00:00,2997.79,3032.61,34.1,-1.08,13.2,24,Signal Exit,698
Long,True,2.1999999999999997,2025-03-18 06:00:00,2025-03-19 02:00:00,3001.38,3032.61,67.12,-4.38,13.2,24,Signal Exit,699
Long,False,1.0,2025-03-19 06:00:00,2025-03-19 10:00:00,3033.92,3029.42,-4.72,-6.6,11.52,0,Signal Exit,700
Long,False,1.0,2025-03-19 14:00:00,2025-03-19 18:00:00,3044.39,3030.29,-14.32,-21.91,13.03,0,Signal Exit,701
Long,False,1.0,2025-03-19 22:00:00,2025-03-20 02:00:00,3033.18,3029.89,-4.01,-7.49,13.23,24,Signal Exit,702
Long,False,1.0,2025-03-20 06:00:00,2025-03-20 14:00:00,3048.55,3047.0,-1.77,-3.65,13.9,0,Signal Exit,703
Long,True,2.3,2025-03-20 10:00:00,2025-03-20 14:00:00,3049.65,3047.0,-6.6,-10.92,13.9,0,Signal Exit,704
Long,False,1.0,2025-03-21 02:00:00,2025-03-21 10:00:00,3041.77,3035.84,-6.15,-6.06,12.94,0,Signal Exit,705
Long,False,1.0,2025-03-21 18:00:00,2025-03-21 22:00:00,3029.5,3006.45,-24.02,-25.24,14.9,0,Stop Loss Exit,706
Long,False,1.0,2025-03-27 14:00:00,2025-03-28 18:00:00,3029.75,3072.88,42.41,-3.07,14.17,24,Signal Exit,707
Long,False,1.0,2025-03-28 22:00:00,2025-03-29 02:00:00,3083.05,3077.43,-6.34,-15.66,14.7,24,Signal Exit,708
Long,False,1.0,2025-03-31 06:00:00,2025-03-31 18:00:00,3087.9,3115.02,26.9,-11.22,17.14,0,Signal Exit,709
Long,True,1.0,2025-03-31 10:00:00,2025-03-31 18:00:00,3094.79,3115.02,20.01,-0.89,17.14,0,Signal Exit,710
Long,False,1.0,2025-04-01 02:00:00,2025-04-01 14:00:00,3117.89,3132.16,14.05,-0.62,17.87,0,Signal Exit,711
Long,True,1.7999999999999998,2025-04-01 06:00:00,2025-04-01 14:00:00,3124.73,3132.16,12.98,-8.69,17.87,0,Signal Exit,712
Long,False,1.0,2025-04-01 18:00:00,2025-04-02 02:00:00,3132.39,3113.69,-19.42,-31.61,18.42,24,Signal Exit,713
Long,True,1.7999999999999998,2025-04-01 22:00:00,2025-04-02 02:00:00,3133.93,3113.69,-37.73,-59.67,18.42,24,Signal Exit,714
Long,False,1.0,2025-04-02 06:00:00,2025-04-02 14:00:00,3114.01,3118.1,3.87,-6.33,19.32,0,Signal Exit,715
Long,False,1.0,2025-04-02 18:00:00,2025-04-02 22:00:00,3131.12,3121.9,-9.44,-20.99,19.13,0,Signal Exit,716
Long,False,1.0,2025-04-03 02:00:00,2025-04-03 14:00:00,3123.59,3131.89,8.08,-18.49,23.52,0,Signal Exit,717
Long,True,0.7999999999999999,2025-04-03 06:00:00,2025-04-03 14:00:00,3131.52,3131.89,0.12,-6.54,23.52,0,Signal Exit,718
Long,False,1.0,2025-04-04 06:00:00,2025-04-04 10:00:00,3114.01,3109.83,-4.4,-8.17,28.39,0,Signal Exit,719
Long,False,1.0,2025-04-09 22:00:00,2025-04-10 02:00:00,3074.98,3059.7,-16.0,-24.05,34.16,24,Signal Exit,720
Long,False,1.0,2025-04-10 06:00:00,2025-04-10 18:00:00,3080.68,3116.63,35.73,-9.28,32.05,0,Signal Exit,721
Long,True,1.0,2025-04-11 06:00:00,2025-04-11 14:00:00,3176.87,3195.92,18.83,-0.92,36.25,0,Signal Exit,722
Long,False,1.0,2025-04-10 22:00:00,2025-04-11 14:00:00,3117.23,3195.92,77.97,-0.33,36.25,24,Signal Exit,723
Long,False,1.0,2025-04-11 18:00:00,2025-04-11 22:00:00,3227.79,3223.85,-4.16,-17.76,37.21,0,Signal Exit,724
Long,False,1.0,2025-04-12 02:00:00,2025-04-14 14:00:00,3234.0,3234.5,-0.72,-24.19,31.22,48,Signal Exit,725
Long,True,1.0,2025-04-14 06:00:00,2025-04-14 14:00:00,3219.1,3234.5,15.18,-9.29,31.22,0,Signal Exit,726
Long,False,1.0,2025-04-15 02:00:00,2025-04-15 06:00:00,3214.11,3211.92,-2.41,-12.69,29.44,0,Signal Exit,727
Long,False,1.0,2025-04-15 10:00:00,2025-04-15 18:00:00,3223.64,3222.61,-1.25,-6.4,24.02,0,Signal Exit,728
Long,False,1.0,2025-04-16 02:00:00,2025-04-17 10:00:00,3227.91,3324.01,95.38,-2.33,21.96,24,Signal Exit,729
Long,True,1.5999999999999999,2025-04-16 06:00:00,2025-04-17 10:00:00,3230.45,3324.01,148.54,-1.23,21.96,24,Signal Exit,730
Long,False,1.0,2025-04-17 14:00:00,2025-04-17 18:00:00,3329.48,3321.54,-8.16,-16.98,23.05,0,Signal Exit,731
Long,False,1.0,2025-04-18 02:00:00,2025-04-22 18:00:00,3319.07,3454.49,133.2,-8.23,31.79,96,Signal Exit,732
Long,True,1.0999999999999999,2025-04-22 06:00:00,2025-04-22 18:00:00,3423.85,3454.49,33.46,-12.78,31.79,0,Signal Exit,733
Long,False,1.0,2025-04-29 06:00:00,2025-04-29 10:00:00,3345.19,3326.44,-18.97,-22.55,33.22,0,Signal Exit,734
Long,False,1.0,2025-04-30 06:00:00,2025-04-30 10:00:00,3315.82,3307.73,-8.31,-8.16,27.61,0,Signal Exit,735
Long,False,1.0,2025-05-05 18:00:00,2025-05-06 14:00:00,3308.81,3361.18,51.65,-3.24,29.24,24,Signal Exit,736
Long,True,0.5,2025-05-07 06:00:00,2025-05-07 10:00:00,3425.84,3374.63,-25.72,-32.92,32.95,0,Signal Exit,737
Long,False,1.0,2025-05-06 18:00:00,2025-05-07 10:00:00,3383.14,3374.63,-9.23,-23.14,32.95,24,Signal Exit,738
Long,False,1.0,2025-05-07 14:00:00,2025-05-07 18:00:00,3387.83,3370.04,-18.01,-18.15,33.08,0,Signal Exit,739
Long,False,1.0,2025-05-07 22:00:00,2025-05-08 02:00:00,3394.4,3384.65,-10.47,-19.04,31.41,24,Signal Exit,740
Long,False,1.0,2025-05-08 10:00:00,2025-05-08 14:00:00,3408.44,3355.1,-53.56,-54.06,37.1,0,Signal Exit,741
Long,False,1.0,2025-05-08 22:00:00,2025-05-09 02:00:00,3356.11,3308.33,-48.5,-58.56,39.0,24,Signal Exit,742
Long,False,1.0,2025-05-19 10:00:00,2025-05-19 22:00:00,3218.27,3230.1,11.61,-11.69,33.23,0,Signal Exit,743
Long,False,1.0,2025-05-20 06:00:00,2025-05-20 10:00:00,3228.87,3221.33,-7.76,-14.77,27.98,0,Signal Exit,744
Long,False,1.0,2025-05-20 18:00:00,2025-05-21 18:00:00,3236.31,3313.69,76.66,-4.44,22.99,24,Signal Exit,745
Long,False,1.0,2025-05-22 02:00:00,2025-05-22 06:00:00,3316.3,3319.25,2.73,-4.44,22.06,0,Signal Exit,746
Long,False,1.0,2025-05-22 10:00:00,2025-05-22 14:00:00,3337.67,3332.27,-5.62,-11.42,23.04,0,Signal Exit,747
Long,False,1.0,2025-05-23 02:00:00,2025-05-23 06:00:00,3296.51,3295.46,-1.27,-7.46,23.15,0,Signal Exit,748
Long,False,1.0,2025-05-23 10:00:00,2025-05-26 06:00:00,3305.37,3352.87,45.78,-14.41,23.53,72,Signal Exit,749
Long,False,1.0,2025-05-26 14:00:00,2025-05-26 18:00:00,3347.46,3328.71,-18.97,-23.9,23.81,0,Signal Exit,750
Long,True,0.7000000000000001,2025-05-27 02:00:00,2025-05-27 10:00:00,3341.31,3335.91,-3.93,-6.55,18.92,0,Signal Exit,751
Long,False,1.0,2025-05-26 22:00:00,2025-05-27 10:00:00,3338.34,3335.91,-3.15,-6.39,18.92,24,Signal Exit,752
Long,False,1.0,2025-05-28 18:00:00,2025-05-28 22:00:00,3324.12,3305.19,-19.15,-26.61,19.51,0,Signal Exit,753
Long,False,1.0,2025-05-30 02:00:00,2025-05-30 06:00:00,3324.14,3319.51,-4.85,-8.87,24.01,0,Signal Exit,754
Long,True,1.4999999999999998,2025-06-03 06:00:00,2025-06-03 10:00:00,3383.66,3372.78,-16.65,-30.51,21.14,0,Signal Exit,755
Long,False,1.0,2025-06-02 14:00:00,2025-06-03 10:00:00,3323.61,3372.78,48.45,0.0,21.14,24,Signal Exit,756
Long,False,1.0,2025-06-04 02:00:00,2025-06-04 14:00:00,3353.25,3351.1,-2.37,-6.99,21.85,0,Signal Exit,757
Long,False,1.0,2025-06-04 18:00:00,2025-06-04 22:00:00,3362.91,3352.62,-10.51,-19.48,21.05,0,Signal Exit,758
Long,False,1.0,2025-06-05 02:00:00,2025-06-05 06:00:00,3379.19,3373.13,-6.28,-8.54,19.47,0,Signal Exit,759
Long,False,1.0,2025-06-05 10:00:00,2025-06-05 14:00:00,3373.71,3364.26,-9.67,-12.59,19.9,0,Signal Exit,760
Long,False,1.0,2025-06-05 18:00:00,2025-06-05 22:00:00,3389.47,3378.55,-11.14,-18.48,20.56,0,Signal Exit,761
Long,False,1.0,2025-06-06 10:00:00,2025-06-06 18:00:00,3363.93,3356.74,-7.41,-11.19,21.33,0,Signal Exit,762
Long,False,1.0,2025-06-12 06:00:00,2025-06-12 18:00:00,3358.36,3365.48,6.9,-19.58,22.27,0,Signal Exit,763
Long,False,1.0,2025-06-12 22:00:00,2025-06-13 02:00:00,3392.09,3382.51,-10.3,-14.29,23.3,24,Signal Exit,764
Long,True,1.3,2025-06-13 10:00:00,2025-06-13 14:00:00,3427.4,3426.07,-2.01,-12.13,25.23,0,Signal Exit,765
Long,False,1.0,2025-06-13 06:00:00,2025-06-13 14:00:00,3386.13,3426.07,39.72,-6.42,25.23,0,Signal Exit,766
Long,False,1.0,2025-06-13 22:00:00,2025-06-14 02:00:00,3436.5,3430.39,-6.83,-17.24,26.74,24,Signal Exit,767
Long,False,1.0,2025-06-16 06:00:00,2025-06-16 14:00:00,3442.76,3421.47,-21.51,-25.25,24.49,0,Signal Exit,768
Long,True,1.2,2025-06-16 10:00:00,2025-06-16 14:00:00,3441.58,3421.47,-24.4,-28.88,24.49,0,Signal Exit,769
Long,False,1.0,2025-06-17 02:00:00,2025-06-17 06:00:00,3392.72,3386.4,-6.54,-9.82,22.82,0,Signal Exit,770
Long,False,1.0,2025-06-17 10:00:00,2025-06-17 14:00:00,3393.76,3392.59,-1.39,-20.08,24.41,0,Signal Exit,771
Long,False,1.0,2025-06-17 22:00:00,2025-06-18 02:00:00,3390.24,3390.42,-0.54,-23.96,21.46,24,Signal Exit,772
Long,False,1.0,2025-06-23 22:00:00,2025-06-24 06:00:00,3380.6,3368.31,-13.01,-13.33,19.51,24,Signal Exit,773
Short,False,1.0,2025-06-30 06:00:00,2025-07-01 06:00:00,3280.46,3303.12,-24.04,-28.98,20.18,24,Stop Loss Exit,774
Short,False,1.0,2025-07-02 02:00:00,2025-07-02 14:00:00,3339.66,3338.76,0.68,-5.38,17.58,0,Signal Exit,775
Long,False,1.0,2025-07-02 14:00:00,2025-07-02 22:00:00,3338.76,3337.59,-1.39,-11.2,16.1,0,Signal Exit,776
Long,True,0.8999999999999999,2025-07-02 18:00:00,2025-07-02 22:00:00,3341.67,3337.59,-3.87,-6.25,16.1,0,Signal Exit,777
Long,False,1.0,2025-07-03 02:00:00,2025-07-03 10:00:00,3349.64,3346.11,-3.75,-7.75,16.03,0,Signal Exit,778
Long,True,1.0,2025-07-03 06:00:00,2025-07-03 10:00:00,3358.87,3346.11,-12.98,-16.98,16.03,0,Signal Exit,779
Long,False,1.0,2025-07-03 14:00:00,2025-07-03 18:00:00,3359.42,3345.65,-13.99,-15.59,15.97,0,Signal Exit,780
Long,False,1.0,2025-07-04 10:00:00,2025-07-04 18:00:00,3329.9,3334.58,4.46,-3.8,16.7,0,Signal Exit,781
Long,False,1.0,2025-07-07 06:00:00,2025-07-07 10:00:00,3337.36,3316.69,-20.89,-30.74,16.87,0,Signal Exit,782
Long,False,1.0,2025-07-08 06:00:00,2025-07-08 10:00:00,3339.55,3334.85,-4.92,-9.96,14.57,0,Signal Exit,783
Short,False,1.0,2025-07-09 06:00:00,2025-07-10 18:00:00,3302.93,3326.54,-24.71,-27.38,14.57,24,Stop Loss Exit,784
Short,False,1.0,2025-07-10 22:00:00,2025-07-11 06:00:00,3312.84,3325.14,-12.67,-13.19,14.2,24,Signal Exit,785
Long,False,1.0,2025-07-11 06:00:00,2025-07-14 14:00:00,3325.14,3357.72,30.86,-3.22,13.29,72,Signal Exit,786
Long,False,1.0,2025-07-14 18:00:00,2025-07-14 22:00:00,3370.17,3355.23,-15.16,-23.18,14.95,0,Signal Exit,787
Long,False,1.0,2025-07-15 10:00:00,2025-07-15 22:00:00,3346.46,3346.88,0.2,-11.93,16.13,0,Signal Exit,788
Long,False,1.0,2025-07-16 14:00:00,2025-07-16 22:00:00,3338.04,3326.88,-11.38,-15.95,16.57,0,Signal Exit,789
Long,False,1.0,2025-07-17 02:00:00,2025-07-17 06:00:00,3354.89,3349.52,-5.59,-8.81,18.21,0,Signal Exit,790
Long,False,1.0,2025-07-18 18:00:00,2025-07-19 02:00:00,3352.38,3352.28,-0.82,-4.44,17.26,24,Signal Exit,791
Long,False,1.0,2025-07-21 10:00:00,2025-07-21 18:00:00,3356.51,3366.23,9.5,-5.83,13.22,0,Signal Exit,792
Long,True,1.0999999999999999,2025-07-22 06:00:00,2025-07-22 10:00:00,3398.33,3385.92,-13.89,-14.44,13.42,0,Signal Exit,793
Long,False,1.0,2025-07-21 22:00:00,2025-07-22 10:00:00,3388.44,3385.92,-3.24,-3.24,13.42,24,Signal Exit,794
Long,True,1.0,2025-07-22 22:00:00,2025-07-23 10:00:00,3412.3,3421.01,7.99,-7.33,15.72,24,Signal Exit,795
Long,False,1.0,2025-07-22 18:00:00,2025-07-23 10:00:00,3386.18,3421.01,34.11,-0.27,15.72,24,Signal Exit,796
Long,False,1.0,2025-07-23 18:00:00,2025-07-23 22:00:00,3431.18,3413.42,-17.98,-25.81,16.76,0,Signal Exit,797
Long,False,1.0,2025-07-24 10:00:00,2025-07-24 14:00:00,3387.58,3379.27,-8.53,-13.25,17.5,0,Signal Exit,798
Short,False,1.0,2025-07-28 06:00:00,2025-08-01 22:00:00,3329.34,3342.5,-15.03,-25.45,21.0,96,Stop Loss Exit,799
Long,False,1.0,2025-08-04 06:00:00,2025-08-04 10:00:00,3364.55,3352.24,-12.53,-19.6,20.09,0,Signal Exit,800
Long,False,1.0,2025-08-04 14:00:00,2025-08-05 02:00:00,3357.63,3374.1,15.75,-5.99,18.95,24,Signal Exit,801
Long,False,1.0,2025-08-05 10:00:00,2025-08-05 14:00:00,3378.95,3373.97,-5.2,-11.34,18.13,0,Signal Exit,802
Long,False,1.0,2025-08-05 22:00:00,2025-08-06 10:00:00,3373.94,3375.9,1.24,-3.54,15.49,24,Signal Exit,803
Long,False,1.0,2025-08-06 22:00:00,2025-08-07 06:00:00,3371.73,3370.56,-1.89,-4.64,13.2,24,Signal Exit,804
Long,False,1.0,2025-08-07 10:00:00,2025-08-07 14:00:00,3382.27,3375.56,-6.93,-10.76,14.02,0,Signal Exit,805
Long,False,1.0,2025-08-07 18:00:00,2025-08-08 10:00:00,3376.83,3383.55,6.0,-5.15,15.25,24,Signal Exit,806
Long,True,1.0,2025-08-08 06:00:00,2025-08-08 10:00:00,3401.26,3383.55,-17.93,-20.07,15.25,0,Signal Exit,807
Long,False,1.0,2025-08-08 14:00:00,2025-08-08 22:00:00,3392.16,3400.31,7.93,-11.72,17.37,0,Signal Exit,808
Long,True,0.8999999999999999,2025-08-08 18:00:00,2025-08-08 22:00:00,3400.55,3400.31,-0.41,-18.1,17.37,0,Signal Exit,809
Long,False,1.0,2025-08-11 06:00:00,2025-08-11 10:00:00,3403.61,3377.46,-26.37,-36.17,20.22,0,Signal Exit,810
Short,False,1.0,2025-08-12 06:00:00,2025-08-18 14:00:00,3342.83,3349.31,-7.6,-31.99,14.05,144,Signal Exit,811
Short,False,1.0,2025-08-18 18:00:00,2025-08-20 22:00:00,3348.02,3345.0,2.5,-3.28,11.85,48,Signal Exit,812
Short,False,1.0,2025-08-21 10:00:00,2025-08-21 18:00:00,3342.78,3340.83,1.73,-2.19,11.89,0,Signal Exit,813
Short,False,1.0,2025-08-21 22:00:00,2025-08-22 06:00:00,3339.5,3339.07,0.06,-8.59,11.89,24,Signal Exit,814
Short,True,1.4000000000000001,2025-08-22 14:00:00,2025-08-23 02:00:00,3330.11,3374.25,-63.32,-68.24,14.34,24,Stop Loss Exit,815
Short,False,1.0,2025-08-22 10:00:00,2025-08-23 02:00:00,3334.25,3374.25,-41.09,-44.6,14.34,24,Stop Loss Exit,816
Long,False,1.0,2025-08-25 14:00:00,2025-08-26 06:00:00,3364.61,3365.83,0.5,-2.66,11.55,24,Signal Exit,817
Long,False,1.0,2025-08-26 10:00:00,2025-08-26 14:00:00,3376.71,3376.56,-0.37,-6.86,13.53,0,Signal Exit,818
Long,False,1.0,2025-08-26 22:00:00,2025-08-27 10:00:00,3375.51,3386.18,9.95,-5.11,12.27,24,Signal Exit,819
Long,True,1.0,2025-08-27 06:00:00,2025-08-27 10:00:00,3394.1,3386.18,-8.14,-10.73,12.27,0,Signal Exit,820
Long,False,1.0,2025-08-27 18:00:00,2025-08-27 22:00:00,3378.27,3377.81,-0.68,-4.41,13.0,0,Signal Exit,821
Long,False,1.0,2025-08-28 02:00:00,2025-08-28 10:00:00,3395.24,3385.9,-9.56,-9.77,14.28,0,Signal Exit,822
Long,True,1.0999999999999999,2025-08-28 06:00:00,2025-08-28 10:00:00,3398.31,3385.9,-13.89,-14.12,14.28,0,Signal Exit,823
Long,True,1.2,2025-08-28 18:00:00,2025-08-29 06:00:00,3399.3,3416.67,19.98,-6.5,12.86,24,Signal Exit,824
Long,False,1.0,2025-08-28 14:00:00,2025-08-29 06:00:00,3389.32,3416.67,26.63,-0.67,12.86,24,Signal Exit,825
Long,False,1.0,2025-08-29 14:00:00,2025-08-29 18:00:00,3410.5,3407.52,-3.2,-3.9,11.64,0,Signal Exit,826
Long,False,1.0,2025-08-29 22:00:00,2025-09-01 18:00:00,3429.05,3469.43,38.66,-0.08,15.75,72,Signal Exit,827
Long,True,1.2,2025-08-30 02:00:00,2025-09-01 18:00:00,3443.66,3469.43,29.46,-7.94,15.75,48,Signal Exit,828
Long,False,1.0,2025-09-01 22:00:00,2025-09-02 06:00:00,3475.34,3474.73,-1.33,-3.15,14.78,24,Signal Exit,829
Long,True,2.0,2025-09-02 02:00:00,2025-09-02 06:00:00,3477.93,3474.73,-6.84,-3.6,14.78,0,Signal Exit,830
Long,False,1.0,2025-09-02 10:00:00,2025-09-02 14:00:00,3497.57,3493.1,-4.69,-7.55,16.47,0,Signal Exit,831
Long,False,1.0,2025-09-02 22:00:00,2025-09-03 14:00:00,3489.6,3530.07,39.75,-0.61,20.45,24,Signal Exit,832
Long,True,1.4999999999999998,2025-09-03 02:00:00,2025-09-03 14:00:00,3529.4,3530.07,0.68,-6.3,20.45,0,Signal Exit,833
Long,False,1.0,2025-09-03 18:00:00,2025-09-04 06:00:00,3534.32,3559.97,24.93,-2.1,20.25,24,Signal Exit,834
Long,True,1.5999999999999999,2025-09-03 22:00:00,2025-09-04 06:00:00,3554.06,3559.97,8.3,-4.35,20.25,24,Signal Exit,835
Long,False,1.0,2025-09-04 18:00:00,2025-09-05 02:00:00,3538.62,3542.9,3.56,-3.61,23.29,24,Signal Exit,836
Long,True,1.3,2025-09-04 22:00:00,2025-09-05 02:00:00,3546.97,3542.9,-6.23,-15.55,23.29,24,Signal Exit,837
Long,False,1.0,2025-09-05 06:00:00,2025-09-05 18:00:00,3543.92,3552.47,8.33,-3.78,20.24,0,Signal Exit,838
Long,False,1.0,2025-09-05 22:00:00,2025-09-08 06:00:00,3594.34,3583.72,-12.34,-21.29,21.98,72,Signal Exit,839
Long,True,1.4999999999999998,2025-09-08 14:00:00,2025-09-09 18:00:00,3591.25,3653.81,92.76,-2.97,19.55,24,Signal Exit,840
Long,False,1.0,2025-09-08 10:00:00,2025-09-09 18:00:00,3589.59,3653.81,63.5,-10.12,19.55,24,Signal Exit,841
Long,False,1.0,2025-09-09 22:00:00,2025-09-10 02:00:00,3666.02,3642.86,-23.88,-39.29,22.69,24,Signal Exit,842
Long,False,1.0,2025-09-10 10:00:00,2025-09-10 22:00:00,3630.69,3651.18,20.27,-0.6,20.82,0,Signal Exit,843
Long,False,1.0,2025-09-11 10:00:00,2025-09-11 14:00:00,3641.01,3625.18,-16.05,-17.86,19.91,0,Signal Exit,844
Long,False,1.0,2025-09-11 22:00:00,2025-09-12 06:00:00,3630.15,3634.55,3.68,-4.1,19.77,24,Signal Exit,845
Long,True,1.4999999999999998,2025-09-12 02:00:00,2025-09-12 06:00:00,3635.18,3634.55,-1.27,-7.32,19.77,0,Signal Exit,846
Long,False,1.0,2025-09-12 10:00:00,2025-09-12 18:00:00,3646.4,3646.49,-0.13,-8.77,16.76,0,Signal Exit,847
Long,True,1.7999999999999998,2025-09-12 14:00:00,2025-09-12 18:00:00,3653.18,3646.49,-12.44,-27.99,16.76,0,Signal Exit,848
Long,False,1.0,2025-09-12 22:00:00,2025-09-13 02:00:00,3650.12,3648.72,-2.12,-8.27,16.47,24,Signal Exit,849
Long,False,1.0,2025-09-15 14:00:00,2025-09-15 18:00:00,3643.51,3641.24,-2.49,-9.86,15.98,0,Signal Exit,850
Long,True,1.7999999999999998,2025-09-16 02:00:00,2025-09-16 06:00:00,3681.8,3680.72,-2.34,-10.78,15.32,0,Signal Exit,851
Long,False,1.0,2025-09-15 22:00:00,2025-09-16 06:00:00,3657.17,3680.72,22.83,-3.19,15.32,24,Signal Exit,852
Long,True,2.0,2025-09-16 14:00:00,2025-09-16 22:00:00,3682.68,3695.55,25.3,-2.0,15.6,0,Signal Exit,853
Long,False,1.0,2025-09-16 10:00:00,2025-09-16 22:00:00,3679.35,3695.55,15.98,-4.9,15.6,0,Signal Exit,854
Long,False,1.0,2025-09-17 06:00:00,2025-09-17 10:00:00,3689.58,3679.54,-10.26,-13.69,16.14,0,Signal Exit,855
Long,False,1.0,2025-09-17 22:00:00,2025-09-18 06:00:00,3678.65,3661.25,-18.12,-32.4,19.31,24,Signal Exit,856
Long,True,1.7999999999999998,2025-09-18 02:00:00,2025-09-18 06:00:00,3686.53,3661.25,-45.9,-72.5,19.31,0,Signal Exit,857
Long,False,1.0,2025-09-18 18:00:00,2025-09-18 22:00:00,3671.67,3642.02,-29.87,-43.93,23.42,0,Signal Exit,858
Long,False,1.0,2025-09-20 02:00:00,2025-09-22 22:00:00,3678.64,3722.36,42.5,-0.54,20.44,48,Signal Exit,859
Long,True,0.6,2025-09-22 06:00:00,2025-09-22 22:00:00,3684.78,3722.36,22.42,-0.67,20.44,0,Signal Exit,860
Long,False,1.0,2025-09-23 02:00:00,2025-09-23 14:00:00,3746.55,3752.93,6.16,-10.1,18.78,0,Signal Exit,861
Long,True,1.7999999999999998,2025-09-23 06:00:00,2025-09-23 14:00:00,3745.46,3752.93,13.05,-16.22,18.78,0,Signal Exit,862
Long,False,1.0,2025-09-23 18:00:00,2025-09-23 22:00:00,3785.01,3783.86,-1.37,-10.85,19.9,0,Signal Exit,863
Long,False,1.0,2025-09-24 14:00:00,2025-09-24 18:00:00,3774.96,3768.47,-6.71,-11.99,22.02,0,Signal Exit,864
Long,False,1.0,2025-09-25 06:00:00,2025-09-25 10:00:00,3738.94,3735.81,-3.35,-5.83,21.53,0,Signal Exit,865
Long,False,1.0,2025-09-25 14:00:00,2025-09-25 22:00:00,3738.58,3733.72,-5.08,-16.49,23.37,0,Signal Exit,866
Long,False,1.0,2025-09-26 02:00:00,2025-09-26 10:00:00,3741.75,3739.09,-2.88,-5.16,21.96,0,Signal Exit,867
Long,False,1.0,2025-09-26 14:00:00,2025-09-29 06:00:00,3741.99,3760.57,16.86,-2.86,21.71,72,Signal Exit,868
Long,False,1.0,2025-09-29 10:00:00,2025-09-29 18:00:00,3778.67,3807.49,28.6,-1.07,22.34,0,Signal Exit,869
Long,True,0.7000000000000001,2025-09-29 14:00:00,2025-09-29 18:00:00,3813.73,3807.49,-4.52,-6.05,22.34,0,Signal Exit,870
Long,False,1.0,2025-09-29 22:00:00,2025-09-30 18:00:00,3821.24,3798.48,-24.78,-28.13,26.05,24,Stop Loss Exit,871
Long,True,0.7000000000000001,2025-09-30 02:00:00,2025-09-30 18:00:00,3829.04,3798.48,-22.46,-25.15,26.05,0,Stop Loss Exit,872
Long,False,1.0,2025-09-30 22:00:00,2025-10-01 14:00:00,3823.3,3863.33,39.31,-3.14,27.62,24,Signal Exit,873
Long,True,1.0999999999999999,2025-10-01 02:00:00,2025-10-01 14:00:00,3844.06,3863.33,20.95,-4.77,27.62,0,Signal Exit,874
Long,False,1.0,2025-10-01 18:00:00,2025-10-01 22:00:00,3888.95,3872.94,-16.23,-25.44,27.92,0,Signal Exit,875
Long,False,1.0,2025-10-02 06:00:00,2025-10-02 10:00:00,3869.01,3865.14,-4.09,-16.14,27.8,0,Signal Exit,876
Long,False,1.0,2025-10-02 14:00:00,2025-10-02 22:00:00,3867.77,3874.96,6.97,-6.1,26.86,0,Signal Exit,877
Long,True,1.0999999999999999,2025-10-02 18:00:00,2025-10-02 22:00:00,3879.21,3874.96,-4.92,-6.31,26.86,0,Signal Exit,878
Long,False,1.0,2025-10-03 06:00:00,2025-10-03 14:00:00,3857.48,3854.58,-3.12,-19.48,22.96,0,Signal Exit,879
Long,False,1.0,2025-10-03 18:00:00,2025-10-04 02:00:00,3864.39,3881.99,16.88,-9.74,22.95,24,Signal Exit,880
Long,False,1.0,2025-10-06 06:00:00,2025-10-07 10:00:00,3887.05,3958.06,70.29,-2.81,22.24,24,Signal Exit,881
Long,True,1.4000000000000001,2025-10-06 10:00:00,2025-10-07 10:00:00,3918.03,3958.06,55.03,-0.74,22.24,24,Signal Exit,882
Long,False,1.0,2025-10-07 14:00:00,2025-10-07 18:00:00,3964.82,3955.18,-9.86,-24.18,23.17,0,Signal Exit,883
Long,True,1.2,2025-10-08 02:00:00,2025-10-08 22:00:00,3980.8,4037.83,68.17,-8.09,24.12,0,Signal Exit,884
Long,False,1.0,2025-10-07 22:00:00,2025-10-08 22:00:00,3979.35,4037.83,57.76,-17.47,24.12,24,Signal Exit,885
Long,False,1.0,2025-10-09 02:00:00,2025-10-09 06:00:00,4051.35,4040.39,-11.18,-19.2,23.99,0,Signal Exit,886
Long,False,1.0,2025-10-09 14:00:00,2025-10-09 18:00:00,4039.82,4037.8,-2.24,-17.3,26.88,0,Signal Exit,887
Long,False,1.0,2025-10-10 06:00:00,2025-10-10 10:00:00,3979.47,3973.26,-6.43,-20.98,33.14,0,Signal Exit,888
Long,False,1.0,2025-10-10 14:00:00,2025-10-10 22:00:00,3974.81,3980.73,5.7,-22.3,36.57,0,Signal Exit,889
Long,False,1.0,2025-10-11 02:00:00,2025-10-14 14:00:00,3990.1,4121.42,129.6,-5.99,38.42,72,Signal Exit,890
Long,True,1.0,2025-10-13 06:00:00,2025-10-14 14:00:00,4012.06,4121.42,108.64,-4.67,38.42,24,Signal Exit,891
Long,False,1.0,2025-10-14 18:00:00,2025-10-14 22:00:00,4127.46,4123.98,-3.7,-29.82,40.21,0,Signal Exit,892
Long,False,1.0,2025-10-15 02:00:00,2025-10-15 06:00:00,4148.23,4143.01,-5.44,-13.86,38.3,0,Signal Exit,893
Long,True,1.0,2025-10-15 14:00:00,2025-10-15 22:00:00,4185.88,4192.06,5.96,-21.84,36.72,0,Signal Exit,894
Long,False,1.0,2025-10-15 10:00:00,2025-10-15 22:00:00,4181.65,4192.06,10.19,-17.61,36.72,0,Signal Exit,895
Long,False,1.0,2025-10-16 02:00:00,2025-10-16 14:00:00,4197.54,4204.77,7.01,-2.48,38.86,0,Signal Exit,896
Long,True,1.0,2025-10-16 06:00:00,2025-10-16 14:00:00,4209.54,4204.77,-4.99,-9.61,38.86,0,Signal Exit,897
Long,False,1.0,2025-10-16 18:00:00,2025-10-17 10:00:00,4239.16,4314.24,74.36,-11.5,41.22,24,Signal Exit,898
Long,True,1.0,2025-10-16 22:00:00,2025-10-17 10:00:00,4245.51,4314.24,68.01,-0.08,41.22,24,Signal Exit,899
Long,False,1.0,2025-10-17 14:00:00,2025-10-17 18:00:00,4365.96,4340.08,-26.1,-53.92,45.47,0,Signal Exit,900
Long,False,1.0,2025-10-20 06:00:00,2025-10-20 14:00:00,4243.5,4240.04,-3.68,-24.55,55.07,0,Signal Exit,901
Long,False,1.0,2025-10-20 18:00:00,2025-10-21 10:00:00,4260.82,4350.86,89.32,-15.14,60.44,24,Signal Exit,902
Long,True,1.0,2025-10-21 06:00:00,2025-10-21 10:00:00,4358.7,4350.86,-8.06,-26.27,60.44,0,Signal Exit,903
Long,False,1.0,2025-10-31 06:00:00,2025-10-31 10:00:00,4022.54,4018.38,-4.38,-9.73,45.33,0,Signal Exit,904
Long,False,1.0,2025-10-31 18:00:00,2025-11-01 02:00:00,4008.74,3997.71,-11.75,-36.5,42.62,24,Signal Exit,905
Long,False,1.0,2025-11-03 07:00:00,2025-11-03 19:00:00,3983.73,3998.71,14.76,-21.21,37.3,0,Signal Exit,906
Long,False,1.0,2025-11-03 23:00:00,2025-11-04 03:00:00,4022.7,4006.44,-16.98,-27.46,33.27,24,Signal Exit,907
Long,False,1.0,2025-11-04 19:00:00,2025-11-04 23:00:00,3994.01,3957.49,-36.74,-65.49,33.98,0,Signal Exit,908
Long,False,1.0,2025-11-06 15:00:00,2025-11-06 23:00:00,3991.68,3993.1,1.2,-2.54,27.74,0,Signal Exit,909
Long,False,1.0,2025-11-07 11:00:00,2025-11-07 23:00:00,3995.48,3993.44,-2.26,-11.23,23.26,0,Signal Exit,910
Long,False,1.0,2025-11-08 03:00:00,2025-11-10 07:00:00,4005.63,3999.21,-7.64,-11.09,23.17,48,Signal Exit,911
Long,False,1.0,2025-11-10 11:00:00,2025-11-11 15:00:00,4048.28,4130.06,81.06,-3.36,27.25,24,Signal Exit,912
Long,True,0.5,2025-11-11 07:00:00,2025-11-11 15:00:00,4116.61,4130.06,6.62,-0.66,27.25,0,Signal Exit,913
Long,False,1.0,2025-11-11 19:00:00,2025-11-11 23:00:00,4141.73,4124.91,-17.04,-21.86,27.01,0,Signal Exit,914
Long,False,1.0,2025-11-12 07:00:00,2025-11-12 11:00:00,4129.54,4124.02,-5.74,-10.8,26.52,0,Signal Exit,915
Long,False,1.0,2025-11-12 19:00:00,2025-11-13 07:00:00,4127.71,4203.15,74.72,-5.07,27.48,24,Signal Exit,916
Long,True,1.3,2025-11-12 23:00:00,2025-11-13 07:00:00,4136.44,4203.15,85.79,-2.39,27.48,24,Signal Exit,917
Long,False,1.0,2025-11-13 15:00:00,2025-11-13 23:00:00,4210.51,4195.35,-15.38,-26.1,31.27,0,Signal Exit,918
Long,True,1.0999999999999999,2025-11-13 19:00:00,2025-11-13 23:00:00,4225.53,4195.35,-33.44,-45.23,31.27,0,Signal Exit,919
Long,False,1.0,2025-11-14 07:00:00,2025-11-14 15:00:00,4172.25,4175.07,2.6,-2.52,37.31,0,Signal Exit,920
Long,False,1.0,2025-11-19 23:00:00,2025-11-20 03:00:00,4128.03,4087.2,-41.55,-72.36,38.88,24,Signal Exit,921
Long,False,1.0,2025-11-20 23:00:00,2025-11-21 03:00:00,4092.99,4060.52,-33.19,-49.34,41.31,24,Signal Exit,922
Long,False,1.0,2025-11-21 23:00:00,2025-11-24 07:00:00,4071.71,4068.96,-4.47,-17.21,44.08,72,Signal Exit,923
Long,False,1.0,2025-11-24 23:00:00,2025-11-25 15:00:00,4081.29,4141.62,59.61,0.0,33.55,24,Signal Exit,924
Long,False,1.0,2025-11-26 03:00:00,2025-11-26 07:00:00,4134.33,4132.59,-1.96,-6.78,31.34,0,Signal Exit,925
Long,False,1.0,2025-11-26 11:00:00,2025-11-26 15:00:00,4161.62,4149.98,-11.86,-14.69,29.61,0,Signal Exit,926
Long,False,1.0,2025-11-26 19:00:00,2025-11-26 23:00:00,4160.02,4141.32,-18.92,-20.01,29.21,0,Signal Exit,927
Long,False,1.0,2025-11-27 03:00:00,2025-11-27 07:00:00,4164.84,4165.09,0.03,-3.44,28.81,0,Signal Exit,928
Long,False,1.0,2025-11-27 15:00:00,2025-11-27 19:00:00,4157.46,4156.41,-1.27,-9.16,25.69,0,Signal Exit,929
Long,False,1.0,2025-11-28 03:00:00,2025-11-28 07:00:00,4159.31,4159.71,0.18,-2.29,21.2,0,Signal Exit,930
Long,False,1.0,2025-11-28 11:00:00,2025-11-28 15:00:00,4189.45,4187.52,-2.15,-22.77,21.69,0,Signal Exit,931
Long,False,1.0,2025-11-28 23:00:00,2025-12-01 07:00:00,4197.91,4229.15,29.52,-12.3,22.88,72,Signal Exit,932
Long,False,1.0,2025-12-01 11:00:00,2025-12-01 15:00:00,4242.86,4236.79,-6.29,-27.68,25.7,0,Signal Exit,933
Long,False,1.0,2025-12-01 19:00:00,2025-12-01 23:00:00,4255.77,4240.05,-15.94,-36.0,28.16,0,Signal Exit,934
Long,False,1.0,2025-12-02 03:00:00,2025-12-02 07:00:00,4240.37,4228.59,-12.0,-11.0,28.73,0,Signal Exit,935
Long,False,1.0,2025-12-02 23:00:00,2025-12-03 03:00:00,4219.0,4191.08,-28.64,-55.58,35.17,24,Signal Exit,936
Long,False,1.0,2025-12-03 07:00:00,2025-12-03 15:00:00,4205.93,4208.2,2.05,-3.63,33.64,0,Signal Exit,937
Long,False,1.0,2025-12-03 23:00:00,2025-12-04 03:00:00,4212.26,4197.0,-15.98,-17.16,32.29,24,Signal Exit,938
Long,False,1.0,2025-12-04 07:00:00,2025-12-04 11:00:00,4204.52,4200.47,-4.27,-5.72,29.68,0,Signal Exit,939
Long,False,1.0,2025-12-05 15:00:00,2025-12-05 19:00:00,4224.41,4222.92,-1.71,-8.71,23.07,0,Signal Exit,940
Long,False,1.0,2025-12-05 23:00:00,2025-12-06 03:00:00,4242.04,4208.78,-33.98,-43.54,26.39,24,Signal Exit,941
Long,False,1.0,2025-12-08 15:00:00,2025-12-08 19:00:00,4217.25,4203.63,-13.84,-16.45,23.23,0,Signal Exit,942
Long,False,1.0,2025-12-09 23:00:00,2025-12-10 07:00:00,4204.4,4209.56,4.44,-14.37,22.88,24,Signal Exit,943
Long,False,1.0,2025-12-10 11:00:00,2025-12-10 15:00:00,4216.97,4207.33,-9.86,-15.15,19.14,0,Signal Exit,944
Long,False,1.0,2025-12-11 07:00:00,2025-12-11 11:00:00,4229.64,4222.44,-7.42,-9.05,22.46,0,Signal Exit,945
Long,False,1.0,2025-12-11 19:00:00,2025-12-12 11:00:00,4217.02,4270.53,52.79,-11.92,24.94,24,Signal Exit,946
Long,True,0.6,2025-12-11 23:00:00,2025-12-12 11:00:00,4230.23,4270.53,23.75,-2.57,24.94,24,Signal Exit,947
Long,False,1.0,2025-12-12 15:00:00,2025-12-13 03:00:00,4282.89,4294.82,11.21,-25.61,34.61,24,Signal Exit,948
Long,True,1.0999999999999999,2025-12-12 19:00:00,2025-12-13 03:00:00,4330.06,4294.82,-39.56,-80.06,34.61,24,Signal Exit,949
Long,False,1.0,2025-12-15 07:00:00,2025-12-15 19:00:00,4295.98,4339.51,43.31,-0.66,33.06,0,Signal Exit,950
Long,True,0.7999999999999999,2025-12-15 11:00:00,2025-12-15 19:00:00,4326.42,4339.51,10.3,-5.49,33.06,0,Signal Exit,951
Long,False,1.0,2025-12-16 23:00:00,2025-12-17 03:00:00,4324.47,4311.23,-13.96,-33.33,34.61,24,Signal Exit,952
Long,False,1.0,2025-12-17 11:00:00,2025-12-17 19:00:00,4314.44,4317.56,2.9,-7.92,29.05,0,Signal Exit,953
Long,False,1.0,2025-12-17 23:00:00,2025-12-18 03:00:00,4338.34,4336.04,-3.02,-17.84,30.13,24,Signal Exit,954
Long,False,1.0,2025-12-18 07:00:00,2025-12-18 11:00:00,4337.77,4333.21,-4.78,-13.21,27.36,0,Signal Exit,955
Long,False,1.0,2025-12-18 15:00:00,2025-12-18 19:00:00,4334.0,4325.32,-8.9,-13.3,25.65,0,Signal Exit,956
Long,True,1.0,2025-12-19 03:00:00,2025-12-19 11:00:00,4331.62,4316.51,-15.33,-22.24,24.92,0,Signal Exit,957
Long,False,1.0,2025-12-18 23:00:00,2025-12-19 11:00:00,4328.86,4316.51,-13.07,-19.48,24.92,24,Signal Exit,958
Long,False,1.0,2025-12-19 15:00:00,2025-12-22 07:00:00,4326.45,4338.52,10.35,-6.82,21.81,72,Signal Exit,959
Long,False,1.0,2025-12-22 11:00:00,2025-12-22 19:00:00,4386.05,4408.73,22.46,-2.09,24.51,0,Signal Exit,960
Long,False,1.0,2025-12-22 23:00:00,2025-12-23 15:00:00,4419.16,4481.31,61.43,-7.05,26.35,24,Signal Exit,961
Long,True,1.2,2025-12-23 07:00:00,2025-12-23 15:00:00,4447.56,4481.31,40.24,-0.48,26.35,0,Signal Exit,962
Long,False,1.0,2025-12-23 19:00:00,2025-12-23 23:00:00,4484.2,4446.08,-38.34,-42.69,28.26,0,Signal Exit,963
Long,False,1.0,2025-12-24 03:00:00,2025-12-24 11:00:00,4484.04,4478.39,-5.87,-9.19,33.03,0,Signal Exit,964
Long,True,1.0,2025-12-24 07:00:00,2025-12-24 11:00:00,4486.01,4478.39,-7.84,-11.16,33.03,0,Signal Exit,965
Long,False,1.0,2025-12-24 15:00:00,2025-12-24 19:00:00,4493.99,4489.35,-4.86,-15.94,32.16,0,Signal Exit,966
Long,False,1.0,2025-12-26 07:00:00,2025-12-29 11:00:00,4498.82,4512.39,11.85,-26.57,35.95,72,Signal Exit,967
Long,True,1.0,2025-12-29 07:00:00,2025-12-29 11:00:00,4548.84,4512.39,-36.67,-76.59,35.95,0,Signal Exit,968
Long,False,1.0,2026-01-05 11:00:00,2026-01-06 19:00:00,4405.49,4451.66,45.45,-9.22,34.43,24,Signal Exit,969
Long,False,1.0,2026-01-06 23:00:00,2026-01-07 11:00:00,4486.98,4474.71,-12.99,-27.48,33.44,24,Signal Exit,970
Long,True,0.8999999999999999,2026-01-07 07:00:00,2026-01-07 11:00:00,4496.24,4474.71,-19.57,-33.07,33.44,0,Signal Exit,971
Long,False,1.0,2026-01-07 19:00:00,2026-01-07 23:00:00,4464.48,4442.54,-22.16,-36.91,31.61,0,Signal Exit,972
Long,False,1.0,2026-01-08 03:00:00,2026-01-08 11:00:00,4452.18,4441.19,-11.21,-18.87,31.71,0,Signal Exit,973
Long,False,1.0,2026-01-09 03:00:00,2026-01-09 11:00:00,4449.65,4469.43,19.56,-4.94,32.27,0,Signal Exit,974
Long,False,1.0,2026-01-09 15:00:00,2026-01-09 19:00:00,4474.09,4472.77,-1.54,-10.25,30.25,0,Signal Exit,975
Long,False,1.0,2026-01-09 23:00:00,2026-01-13 07:00:00,4494.69,4607.78,110.87,-12.71,33.45,96,Signal Exit,976
Long,True,0.5,2026-01-13 23:00:00,2026-01-14 03:00:00,4629.77,4594.35,-18.07,-24.3,37.01,24,Signal Exit,977
Long,False,1.0,2026-01-13 19:00:00,2026-01-14 03:00:00,4586.22,4594.35,7.41,-8.39,37.01,24,Signal Exit,978
Long,False,1.0,2026-01-14 11:00:00,2026-01-14 19:00:00,4620.52,4633.05,12.31,-7.09,31.74,0,Signal Exit,979
Long,False,1.0,2026-01-15 03:00:00,2026-01-15 07:00:00,4635.11,4631.75,-3.58,-17.28,32.42,0,Signal Exit,980
Long,False,1.0,2026-01-15 15:00:00,2026-01-15 23:00:00,4610.27,4611.06,0.57,-27.79,34.05,0,Signal Exit,981
Long,True,1.0,2026-01-15 19:00:00,2026-01-15 23:00:00,4619.78,4611.06,-8.94,-37.3,34.05,0,Signal Exit,982
Long,False,1.0,2026-01-16 03:00:00,2026-01-16 07:00:00,4617.42,4617.52,-0.12,-16.58,31.73,0,Signal Exit,983
Long,False,1.0,2026-01-16 15:00:00,2026-01-17 03:00:00,4598.16,4582.67,-16.21,-61.6,33.54,24,Signal Exit,984
Long,False,1.0,2026-01-19 11:00:00,2026-01-19 19:00:00,4662.53,4663.85,1.1,-4.42,33.83,0,Signal Exit,985
Long,False,1.0,2026-01-19 23:00:00,2026-01-20 07:00:00,4666.5,4675.1,7.88,-2.05,29.93,24,Signal Exit,986
Long,True,1.0,2026-01-20 19:00:00,2026-01-21 23:00:00,4726.7,4852.14,124.72,-11.33,34.5,24,Signal Exit,987
Long,False,1.0,2026-01-20 15:00:00,2026-01-21 23:00:00,4712.56,4852.14,138.86,-0.87,34.5,24,Signal Exit,988
Long,True,1.0,2026-01-22 19:00:00,2026-01-23 15:00:00,4828.91,4953.74,124.11,-18.36,54.21,24,Signal Exit,989
Long,False,1.0,2026-01-22 15:00:00,2026-01-23 15:00:00,4826.87,4953.74,126.15,-16.32,54.21,24,Signal Exit,990
Long,False,1.0,2026-01-23 23:00:00,2026-01-26 15:00:00,4943.13,5078.11,133.26,-4.96,50.31,72,Signal Exit,991
Long,True,1.0,2026-01-24 03:00:00,2026-01-26 15:00:00,4966.75,5078.11,110.14,0.0,50.31,48,Signal Exit,992
Long,False,1.0,2026-01-26 19:00:00,2026-01-27 03:00:00,5091.62,5069.18,-23.16,-36.79,49.14,24,Signal Exit,993
Long,True,1.0,2026-01-26 23:00:00,2026-01-27 03:00:00,5096.38,5069.18,-27.92,-38.27,49.14,24,Signal Exit,994
Long,True,1.0,2026-01-27 15:00:00,2026-01-27 23:00:00,5085.76,5052.36,-33.62,-39.09,51.42,0,Signal Exit,995
Long,False,1.0,2026-01-27 11:00:00,2026-01-27 23:00:00,5072.58,5052.36,-20.44,-25.91,51.42,0,Signal Exit,996
Long,False,1.0,2026-01-28 03:00:00,2026-01-29 03:00:00,5088.06,5282.94,194.16,-7.1,59.22,24,Signal Exit,997
Long,True,1.0,2026-01-28 07:00:00,2026-01-29 03:00:00,5172.51,5282.94,109.71,-15.36,59.22,24,Signal Exit,998
Long,False,1.0,2026-01-29 07:00:00,2026-01-29 19:00:00,5422.61,5483.82,60.99,0.0,78.99,0,Signal Exit,999
Long,True,1.0,2026-01-29 11:00:00,2026-01-29 19:00:00,5535.4,5483.82,-51.8,-61.04,78.99,0,Signal Exit,1000
Long,False,1.0,2026-01-29 23:00:00,2026-01-30 03:00:00,5495.74,5339.07,-162.81,-397.09,108.48,24,Stop Loss Exit,1001
Long,False,1.0,2026-01-30 07:00:00,2026-01-30 11:00:00,5400.04,5224.53,-175.73,-287.55,135.65,0,Signal Exit,1002
Long,False,1.0,2026-02-04 15:00:00,2026-02-04 19:00:00,5076.6,5048.76,-28.06,-34.84,134.23,0,Signal Exit,1003
Long,False,1.0,2026-02-06 19:00:00,2026-02-09 07:00:00,4878.14,4990.56,110.7,-14.37,105.95,72,Signal Exit,1004
Long,False,1.0,2026-02-09 11:00:00,2026-02-09 19:00:00,5006.68,4990.96,-15.94,-24.58,88.46,0,Signal Exit,1005
Long,False,1.0,2026-02-09 23:00:00,2026-02-10 07:00:00,5037.56,5067.96,29.68,-13.83,75.16,24,Signal Exit,1006
Long,False,1.0,2026-02-10 19:00:00,2026-02-10 23:00:00,5046.88,5037.96,-9.14,-27.34,55.27,0,Signal Exit,1007
Long,False,1.0,2026-02-11 07:00:00,2026-02-11 23:00:00,5027.37,5059.07,31.48,-9.58,51.98,0,Signal Exit,1008
Long,False,1.0,2026-02-12 03:00:00,2026-02-12 11:00:00,5082.28,5065.86,-16.64,-37.23,49.96,0,Signal Exit,1009
Long,False,1.0,2026-02-12 19:00:00,2026-02-12 23:00:00,5062.12,5044.3,-18.04,-22.82,45.98,0,Signal Exit,1010
Long,False,1.0,2026-02-14 03:00:00,2026-02-16 11:00:00,5031.1,4994.62,-37.7,-38.95,59.98,48,Signal Exit,1011
Long,True,0.5,2026-02-16 07:00:00,2026-02-16 11:00:00,5035.13,4994.62,-20.37,-21.49,59.98,0,Signal Exit,1012
Long,False,1.0,2026-02-18 23:00:00,2026-02-19 03:00:00,4991.74,4987.3,-5.16,-11.14,51.26,24,Signal Exit,1013
Long,False,1.0,2026-02-19 15:00:00,2026-02-19 19:00:00,5018.15,4993.18,-25.19,-36.61,51.72,0,Signal Exit,1014
Long,False,1.0,2026-02-19 23:00:00,2026-02-20 03:00:00,5005.6,4981.58,-24.74,-30.26,47.9,24,Signal Exit,1015
Long,False,1.0,2026-02-20 07:00:00,2026-02-23 15:00:00,5003.18,5145.54,140.64,-21.6,45.74,72,Signal Exit,1016
Long,True,1.0,2026-02-20 11:00:00,2026-02-23 15:00:00,4996.21,5145.54,147.61,-14.63,45.74,72,Signal Exit,1017
Long,False,1.0,2026-02-23 19:00:00,2026-02-24 11:00:00,5162.73,5190.03,26.58,-21.5,50.19,24,Signal Exit,1018
Long,True,0.5,2026-02-23 23:00:00,2026-02-24 11:00:00,5192.27,5190.03,-1.48,-23.54,50.19,24,Signal Exit,1019
Long,False,1.0,2026-02-25 03:00:00,2026-02-25 07:00:00,5160.19,5141.52,-18.89,-19.19,52.38,0,Signal Exit,1020
Long,False,1.0,2026-02-25 11:00:00,2026-02-25 19:00:00,5180.83,5175.19,-5.86,-10.68,48.11,0,Signal Exit,1021
Long,False,1.0,2026-02-25 23:00:00,2026-02-26 07:00:00,5191.03,5165.12,-26.63,-45.17,49.15,24,Signal Exit,1022
Long,False,1.0,2026-02-26 11:00:00,2026-02-26 19:00:00,5184.16,5171.19,-13.19,-18.45,43.15,0,Signal Exit,1023
Long,True,0.5,2026-02-26 15:00:00,2026-02-26 19:00:00,5193.35,5171.19,-11.19,-13.82,43.15,0,Signal Exit,1024
Long,False,1.0,2026-02-27 03:00:00,2026-02-27 11:00:00,5180.54,5183.65,2.89,-13.55,41.1,0,Signal Exit,1025
Long,True,1.0,2026-02-27 07:00:00,2026-02-27 11:00:00,5188.23,5183.65,-4.8,-21.24,41.1,0,Signal Exit,1026
Long,False,1.0,2026-02-27 15:00:00,2026-02-27 19:00:00,5185.58,5177.66,-8.14,-16.86,36.48,0,Signal Exit,1027
Long,True,1.0,2026-02-28 03:00:00,2026-03-02 23:00:00,5245.39,5328.85,82.24,-5.0,49.82,48,Signal Exit,1028
Long,False,1.0,2026-02-27 23:00:00,2026-03-02 23:00:00,5223.89,5328.85,103.24,-9.2,49.82,72,Signal Exit,1029
Long,False,1.0,2026-03-03 07:00:00,2026-03-03 15:00:00,5334.19,5310.24,-24.17,-54.84,58.0,0,Signal Exit,1030
Long,False,1.0,2026-03-10 10:00:00,2026-03-10 14:00:00,5184.02,5178.05,-6.19,-29.68,61.64,0,Signal Exit,1031
Long,False,1.0,2026-03-10 18:00:00,2026-03-11 06:00:00,5182.45,5190.1,6.93,-26.02,61.84,24,Signal Exit,1032
Long,False,1.0,2026-03-11 10:00:00,2026-03-11 14:00:00,5208.37,5199.77,-8.82,-17.5,61.73,0,Signal Exit,1033
Long,False,1.0,2026-03-12 06:00:00,2026-03-12 10:00:00,5182.09,5168.76,-13.55,-56.69,46.43,0,Signal Exit,1034
Long,False,1.0,2026-03-12 18:00:00,2026-03-12 22:00:00,5188.08,5151.21,-37.09,-42.17,44.35,0,Signal Exit,1035
Short,False,1.0,2026-03-19 06:00:00,2026-03-25 10:00:00,4829.45,4595.05,226.69,-37.57,131.84,144,Stop Loss Exit,1036
Short,False,1.0,2026-03-25 14:00:00,2026-03-26 02:00:00,4555.83,4550.57,4.89,-29.76,100.56,24,Signal Exit,1037
Short,False,1.0,2026-03-26 06:00:00,2026-03-26 10:00:00,4517.37,4535.68,-18.53,-26.99,80.91,0,Signal Exit,1038
Short,False,1.0,2026-03-26 14:00:00,2026-03-28 02:00:00,4439.26,4486.76,-48.02,-116.03,67.79,48,Signal Exit,1039
Short,False,1.0,2026-03-30 10:00:00,2026-03-30 14:00:00,4469.61,4522.19,-52.8,-59.19,68.32,0,Signal Exit,1040
Short,False,1.0,2026-03-30 22:00:00,2026-03-31 10:00:00,4523.1,4605.08,-82.35,-96.36,64.89,24,Signal Exit,1041
Short,False,1.0,2026-03-31 14:00:00,2026-03-31 22:00:00,4568.66,4607.34,-38.9,-41.24,64.89,0,Signal Exit,1042
Short,False,1.0,2026-04-01 14:00:00,2026-04-01 18:00:00,4684.36,4723.33,-39.19,-63.41,58.86,0,Signal Exit,1043
Short,False,1.0,2026-04-02 06:00:00,2026-04-02 18:00:00,4759.38,4621.91,137.25,-40.87,68.59,0,Signal Exit,1044
Short,False,1.0,2026-04-06 10:00:00,2026-04-06 14:00:00,4626.11,4652.63,-26.74,-52.46,70.41,0,Signal Exit,1045
Short,False,1.0,2026-04-06 22:00:00,2026-04-07 14:00:00,4681.61,4643.12,38.12,-16.07,66.97,24,Signal Exit,1046
Short,False,1.0,2026-04-07 22:00:00,2026-04-08 02:00:00,4644.02,4675.96,-32.31,-42.72,54.45,24,Signal Exit,1047
Short,False,1.0,2026-04-08 18:00:00,2026-04-09 10:00:00,4783.19,4727.53,55.29,-23.88,58.08,24,Signal Exit,1048
Short,False,1.0,2026-04-09 14:00:00,2026-04-09 18:00:00,4712.98,4729.32,-16.56,-20.31,57.02,0,Signal Exit,1049
Short,False,1.0,2026-04-10 06:00:00,2026-04-10 14:00:00,4775.64,4765.75,9.67,-3.87,50.77,0,Signal Exit,1050
Short,False,1.0,2026-04-10 18:00:00,2026-04-10 22:00:00,4751.47,4776.51,-25.26,-31.08,41.52,0,Signal Exit,1051
Short,False,1.0,2026-04-11 02:00:00,2026-04-13 14:00:00,4760.48,4729.46,30.5,-12.82,41.38,48,Signal Exit,1052
Short,False,1.0,2026-04-13 18:00:00,2026-04-13 22:00:00,4714.58,4730.31,-15.95,-29.8,42.0,0,Signal Exit,1053
Short,False,1.0,2026-04-14 02:00:00,2026-04-14 06:00:00,4730.11,4751.47,-21.58,-17.44,41.37,0,Signal Exit,1054
Short,False,1.0,2026-04-14 14:00:00,2026-04-14 18:00:00,4760.07,4778.35,-18.5,-36.1,39.35,0,Signal Exit,1055
Short,False,1.0,2026-04-15 14:00:00,2026-04-15 22:00:00,4819.9,4829.3,-9.62,-10.14,36.9,0,Signal Exit,1056
Short,False,1.0,2026-04-16 02:00:00,2026-04-16 10:00:00,4792.63,4817.89,-25.48,-44.98,35.89,0,Signal Exit,1057
Short,False,1.0,2026-04-16 18:00:00,2026-04-17 06:00:00,4812.99,4794.55,18.07,-10.82,34.11,24,Signal Exit,1058
Short,False,1.0,2026-04-17 10:00:00,2026-04-17 14:00:00,4789.37,4794.04,-4.89,-16.89,33.38,0,Signal Exit,1059
Short,False,1.0,2026-04-17 18:00:00,2026-04-17 22:00:00,4790.42,4881.22,-92.85,-99.02,36.57,0,Stop Loss Exit,1060
Short,False,1.0,2026-04-18 02:00:00,2026-04-20 22:00:00,4862.65,4818.01,44.12,-5.22,39.87,48,Signal Exit,1061
Short,False,1.0,2026-04-21 02:00:00,2026-04-21 06:00:00,4806.82,4823.94,-17.34,-15.16,38.96,0,Signal Exit,1062
Short,False,1.0,2026-04-21 10:00:00,2026-05-01 22:00:00,4810.37,4626.03,182.62,-0.24,42.11,240,Signal Exit,1063
Short,True,0.5,2026-04-24 06:00:00,2026-05-01 22:00:00,4699.29,4626.03,36.0,-20.6,42.11,168,Signal Exit,1064
Short,False,1.0,2026-05-04 06:00:00,2026-05-06 10:00:00,4619.77,4625.88,-8.5,-9.66,37.49,48,Stop Loss Exit,1065
Short,True,1.0,2026-05-04 10:00:00,2026-05-06 10:00:00,4612.87,4625.88,-15.4,-15.75,37.49,48,Stop Loss Exit,1066
Short,False,1.0,2026-05-07 02:00:00,2026-05-07 06:00:00,4684.19,4696.2,-12.23,-16.06,40.25,0,Signal Exit,1067
Short,False,1.0,2026-05-07 14:00:00,2026-05-07 18:00:00,4701.11,4729.2,-28.31,-52.43,39.28,0,Signal Exit,1068
Short,False,1.0,2026-05-08 02:00:00,2026-05-08 10:00:00,4712.08,4722.96,-11.1,-13.41,43.31,0,Signal Exit,1069
Short,False,1.0,2026-05-08 18:00:00,2026-05-08 22:00:00,4711.81,4748.12,-36.53,-36.33,41.44,0,Signal Exit,1070
Short,False,1.0,2026-05-09 02:00:00,2026-05-11 18:00:00,4720.83,4656.79,63.52,-8.19,40.29,48,Signal Exit,1071
Short,False,1.0,2026-05-12 02:00:00,2026-05-12 06:00:00,4723.91,4740.33,-16.64,-14.55,42.42,0,Signal Exit,1072
Short,False,1.0,2026-05-12 10:00:00,2026-05-13 06:00:00,4727.09,4715.37,11.35,-6.82,40.77,24,Signal Exit,1073
Short,True,0.5,2026-05-15 06:00:00,2026-05-21 10:00:00,4649.38,4561.5,42.41,-7.95,38.89,144,Stop Loss Exit,1074
Short,False,1.0,2026-05-13 10:00:00,2026-05-21 10:00:00,4702.62,4561.5,137.76,-16.22,38.89,192,Stop Loss Exit,1075
Short,False,1.0,2026-05-21 14:00:00,2026-05-22 02:00:00,4527.88,4550.97,-23.46,-31.48,43.23,24,Signal Exit,1076
Short,False,1.0,2026-05-22 06:00:00,2026-05-22 18:00:00,4542.07,4532.11,9.74,-4.0,37.36,0,Signal Exit,1077
Short,True,1.0,2026-05-22 10:00:00,2026-05-22 18:00:00,4526.43,4532.11,-5.9,-9.54,37.36,0,Signal Exit,1078
Short,False,1.0,2026-05-22 22:00:00,2026-05-25 10:00:00,4513.91,4562.93,-49.69,-65.8,35.86,72,Signal Exit,1079
Short,True,1.0,2026-05-23 02:00:00,2026-05-25 10:00:00,4519.12,4562.93,-44.33,-60.59,35.86,48,Signal Exit,1080
Short,False,1.0,2026-05-25 14:00:00,2026-05-25 18:00:00,4553.22,4567.42,-14.42,-15.86,34.41,0,Signal Exit,1081
Short,False,1.0,2026-05-25 22:00:00,2026-05-26 02:00:00,4562.92,4565.3,-2.75,-14.74,31.7,24,Signal Exit,1082
Short,False,1.0,2026-05-26 10:00:00,2026-05-29 02:00:00,4536.86,4508.85,25.19,-8.5,42.97,72,Stop Loss Exit,1083
Short,True,1.0,2026-05-28 06:00:00,2026-05-29 02:00:00,4463.03,4508.85,-48.34,-51.56,42.97,24,Stop Loss Exit,1084
Short,False,1.0,2026-05-29 06:00:00,2026-05-29 10:00:00,4499.08,4506.04,-7.18,-21.64,41.43,0,Signal Exit,1085
Short,True,0.5,2026-06-02 06:00:00,2026-06-02 14:00:00,4485.52,4517.14,-15.92,-21.25,35.86,0,Signal Exit,1086
Short,False,1.0,2026-06-01 06:00:00,2026-06-02 14:00:00,4522.08,4517.14,4.57,-23.9,35.86,24,Signal Exit,1087
Short,True,0.5,2026-06-03 02:00:00,2026-06-03 06:00:00,4484.74,4491.79,-3.64,-3.18,34.6,0,Signal Exit,1088
Short,False,1.0,2026-06-02 22:00:00,2026-06-03 06:00:00,4502.51,4491.79,10.35,-6.14,34.6,24,Signal Exit,1089
Short,False,1.0,2026-06-03 10:00:00,2026-06-04 22:00:00,4476.08,4495.66,-19.95,-39.4,30.94,24,Signal Exit,1090
Short,True,0.5,2026-06-04 06:00:00,2026-06-04 22:00:00,4436.94,4495.66,-29.47,-39.27,30.94,0,Signal Exit,1091
Short,False,1.0,2026-06-05 02:00:00,2026-06-15 10:00:00,4478.0,4316.5,156.61,-5.51,63.4,240,Stop Loss Exit,1092
Short,True,1.0,2026-06-08 06:00:00,2026-06-15 10:00:00,4328.03,4316.5,7.09,-35.51,63.4,168,Stop Loss Exit,1093
Short,False,1.0,2026-06-15 14:00:00,2026-06-15 18:00:00,4309.94,4336.88,-27.16,-35.3,58.03,0,Signal Exit,1094
Short,False,1.0,2026-06-16 02:00:00,2026-06-16 10:00:00,4324.94,4313.36,11.36,-3.17,50.12,0,Signal Exit,1095
Short,False,1.0,2026-06-16 22:00:00,2026-06-17 02:00:00,4331.9,4340.22,-8.69,-15.12,40.27,24,Signal Exit,1096
Short,False,1.0,2026-06-17 06:00:00,2026-06-17 10:00:00,4334.52,4340.69,-6.39,-15.23,35.51,0,Signal Exit,1097
Short,False,1.0,2026-06-17 14:00:00,2026-06-17 18:00:00,4327.78,4329.72,-2.16,-7.94,28.95,0,Signal Exit,1098
Short,False,1.0,2026-06-18 06:00:00,2026-06-18 10:00:00,4257.51,4317.62,-60.33,-71.16,39.39,0,Signal Exit,1099
Short,False,1.0,2026-06-18 14:00:00,2026-07-01 02:00:00,4307.86,4030.67,275.02,-2.03,38.76,312,Signal Exit,1100
Short,True,1.0,2026-06-19 06:00:00,2026-07-01 02:00:00,4212.82,4030.67,180.13,-8.16,38.76,288,Signal Exit,1101
Short,False,1.0,2026-07-01 06:00:00,2026-07-01 22:00:00,4012.62,4089.67,-79.5,-95.17,44.51,0,Stop Loss Exit,1102
Short,True,1.0,2026-07-01 10:00:00,2026-07-01 22:00:00,3977.92,4089.67,-114.2,-129.87,44.51,0,Stop Loss Exit,1103
Short,False,1.0,2026-07-02 02:00:00,2026-07-02 10:00:00,4068.46,4049.83,18.41,-2.43,46.3,0,Signal Exit,1104
Short,False,1.0,2026-07-02 18:00:00,2026-07-02 22:00:00,4065.54,4136.64,-73.61,-78.64,45.83,0,Stop Loss Exit,1105
Short,False,1.0,2026-07-03 02:00:00,2026-07-03 06:00:00,4106.88,4126.31,-19.65,-20.29,43.72,0,Signal Exit,1106
Short,False,1.0,2026-07-03 14:00:00,2026-07-03 18:00:00,4171.1,4171.88,-1.0,-15.56,43.96,0,Signal Exit,1107
Short,False,1.0,2026-07-03 22:00:00,2026-07-06 06:00:00,4164.48,4178.04,-14.23,-12.05,44.01,72,Signal Exit,1108
Short,False,1.0,2026-07-06 14:00:00,2026-07-07 02:00:00,4148.1,4161.12,-13.39,-18.27,35.38,24,Signal Exit,1109
Short,False,1.0,2026-07-07 10:00:00,2026-07-07 18:00:00,4142.28,4131.33,10.73,-3.1,30.97,0,Signal Exit,1110
Short,False,1.0,2026-07-08 02:00:00,2026-07-08 14:00:00,4144.44,4127.61,16.61,-0.9,32.99,0,Signal Exit,1111
Short,False,1.0,2026-07-08 18:00:00,2026-07-10 02:00:00,4043.68,4136.33,-93.17,-94.63,40.42,48,Signal Exit,1112
Short,False,1.0,2026-07-10 06:00:00,2026-07-13 06:00:00,4124.79,4097.61,26.51,-10.15,30.45,72,Signal Exit,1113
Short,False,1.0,2026-07-13 10:00:00,2026-07-21 10:00:00,4072.4,4023.38,47.6,-30.37,28.56,192,Signal Exit,1114
Short,True,0.5,2026-07-14 06:00:00,2026-07-21 10:00:00,4005.38,4023.38,-9.64,-48.7,28.56,168,Signal Exit,1115
Short,False,1.0,2026-07-21 22:00:00,2026-07-22 02:00:00,4053.38,4068.85,-15.84,-29.93,30.29,24,Signal Exit,1116
Short,False,1.0,2026-07-22 18:00:00,2026-07-22 22:00:00,4115.02,4155.0,-40.2,-40.92,30.66,0,Signal Exit,1117
Short,False,1.0,2026-07-23 02:00:00,2026-07-23 14:00:00,4142.68,4124.01,18.45,-0.22,30.05,0,Signal Exit,1118
Short,False,1.0,2026-07-23 18:00:00,2026-07-24 22:00:00,4090.03,4067.75,21.91,-5.35,28.2,24,Signal Exit,1119
Short,False,1.0,2026-07-25 02:00:00,2026-07-27 10:00:00,4063.72,4110.28,-48.49,-52.28,28.25,48,Stop Loss Exit,1120
Short,False,1.0,2026-07-27 14:00:00,2026-07-27 18:00:00,4093.05,4096.26,-3.43,-12.9,28.53,0,Signal Exit,1121
Short,False,1.0,2026-07-27 22:00:00,2026-07-30 06:00:00,4074.26,4071.54,2.05,-42.02,30.15,72,Signal Exit,1122
Short,True,0.5,2026-07-29 06:00:00,2026-07-30 06:00:00,4027.75,4071.54,-22.08,-44.26,30.15,24,Signal Exit,1123
Short,False,1.0,2026-07-30 14:00:00,2026-07-30 18:00:00,4033.66,4063.62,-30.18,-39.51,34.19,0,Signal Exit,1124
Short,False,1.0,2026-07-31 02:00:00,2026-07-31 06:00:00,4102.77,4105.64,-3.09,-14.82,36.55,0,Signal Exit,1125
Short,False,1.0,2026-07-31 10:00:00,2026-08-03 14:00:00,4084.49,4069.17,14.65,-5.86,33.71,72,Signal Exit,1126
Short,False,1.0,2026-08-03 18:00:00,2026-08-04 06:00:00,4055.54,4054.33,0.84,-9.18,28.2,24,Signal Exit,1127
Short,False,1.0,2026-08-04 18:00:00,2026-08-04 22:00:00,4050.01,4084.28,-34.49,-43.84,29.23,0,Signal Exit,1128
Short,False,1.0,2026-08-05 06:00:00,2026-08-05 10:00:00,4078.58,4101.12,-22.76,-24.22,27.33,0,Signal Exit,1129
Short,False,1.0,2026-08-05 18:00:00,2026-08-05 22:00:00,4158.15,4205.16,-47.23,-55.3,34.69,0,Signal Exit,1130
Long,False,1.0,2026-08-06 10:00:00,2026-08-06 14:00:00,4285.85,4267.44,-18.63,-38.65,40.88,0,Signal Exit,1131
Long,False,1.0,2026-08-06 18:00:00,2026-08-06 22:00:00,4272.91,4267.27,-5.86,-42.11,43.4,0,Signal Exit,1132
Long,False,1.0,2026-08-07 10:00:00,2026-08-08 02:00:00,4256.92,4340.37,82.73,-10.0,44.36,24,Signal Exit,1133
Long,False,1.0,2026-08-10 06:00:00,2026-08-10 10:00:00,4348.43,4322.62,-26.03,-35.19,39.42,0,Signal Exit,1134
Long,False,1.0,2026-08-10 14:00:00,2026-08-10 18:00:00,4347.66,4341.36,-6.52,-7.02,37.55,0,Signal Exit,1135
Long,False,1.0,2026-08-11 02:00:00,2026-08-11 14:00:00,4360.42,4374.54,13.9,-0.35,38.8,0,Signal Exit,1136
Long,False,1.0,2026-08-11 22:00:00,2026-08-12 02:00:00,4389.36,4369.27,-20.81,-20.28,37.61,24,Signal Exit,1137
Long,False,1.0,2026-08-12 10:00:00,2026-08-12 14:00:00,4396.21,4391.05,-5.38,-12.32,34.83,0,Signal Exit,1138
Long,False,1.0,2026-08-12 18:00:00,2026-08-13 02:00:00,4415.97,4399.64,-17.05,-33.17,38.19,24,Signal Exit,1139
Long,False,1.0,2026-08-13 06:00:00,2026-08-13 10:00:00,4409.96,4408.3,-1.88,-11.75,38.05,0,Signal Exit,1140
Long,False,1.0,2026-08-13 18:00:00,2026-08-13 22:00:00,4384.58,4373.1,-11.7,-13.75,33.62,0,Signal Exit,1141
Long,False,1.0,2026-08-14 22:00:00,2026-08-15 02:00:00,4384.45,4378.83,-6.34,-8.17,35.03,24,Signal Exit,1142
Long,False,1.0,2026-08-17 10:00:00,2026-08-17 14:00:00,4395.6,4394.69,-1.13,-8.72,31.6,0,Signal Exit,1143
Long,False,1.0,2026-08-17 18:00:00,2026-08-18 10:00:00,4395.66,4408.2,11.82,-18.42,29.04,24,Signal Exit,1144
Long,False,1.0,2026-08-18 22:00:00,2026-08-19 02:00:00,4395.05,4357.88,-37.89,-43.45,29.03,24,Signal Exit,1145
Long,False,1.0,2026-08-19 22:00:00,2026-08-20 10:00:00,4459.67,4489.79,29.4,-4.53,38.9,24,Signal Exit,1146
Long,True,1.0,2026-08-20 06:00:00,2026-08-20 10:00:00,4525.84,4489.79,-36.27,-41.4,38.9,0,Signal Exit,1147
Long,False,1.0,2026-08-20 18:00:00,2026-08-20 22:00:00,4482.63,4481.83,-1.02,-32.0,39.58,0,Signal Exit,1148
Long,False,1.0,2026-08-21 02:00:00,2026-08-21 06:00:00,4520.0,4520.67,0.45,-11.61,42.22,0,Signal Exit,1149
Long,False,1.0,2026-08-21 10:00:00,2026-08-21 22:00:00,4530.78,4580.87,49.87,-12.46,43.92,0,Signal Exit,1150
Long,False,1.0,2026-08-22 02:00:00,2026-08-24 06:00:00,4620.51,4623.47,1.74,-17.33,39.8,48,Signal Exit,1151
Long,False,1.0,2026-08-24 10:00:00,2026-08-25 02:00:00,4631.98,4636.69,3.99,-4.52,40.97,24,Signal Exit,1152
Long,True,1.0,2026-08-24 14:00:00,2026-08-25 02:00:00,4640.95,4636.69,-4.98,-12.17,40.97,24,Signal Exit,1153
Long,False,1.0,2026-08-25 06:00:00,2026-08-25 14:00:00,4656.39,4643.15,-13.46,-38.46,40.32,0,Signal Exit,1154
Long,True,1.0,2026-08-25 10:00:00,2026-08-25 14:00:00,4658.0,4643.15,-15.07,-40.07,40.32,0,Signal Exit,1155
Long,False,1.0,2026-08-26 02:00:00,2026-08-26 10:00:00,4648.56,4657.47,8.69,-18.2,37.92,0,Signal Exit,1156
Long,True,1.0,2026-08-26 06:00:00,2026-08-26 10:00:00,4660.11,4657.47,-2.86,-29.75,37.92,0,Signal Exit,1157
Long,False,1.0,2026-08-26 22:00:00,2026-08-27 02:00:00,4631.67,4597.78,-34.61,-48.57,39.04,24,Signal Exit,1158
Long,False,1.0,2026-08-27 10:00:00,2026-08-27 14:00:00,4639.9,4607.19,-32.93,-38.83,38.13,0,Signal Exit,1159
