timestamp,open,high,low,close
2016-04-29,93.19,93.47,92.94,92.97
2016-05-02,93.01,93.02,92.48,92.59
2016-05-03,92.56,92.92,91.84,92.9
2016-05-04,92.93,93.32,92.79,93.19
2016-05-05,93.19,93.82,93.13,93.71
2016-05-06,93.72,93.92,93.12,93.81
2016-05-09,93.84,94.15,93.76,94.1
2016-05-10,94.08,94.29,93.97,94.2
2016-05-11,94.17,94.17,93.61,93.78
2016-05-12,93.8,94.12,93.74,94.1
2016-05-13,94.12,94.78,94.06,94.51
2016-05-16,94.52,94.63,94.34,94.5
2016-05-17,94.5,94.67,94.28,94.48
2016-05-18,94.49,95.16,94.47,95.16
2016-05-19,95.15,95.47,95.09,95.3
2016-05-20,95.26,95.4,95.1,95.32
2016-05-23,95.29,95.43,95.07,95.22
2016-05-24,95.26,95.62,95.16,95.57
2016-05-25,95.62,95.62,95.28,95.35
2016-05-26,95.37,95.37,94.89,95.12
2016-05-27,95.09,95.73,95.03,95.72
2016-05-30,95.76,95.92,95.63,95.69
2016-05-31,95.56,95.85,95.42,95.83
2016-06-01,95.75,95.87,95.3,95.34
2016-06-02,95.36,95.54,95.11,95.49
2016-06-03,95.53,95.6,93.93,93.94
2016-06-06,93.98,94.23,93.7,93.92
2016-06-07,93.93,94.04,93.71,93.82
2016-06-08,93.82,93.82,93.37,93.56
2016-06-09,93.48,94.04,93.39,93.99
2016-06-10,94.09,94.68,94.01,94.53
2016-06-14,94.44,95.1,94.35,95.0
2016-06-15,94.97,95.11,94.37,94.63
2016-06-16,94.62,95.49,94.22,94.73
2016-06-17,94.42,94.7,94.13,94.25
2016-06-20,93.73,93.79,93.51,93.64
2016-06-21,93.59,94.15,93.43,94.12
2016-06-22,94.07,94.14,93.46,93.77
2016-06-23,93.58,93.64,92.99,93.29
2016-06-24,93.72,96.67,93.69,95.61
2016-06-27,96.19,96.82,95.89,96.5
2016-06-28,96.52,96.52,95.88,96.15
2016-06-29,96.08,96.23,95.58,95.65
2016-06-30,95.67,96.43,95.48,95.91
2016-07-01,95.92,96.12,95.43,95.73
2016-07-04,95.71,95.91,95.51,95.56
2016-07-05,95.58,96.29,95.33,96.22
2016-07-06,96.27,96.58,95.99,96.08
2016-07-07,96.08,96.34,95.94,96.27
2016-07-08,96.27,96.67,95.73,96.25
2016-07-11,96.35,96.76,96.24,96.53
2016-07-12,96.52,96.61,96.02,96.5
2016-07-13,96.51,96.55,96.04,96.31
2016-07-14,96.27,96.37,95.79,96.05
2016-07-15,96.1,96.65,95.86,96.55
2016-07-18,96.54,96.67,96.41,96.52
2016-07-19,96.54,97.14,96.48,97.02
2016-07-20,97.07,97.32,96.98,97.1
2016-07-21,97.11,97.22,96.72,96.89
2016-07-22,96.83,97.54,96.81,97.37
2016-07-25,97.41,97.57,97.2,97.23
2016-07-26,97.27,97.3,96.84,97.12
2016-07-27,97.12,97.48,96.66,96.7
2016-07-28,96.51,96.7,96.2,96.64
2016-07-29,96.54,96.65,95.29,95.48
2016-08-01,95.59,95.72,95.45,95.7
2016-08-02,95.67,95.76,94.89,94.97
2016-08-03,95.04,95.5,95.03,95.44
2016-08-04,95.46,95.83,95.33,95.7
2016-08-05,95.65,96.45,95.44,96.16
2016-08-08,96.179,96.37,96.049,96.24
2016-08-09,96.25,96.42,95.96,96.01
2016-08-10,96.02,96.02,95.33,95.54
2016-08-11,95.47,95.86,95.41,95.85
2016-08-12,95.85,95.91,95.14,95.66
2016-08-15,95.65,95.72,95.38,95.53
2016-08-16,95.55,95.56,94.33,94.71
2016-08-17,94.71,95.03,94.44,94.64
2016-08-18,94.55,94.58,94.0,94.07
2016-08-19,94.14,94.55,94.14,94.41
2016-08-22,94.65,94.89,94.37,94.47
2016-08-23,94.5,94.51,94.15,94.45
2016-08-24,94.49,94.82,94.42,94.68
2016-08-25,94.72,94.74,94.5,94.64
2016-08-26,94.63,95.53,94.15,95.4
2016-08-29,95.45,95.76,95.39,95.48
2016-08-30,95.46,96.07,95.45,96.0
2016-08-31,95.93,96.2,95.85,95.96
2016-09-01,95.96,96.19,95.55,95.61
2016-09-02,95.6,95.91,95.12,95.81
2016-09-05,95.79,95.81,95.5,95.67
2016-09-06,95.72,95.8,94.7,94.75
2016-09-07,94.79,95.0,94.63,94.91
2016-09-08,94.93,95.09,94.4,94.99
2016-09-09,94.92,95.53,94.76,95.32
2016-09-12,95.21,95.41,94.88,95.08
2016-09-13,95.03,95.63,95.03,95.5
2016-09-14,95.49,95.61,95.14,95.28
2016-09-15,95.3,95.51,95.04,95.23
2016-09-16,95.2,96.07,95.17,96.06
2016-09-19,95.93,95.95,95.52,95.74
2016-09-20,95.72,95.93,95.47,95.92
2016-09-21,95.9,96.24,95.33,95.4
2016-09-22,95.41,95.44,94.9,95.26
2016-09-23,95.27,95.55,95.23,95.34
2016-09-26,95.31,95.39,94.97,95.16
2016-09-27,95.2,95.53,95.09,95.3
2016-09-28,95.33,95.61,95.23,95.27
2016-09-29,95.27,95.58,95.2,95.38
2016-09-30,95.43,95.84,95.2,95.36
2016-10-03,95.45,95.69,95.34,95.6
2016-10-04,95.62,96.34,95.61,96.05
2016-10-05,96.02,96.26,95.89,96.08
2016-10-06,96.08,96.73,96.06,96.61
2016-10-07,96.83,97.16,96.35,96.48
2016-10-10,96.49,96.92,96.44,96.86
2016-10-11,96.89,97.7,96.88,97.66
2016-10-12,97.45,98.0,97.42,97.94
2016-10-13,97.95,98.07,97.46,97.47
2016-10-14,97.57,98.05,97.47,98.04
2016-10-17,98.04,98.1,97.75,97.82
2016-10-18,97.71,97.91,97.55,97.83
2016-10-19,97.85,97.93,97.61,97.82
2016-10-20,97.82,98.35,97.61,98.24
2016-10-21,98.26,98.74,98.25,98.58
2016-10-24,98.62,98.77,98.49,98.59
2016-10-25,98.71,99.04,98.53,98.64
2016-10-26,98.66,98.76,98.26,98.54
2016-10-27,98.56,98.95,98.44,98.87
2016-10-28,98.85,98.87,98.17,98.25
2016-10-31,98.26,98.63,98.24,98.27
2016-11-01,98.34,98.42,97.57,97.71
2016-11-02,97.71,97.75,97.12,97.34
2016-11-03,97.38,97.43,97.02,97.14
2016-11-04,97.19,97.33,96.91,96.93
2016-11-07,97.31,97.83,97.2,97.7
2016-11-08,97.73,97.93,97.51,97.93
2016-11-09,98.05,98.58,95.86,98.58
2016-11-10,98.49,99.03,98.27,98.79
2016-11-11,98.8,99.08,98.49,99.0
2016-11-14,99.17,100.19,99.16,99.98
2016-11-15,99.75,100.23,99.43,100.1
2016-11-16,100.03,100.55,99.87,100.38
2016-11-17,100.23,100.96,99.94,100.91
2016-11-18,101.03,101.49,100.84,101.33
2016-11-21,101.41,101.42,100.81,100.92
2016-11-22,100.77,101.32,100.66,101.05
2016-11-23,101.05,101.91,100.91,101.68
2016-11-24,101.76,102.07,101.47,101.72
2016-11-25,101.8,101.92,101.2,101.44
2016-11-28,101.32,101.58,100.63,101.24
2016-11-29,101.21,101.64,100.89,100.97
2016-11-30,100.94,101.83,100.88,101.49
2016-12-01,101.51,101.56,100.95,100.96
2016-12-02,100.89,101.13,100.69,100.75
2016-12-05,101.35,101.55,99.82,100.12
2016-12-06,100.14,100.57,99.97,100.47
2016-12-07,100.53,100.58,100.13,100.18
2016-12-08,100.2,101.22,99.45,101.09
2016-12-09,101.1,101.72,100.99,101.6
2016-12-12,101.61,101.76,100.81,100.94
2016-12-13,100.92,101.14,100.74,101.06
2016-12-14,101.01,102.3,100.7,102.08
2016-12-15,102.44,103.52,102.11,103.1
2016-12-16,103.07,103.16,102.49,102.81
2016-12-19,102.74,103.11,102.45,103.04
2016-12-20,103.03,103.58,102.92,103.23
2016-12-21,103.24,103.33,102.7,102.94
2016-12-22,102.92,103.1,102.54,103.04
2016-12-23,103.04,103.16,102.81,102.96
2016-12-27,102.97,103.09,102.92,102.98
2016-12-28,102.92,103.53,102.81,103.2
2016-12-29,103.15,103.16,102.61,102.67
2016-12-30,102.17,102.59,101.9,102.22
2017-01-03,102.79,103.76,102.58,103.23
2017-01-04,103.3,103.37,102.34,102.51
2017-01-05,102.01,102.45,101.24,101.43
2017-01-06,101.5,102.25,101.35,102.13
2017-01-09,102.19,102.44,101.8,101.92
2017-01-10,101.78,102.04,101.44,101.92
2017-01-11,101.96,102.91,101.2,101.73
2017-01-12,101.66,101.72,100.65,101.31
2017-01-13,101.41,101.63,100.83,101.15
2017-01-16,101.36,101.68,101.26,101.48
2017-01-17,101.51,101.57,100.22,100.28
2017-01-18,100.29,101.24,100.26,101.17
2017-01-19,101.32,101.66,100.9,101.07
2017-01-20,101.16,101.44,100.63,100.78
2017-01-23,100.54,100.6,100.05,100.12
2017-01-24,99.94,100.35,99.83,100.22
2017-01-25,100.19,100.35,99.76,99.83
2017-01-26,99.73,100.68,99.71,100.5
2017-01-27,100.47,100.76,100.27,100.51
2017-01-30,100.29,100.96,100.09,100.38
2017-01-31,100.33,100.45,99.35,99.5
2017-02-01,99.54,99.98,99.43,99.63
2017-02-02,99.5,99.79,99.15,99.73
2017-02-03,99.78,100.25,99.47,99.69
2017-02-06,99.67,100.17,99.55,99.79
2017-02-07,99.91,100.64,99.86,100.28
2017-02-08,100.38,100.58,99.98,100.19
2017-02-09,100.09,100.62,100.02,100.56
2017-02-10,100.64,100.97,100.51,100.71
2017-02-13,100.92,101.06,100.52,100.95
2017-02-14,100.94,101.33,100.65,101.18
2017-02-15,101.27,101.7,100.92,100.98
2017-02-16,100.87,100.99,100.35,100.42
2017-02-17,100.45,100.91,100.39,100.87
2017-02-20,100.77,100.93,100.72,100.87
2017-02-21,100.87,101.56,100.87,101.33
2017-02-22,101.41,101.66,101.1,101.15
2017-02-23,101.31,101.38,100.8,100.94
2017-02-24,101.0,101.09,100.59,101.07
2017-02-27,101.2,101.22,100.63,101.08
2017-02-28,101.16,101.17,100.72,101.08
2017-03-01,101.43,101.93,101.17,101.69
2017-03-02,101.77,102.22,101.73,102.11
2017-03-03,102.02,102.11,101.34,101.34
2017-03-06,101.3,101.69,101.17,101.62
2017-03-07,101.68,101.86,101.47,101.73
2017-03-08,101.7,102.01,101.55,101.92
2017-03-09,101.98,102.08,101.52,101.72
2017-03-10,101.75,101.8,100.98,101.01
2017-03-13,101.07,101.21,100.81,101.21
2017-03-14,101.24,101.61,101.16,101.57
2017-03-15,101.51,101.54,100.27,100.31
2017-03-16,100.3,100.52,100.0,100.04
2017-03-17,100.01,100.23,99.92,100.12
2017-03-20,100.08,100.22,99.78,100.11
2017-03-21,100.12,100.13,99.41,99.49
2017-03-22,99.47,99.68,99.29,99.44
2017-03-23,99.54,99.61,99.39,99.51
2017-03-24,99.52,99.76,99.31,99.49
2017-03-27,99.1,99.15,98.62,98.98
2017-03-28,99.01,99.57,98.87,99.47
2017-03-29,99.5,99.91,99.45,99.73
2017-03-30,99.81,100.42,99.74,100.4
2017-03-31,100.29,100.46,100.06,100.31
2017-04-03,100.28,100.51,100.18,100.31
2017-04-04,100.28,100.55,100.25,100.38
2017-04-05,100.36,100.89,100.25,100.41
2017-04-06,100.33,100.62,100.23,100.57
2017-04-07,100.58,101.14,100.37,100.97
2017-04-10,101.1,101.21,100.83,100.9
2017-04-11,100.85,100.96,100.46,100.58
2017-04-12,100.55,100.71,99.96,100.02
2017-04-13,99.98,100.45,99.88,100.44
2017-04-17,100.32,100.33,99.86,100.16
2017-04-18,100.2,100.26,99.32,99.36
2017-04-19,99.39,99.74,99.36,99.66
2017-04-20,99.64,99.71,99.24,99.66
2017-04-21,99.71,99.89,99.51,99.77
2017-04-24,98.82,99.19,98.76,98.86
2017-04-25,98.91,99.05,98.52,98.67
2017-04-26,98.67,99.15,98.55,98.8
2017-04-27,98.8,99.16,98.64,98.98
2017-04-28,99.03,99.08,98.53,98.85
2017-05-01,98.78,99.02,98.69,98.93
2017-05-02,98.87,99.03,98.73,98.73
2017-05-03,98.72,99.22,98.7,99.21
2017-05-04,99.19,99.29,98.51,98.56
2017-05-05,98.58,98.82,98.37,98.38
2017-05-08,98.61,99.0,98.42,98.99
2017-05-09,98.96,99.52,98.92,99.4
2017-05-10,99.28,99.56,99.2,99.45
2017-05-11,99.52,99.72,99.32,99.49
2017-05-12,99.48,99.54,99.0,99.02
2017-05-15,99.04,99.09,98.62,98.76
2017-05-16,98.72,98.73,97.92,98.05
2017-05-17,97.94,97.97,97.28,97.29
2017-05-18,97.36,97.92,97.23,97.71
2017-05-19,97.66,97.7,96.92,96.97
2017-05-22,97.01,97.29,96.65,96.83
2017-05-23,96.79,97.27,96.66,97.23
2017-05-24,97.28,97.32,96.9,96.9
2017-05-25,96.86,97.16,96.76,97.09
2017-05-26,97.09,97.42,96.91,97.31
2017-05-29,97.29,97.39,97.2,97.29
2017-05-30,97.58,97.65,97.09,97.18
2017-05-31,97.3,97.37,96.75,96.85
2017-06-01,96.9,97.22,96.8,97.11
2017-06-02,97.11,97.21,96.56,96.58
2017-06-05,96.63,96.88,96.61,96.72
2017-06-06,96.7,96.7,96.42,96.45
2017-06-07,96.51,96.89,96.41,96.62
2017-06-08,96.65,97.08,96.51,96.9
2017-06-09,97.22,97.42,97.07,97.21
2017-06-12,97.16,97.25,96.97,97.1
2017-06-13,97.13,97.21,96.88,96.92
2017-06-14,96.94,97.06,96.25,96.85
2017-06-15,96.86,97.5,96.79,97.44
2017-06-16,97.42,97.5,97.04,97.1
2017-06-19,96.88,97.23,96.7,97.18
2017-06-20,97.24,97.47,97.08,97.35
2017-06-21,97.33,97.42,97.13,97.16
2017-06-22,97.17,97.3,97.07,97.21
2017-06-23,97.22,97.25,96.81,96.9
2017-06-26,96.87,97.11,96.76,97.07
2017-06-27,97.07,97.1,95.99,96.13
2017-06-28,96.11,96.27,95.62,95.73
2017-06-29,95.73,95.73,95.22,95.27
2017-06-30,95.26,95.52,95.17,95.35
2017-07-03,95.35,95.95,95.33,95.9
2017-07-04,95.85,96.04,95.75,95.92
2017-07-05,95.86,96.21,95.77,95.92
2017-07-06,95.97,96.06,95.51,95.52
2017-07-07,95.54,95.89,95.48,95.72
2017-07-10,95.73,95.89,95.64,95.76
2017-07-11,95.79,95.91,95.35,95.44
2017-07-12,95.39,95.7,95.22,95.5
2017-07-13,95.49,95.65,95.2,95.52
2017-07-14,95.5,95.57,94.83,94.85
2017-07-17,94.8,95.07,94.75,94.87
2017-07-18,94.91,94.92,94.22,94.41
2017-07-19,94.44,94.64,94.39,94.59
2017-07-20,94.52,94.93,93.84,94.02
2017-07-21,94.05,94.12,93.62,93.71
2017-07-24,93.61,93.9,93.6,93.77
2017-07-25,93.8,93.91,93.41,93.87
2017-07-26,93.9,94.07,93.17,93.24
2017-07-27,93.29,93.9,92.95,93.72
2017-07-28,93.62,93.75,93.05,93.12
2017-07-31,93.16,93.34,92.58,92.62
2017-08-01,92.76,92.92,92.59,92.88
2017-08-02,92.85,92.98,92.34,92.7
2017-08-03,92.74,92.85,92.51,92.65
2017-08-04,92.55,93.59,92.53,93.28
2017-08-07,93.31,93.36,93.12,93.25
2017-08-08,93.24,93.72,93.07,93.43
2017-08-09,93.42,93.73,93.31,93.36
2017-08-10,93.35,93.65,93.17,93.24
2017-08-11,93.25,93.36,92.78,92.91
2017-08-14,92.95,93.34,92.9,93.29
2017-08-15,93.35,93.99,93.29,93.7
2017-08-16,93.68,94.0,93.32,93.36
2017-08-17,93.32,93.95,93.17,93.59
2017-08-18,93.61,93.64,93.2,93.28
2017-08-21,93.35,93.45,92.87,92.95
2017-08-22,92.98,93.44,92.93,93.38
2017-08-23,93.4,93.5,92.99,93.08
2017-08-24,93.03,93.26,93.03,93.18
2017-08-25,93.18,93.32,92.3,92.44
2017-08-28,92.26,92.43,92.07,92.13
2017-08-29,92.14,92.36,91.5,92.22
2017-08-30,92.24,92.84,92.14,92.79
2017-08-31,92.82,93.25,92.51,92.54
2017-09-01,92.54,92.86,92.0,92.74
2017-09-04,92.57,92.643,92.388,92.56
2017-09-05,92.6,92.677,92.123,92.26
2017-09-06,92.177,92.318,91.933,92.19
2017-09-07,92.153,92.213,91.355,91.48
2017-09-08,91.423,91.473,90.97,91.24
2017-09-11,91.427,91.948,91.378,91.9
2017-09-12,91.87,92.038,91.733,91.873
2017-09-13,91.855,92.493,91.673,92.373
2017-09-14,92.373,92.64,92.008,92.02
2017-09-15,91.94,92.11,91.34,91.51
2017-09-18,91.698,91.973,91.563,91.79
2017-09-19,91.743,91.81,91.498,91.6
2017-09-20,91.61,92.47,91.205,92.203
2017-09-21,92.385,92.443,91.878,91.945
2017-09-22,91.9,91.987,91.555,91.9
2017-09-25,92.098,92.503,91.978,92.425
2017-09-26,92.39,93.082,92.323,92.785
2017-09-27,92.878,93.398,92.788,93.243
2017-09-28,93.243,93.478,92.9,92.93
2017-09-29,92.99,93.098,92.783,92.87
2017-10-02,92.965,93.595,92.965,93.463
2017-10-03,93.45,93.755,93.255,93.398
2017-10-04,93.37,93.403,93.065,93.288
2017-10-05,93.343,93.813,93.23,93.753
2017-10-06,93.72,94.078,93.58,93.59
2017-10-09,93.545,93.648,93.435,93.53
2017-10-10,93.51,93.55,92.938,93.075
2017-10-11,93.033,93.168,92.698,92.763
2017-10-12,92.74,93.043,92.615,92.925
2017-10-13,92.915,93.07,92.57,92.86
2017-10-16,92.935,93.188,92.913,93.115
2017-10-17,93.123,93.573,93.12,93.34
2017-10-18,93.305,93.635,93.198,93.283
2017-10-19,93.265,93.403,92.893,92.98
2017-10-20,93.02,93.653,92.973,93.52
2017-10-23,93.745,93.87,93.54,93.7
2017-10-24,93.665,93.848,93.538,93.805
2017-10-25,93.823,93.868,93.457,93.508
2017-10-26,93.47,94.593,93.348,94.523
2017-10-27,94.653,95.043,94.612,94.7
2017-10-30,94.74,94.793,94.302,94.353
2017-10-31,94.34,94.578,94.332,94.43
2017-11-01,94.403,94.735,94.383,94.685
2017-11-02,94.633,94.677,94.288,94.6
2017-11-03,94.588,94.903,94.12,94.77
2017-11-06,94.885,94.978,94.598,94.618
2017-11-07,94.598,95.048,94.575,94.768
2017-11-08,94.74,94.843,94.663,94.728
2017-11-09,94.825,94.848,94.293,94.385
2017-11-10,94.337,94.533,94.138,94.278
2017-11-13,94.44,94.528,94.288,94.36
2017-11-14,94.373,94.425,93.618,93.728
2017-11-15,93.748,93.783,93.29,93.695
2017-11-16,93.772,93.893,93.673,93.818
2017-11-17,93.683,93.828,93.4,93.523
2017-11-20,93.825,93.998,93.473,93.99
2017-11-21,93.915,94.063,93.778,93.888
2017-11-22,93.825,93.865,93.103,93.16
2017-11-23,93.177,93.193,92.98,93.025
2017-11-24,93.1,93.155,92.588,92.695
2017-11-27,92.77,92.838,92.408,92.838
2017-11-28,92.768,93.248,92.74,93.173
2017-11-29,93.147,93.358,92.908,93.168
2017-11-30,93.177,93.443,92.663,92.965
2017-12-01,92.893,93.193,92.51,92.823
2017-12-04,93.04,93.315,93.003,93.108
2017-12-05,92.998,93.427,92.975,93.258
2017-12-06,93.293,93.598,93.115,93.5
2017-12-07,93.552,93.758,93.478,93.703
2017-12-08,93.788,94.052,93.763,93.853
2017-12-11,93.858,93.903,93.628,93.898
2017-12-12,93.878,94.188,93.71,94.023
2017-12-13,93.987,94.073,93.36,93.393
2017-12-14,93.353,93.74,93.24,93.52
2017-12-15,93.53,93.54,92.92,93.433
2017-12-18,93.475,93.483,92.903,93.207
2017-12-19,93.233,93.288,92.998,93.008
2017-12-20,93.013,93.103,92.737,92.885
2017-12-21,92.921,93.075,92.798,92.802
2017-12-22,92.817,93.052,92.817,92.873
2017-12-25,92.876,92.876,92.876,92.876
2017-12-26,92.876,92.943,92.733,92.793
2017-12-27,92.801,92.843,92.513,92.598
2017-12-28,92.643,92.663,92.253,92.338
2017-12-29,92.324,92.353,91.783,91.95
2018-01-01,91.977,91.977,91.977,91.977
2018-01-02,91.977,91.977,91.453,91.535
2018-01-03,91.549,91.953,91.523,91.875
2018-01-04,91.935,91.978,91.503,91.578
2018-01-05,91.572,91.813,91.49,91.683
2018-01-08,91.655,92.108,91.593,92.068
2018-01-09,92.06,92.345,91.938,92.21
2018-01-10,92.211,92.26,91.633,92.03
2018-01-11,92.043,92.283,91.518,91.65
2018-01-12,91.632,91.632,90.677,90.677
2018-01-15,90.643,90.653,90.028,90.113
2018-01-16,90.118,90.56,90.088,90.168
2018-01-17,90.213,90.558,89.948,90.443
2018-01-18,90.625,90.743,90.185,90.302
2018-01-19,90.294,90.423,89.938,90.403
2018-01-22,90.318,90.478,90.138,90.155
2018-01-23,90.129,90.373,89.828,89.898
2018-01-24,89.854,89.89,88.933,89.03
2018-01-25,88.994,89.39,88.237,89.088
2018-01-26,89.172,89.172,88.543,88.94
2018-01-29,88.885,89.423,88.885,89.155
2018-01-30,89.153,89.453,88.723,89.033
2018-01-31,88.923,89.115,88.593,88.913
2018-02-01,88.925,89.148,88.368,88.408
2018-02-02,88.452,89.253,88.418,89.008
2018-02-05,88.965,89.443,88.853,89.405
2018-02-06,89.526,89.898,89.213,89.555
2018-02-07,89.489,90.253,89.308,90.185
2018-02-08,90.144,90.438,89.878,90.2
2018-02-09,90.152,90.433,89.987,90.243
2018-02-12,90.13,90.293,89.938,90.015
2018-02-13,89.976,90.048,89.473,89.56
2018-02-14,89.573,89.998,88.832,88.84
2018-02-15,88.889,88.889,88.427,88.468
2018-02-16,88.438,89.133,88.143,89.043
2018-02-19,88.935,89.338,88.848,89.061
2018-02-20,89.143,89.703,89.135,89.612
2018-02-21,89.613,90.038,89.468,89.968
2018-02-22,90.043,90.153,89.54,89.668
2018-02-23,89.644,89.973,89.644,89.783
2018-02-26,89.835,89.973,89.405,89.758
2018-02-27,89.739,90.418,89.603,90.31
2018-02-28,90.299,90.623,90.223,90.568
2018-03-01,90.64,90.868,90.148,90.22
2018-03-02,90.202,90.237,89.823,89.883
2018-03-05,89.84,90.168,89.813,89.95
2018-03-06,89.893,90.013,89.448,89.568
2018-03-07,89.548,89.728,89.321,89.523
2018-03-08,89.553,90.193,89.398,90.082
2018-03-09,90.09,90.337,89.948,90.098
2018-03-12,90.082,90.148,89.798,89.875
2018-03-13,89.883,90.078,89.548,89.675
2018-03-14,89.676,89.858,89.518,89.733
2018-03-15,89.734,90.14,89.598,90.115
2018-03-16,90.08,90.12,89.427,89.752
2018-03-19,89.788,89.92,89.302,89.455
2018-03-20,89.454,90.005,89.39,89.993
2018-03-21,89.95,89.963,89.195,89.258
2018-03-22,89.257,89.558,88.973,89.455
2018-03-23,89.437,89.437,88.957,89.021
2018-03-26,89.07,89.088,88.543,88.61
2018-03-27,88.639,89.228,88.51,88.938
2018-03-28,88.927,89.798,88.878,89.737
2018-03-29,89.735,89.823,89.552,89.728
2018-03-30,89.728,89.728,89.728,89.728
2018-04-02,89.647,89.79,89.448,89.675
2018-04-03,89.669,89.927,89.493,89.825
2018-04-04,89.823,89.873,89.552,89.765
2018-04-05,89.772,90.253,89.723,90.103
2018-04-06,90.107,90.275,89.728,89.75
2018-04-09,89.855,89.957,89.493,89.515
2018-04-10,89.518,89.643,89.207,89.298
2018-04-11,89.297,89.348,89.018,89.205
2018-04-12,89.195,89.653,89.138,89.47
2018-04-13,89.464,89.57,89.348,89.449
2018-04-16,89.495,89.513,89.068,89.12
2018-04-17,89.115,89.368,88.927,89.195
2018-04-18,89.189,89.483,89.143,89.332
2018-04-19,89.334,89.69,89.218,89.623
2018-04-20,89.621,90.223,89.618,90.073
2018-04-23,90.16,90.733,90.058,90.675
2018-04-24,90.669,90.828,90.457,90.54
2018-04-25,90.531,91.018,90.508,91.015
2018-04-26,91.017,91.418,90.728,91.37
2018-04-27,91.364,91.768,91.273,91.277
2018-04-30,91.358,91.693,91.268,91.61
2018-05-01,91.614,92.348,91.573,92.263
2018-05-02,92.256,92.643,92.023,92.563
2018-05-03,92.561,92.588,92.17,92.255
2018-05-04,92.252,92.728,92.173,92.426
2018-05-07,92.45,92.802,92.268,92.595
2018-05-08,92.523,93.112,92.487,92.923
2018-05-09,92.878,93.243,92.675,92.943
2018-05-10,92.944,93.008,92.378,92.555
2018-05-11,92.557,92.69,92.213,92.383
2018-05-14,92.343,92.53,92.093,92.53
2018-05-15,92.523,93.328,92.453,93.12
2018-05-16,93.119,93.493,92.998,93.248
2018-05-17,93.252,93.457,92.993,93.375
2018-05-18,93.371,93.718,93.218,93.562
2018-05-21,93.598,93.948,93.403,93.44
2018-05-22,93.439,93.628,93.183,93.493
2018-05-23,93.489,94.093,93.41,93.893
2018-05-24,93.894,93.894,93.528,93.7
2018-05-25,93.711,94.17,93.668,94.116
2018-05-28,94.02,94.418,93.785,94.328
2018-05-29,94.334,94.957,94.213,94.8
2018-05-30,94.787,94.903,93.97,94.035
2018-05-31,94.027,94.193,93.673,93.938
2018-06-01,93.943,94.418,93.832,94.167
2018-06-04,94.12,94.12,93.61,93.998
2018-06-05,93.981,94.273,93.735,93.83
2018-06-06,93.819,93.848,93.365,93.58
2018-06-07,93.581,93.581,93.177,93.405
2018-06-08,93.401,93.798,93.362,93.535
2018-06-11,93.465,93.653,93.332,93.545
2018-06-12,93.556,93.898,93.438,93.805
2018-06-13,93.807,94.02,93.505,93.538
2018-06-14,93.539,94.932,93.158,94.915
2018-06-15,94.628,94.802,94.29,94.403
2018-06-18,94.525,94.685,94.353,94.39
2018-06-19,94.394,94.923,94.153,94.633
2018-06-20,94.632,94.96,94.568,94.76
2018-06-21,94.754,95.198,94.318,94.52
2018-06-22,94.526,94.528,94.073,94.189
2018-06-25,94.183,94.348,93.848,93.935
2018-06-26,93.92,94.43,93.813,94.335
2018-06-27,94.329,95.093,94.183,94.998
2018-06-28,94.953,95.23,94.783,94.98
2018-06-29,94.977,95.038,94.228,94.264
2018-07-02,94.25,94.862,94.25,94.578
2018-07-03,94.575,94.713,94.258,94.302
2018-07-04,94.29,94.433,94.112,94.178
2018-07-05,94.183,94.323,93.893,94.112
2018-07-06,94.108,94.21,93.575,93.752
2018-07-09,93.68,93.923,93.418,93.778
2018-07-10,93.764,94.203,93.728,93.828
2018-07-11,93.809,94.518,93.802,94.463
2018-07-12,94.463,94.698,94.38,94.545
2018-07-13,94.534,94.978,94.44,94.454
2018-07-16,94.487,94.505,94.135,94.253
2018-07-17,94.275,94.835,94.023,94.715
2018-07-18,94.79,95.163,94.703,94.825
2018-07-19,94.829,95.418,94.653,94.965
2018-07-20,94.88,95.073,94.108,94.179
2018-07-23,94.06,94.47,93.963,94.4
2018-07-24,94.379,94.618,94.148,94.368
2018-07-25,94.357,94.43,93.888,93.963
2018-07-26,93.91,94.563,93.85,94.548
2018-07-27,94.533,94.685,94.398,94.431
2018-07-30,94.432,94.533,94.023,94.125
2018-07-31,94.11,94.348,93.927,94.313
2018-08-01,94.332,94.493,94.273,94.44
2018-08-02,94.44,94.998,94.398,94.985
2018-08-03,94.969,95.177,94.773,94.974
2018-08-06,95.057,95.328,95.013,95.175
2018-08-07,95.15,95.177,94.793,94.983
2018-08-08,94.979,95.233,94.802,94.927
2018-08-09,94.929,95.457,94.853,95.443
2018-08-10,95.456,96.293,95.368,96.186
2018-08-13,96.23,96.373,96.003,96.14
2018-08-14,96.142,96.65,95.998,96.53
2018-08-15,96.533,96.843,96.513,96.573
2018-08-16,96.574,96.648,96.183,96.463
2018-08-17,96.456,96.538,95.95,95.981
2018-08-20,95.998,96.283,95.638,95.658
2018-08-21,95.68,95.68,94.938,95.11
2018-08-22,95.099,95.258,94.813,94.978
2018-08-23,94.969,95.608,94.969,95.525
2018-08-24,95.514,95.59,94.91,95.017
2018-08-27,94.927,95.21,94.575,94.655
2018-08-28,94.643,94.808,94.32,94.608
2018-08-29,94.61,94.838,94.423,94.443
2018-08-30,94.418,94.828,94.378,94.623
2018-08-31,94.604,95.148,94.463,95.004
2018-09-03,95.112,95.158,94.927,95.041
2018-09-04,95.047,95.663,95.047,95.353
2018-09-05,95.349,95.598,94.973,95.055
2018-09-06,95.054,95.153,94.868,94.97
2018-09-07,94.974,95.403,94.808,95.337
2018-09-10,95.305,95.518,94.963,95.1
2018-09-11,95.109,95.313,94.823,95.03
2018-09-12,95.042,95.248,94.685,94.798
2018-09-13,94.804,94.938,94.393,94.515
2018-09-14,94.533,94.558,93.903,94.537
2018-09-17,94.535,94.548,93.983,94.068
2018-09-18,94.069,94.298,93.862,94.19
2018-09-19,94.179,94.308,93.893,94.11
2018-09-20,94.107,94.14,93.39,93.45
2018-09-21,93.475,93.905,93.373,93.772
2018-09-24,93.758,93.933,93.393,93.835
2018-09-25,93.826,93.94,93.573,93.707
2018-09-26,93.699,93.978,93.503,93.862
2018-09-27,93.864,94.598,93.793,94.585
2018-09-28,94.587,94.965,94.528,94.744
2018-10-01,94.733,94.983,94.595,94.903
2018-10-02,94.884,95.368,94.875,95.115
2018-10-03,95.081,95.728,94.868,95.645
2018-10-04,95.641,95.763,95.173,95.41
2018-10-05,95.404,95.608,95.155,95.274
2018-10-08,95.265,95.69,95.237,95.415
2018-10-09,95.417,95.818,95.29,95.338
2018-10-10,95.314,95.453,95.028,95.2
2018-10-11,95.187,95.187,94.643,94.677
2018-10-12,94.703,95.033,94.618,94.942
2018-10-15,95.008,95.035,94.618,94.75
2018-10-16,94.735,94.883,94.46,94.763
2018-10-17,94.716,95.353,94.716,95.335
2018-10-18,95.35,95.713,95.188,95.705
2018-10-19,95.669,95.813,95.253,95.429
2018-10-22,95.4,95.813,95.185,95.753
2018-10-23,95.753,95.888,95.525,95.675
2018-10-24,95.676,96.283,95.648,96.145
2018-10-25,96.134,96.483,95.953,96.335
2018-10-26,96.335,96.603,96.052,96.097
2018-10-29,96.18,96.453,96.098,96.435
2018-10-30,96.429,96.783,96.37,96.755
2018-10-31,96.753,96.963,96.633,96.878
2018-11-01,96.89,96.893,95.978,96.068
2018-11-02,96.059,96.388,95.773,96.234
2018-11-05,96.21,96.483,96.023,96.112
2018-11-06,96.103,96.237,95.933,96.075
2018-11-07,96.032,96.263,95.463,95.905
2018-11-08,95.969,96.558,95.875,96.493
2018-11-09,96.48,96.823,96.438,96.745
2018-11-12,96.795,97.388,96.778,97.383
2018-11-13,97.418,97.487,96.893,97.008
2018-11-14,96.974,97.237,96.563,96.728
2018-11-15,96.824,97.228,96.605,96.888
2018-11-16,96.895,96.903,96.237,96.288
2018-11-19,96.308,96.418,95.963,96.068
2018-11-20,96.029,96.753,95.908,96.663
2018-11-21,96.688,96.733,96.343,96.595
2018-11-22,96.558,96.6,96.188,96.348
2018-11-23,96.348,96.845,96.278,96.824
2018-11-26,96.845,96.97,96.54,96.933
2018-11-27,96.941,97.393,96.858,97.245
2018-11-28,97.27,97.427,96.563,96.72
2018-11-29,96.75,96.908,96.523,96.688
2018-11-30,96.658,97.22,96.615,97.128
2018-12-03,96.975,97.052,96.615,96.927
2018-12-04,96.862,97.05,96.285,96.898
2018-12-05,96.811,97.135,96.737,96.978
2018-12-06,96.924,97.158,96.473,96.69
2018-12-07,96.683,96.868,96.448,96.573
2018-12-10,96.55,97.193,96.302,97.143
2018-12-11,97.146,97.5,96.813,97.373
2018-12-12,97.348,97.453,96.832,96.987
2018-12-13,96.973,97.268,96.843,97.04
2018-12-14,97.048,97.695,97.048,97.422
2018-12-17,96.915,96.915,96.485,96.582
2018-12-18,96.582,96.628,96.143,96.508
2018-12-19,96.463,96.518,95.983,96.493
2018-12-20,96.424,96.493,95.61,95.798
2018-12-21,95.866,96.538,95.707,96.513
2018-12-24,96.348,96.358,95.848,95.967
2018-12-25,95.967,95.967,95.967,95.967
2018-12-26,95.967,96.628,95.967,96.533
2018-12-27,96.567,96.567,95.913,96.038
2018-12-28,96.076,96.076,95.723,95.86
2018-12-31,95.895,96.05,95.643,95.677
2019-01-01,95.568,95.568,95.568,95.568
2019-01-02,95.568,96.538,95.358,96.368
2019-01-03,96.344,96.348,95.758,95.793
2019-01-04,95.816,96.177,95.593,95.753
2019-01-07,95.66,95.668,95.173,95.237
2019-01-08,95.226,95.598,95.226,95.475
2019-01-09,95.483,95.493,94.645,94.683
2019-01-10,94.739,95.19,94.612,95.138
2019-01-11,95.053,95.343,94.763,95.248
2019-01-14,95.237,95.302,95.06,95.183
2019-01-15,95.179,95.873,95.048,95.548
2019-01-16,95.539,95.775,95.463,95.703
2019-01-17,95.683,95.903,95.608,95.685
2019-01-18,95.694,96.028,95.643,96.018
2019-01-21,96.007,96.078,95.93,95.965
2019-01-22,95.978,96.128,95.85,95.983
2019-01-23,95.944,96.028,95.683,95.753
2019-01-24,95.764,96.353,95.698,96.207
2019-01-25,96.214,96.218,95.408,95.41
2019-01-28,95.408,95.578,95.295,95.403
2019-01-29,95.374,95.543,95.285,95.473
2019-01-30,95.499,95.673,94.923,95.105
2019-01-31,95.088,95.323,94.853,95.283
2019-02-01,95.214,95.373,95.093,95.278
2019-02-04,95.325,95.638,95.288,95.548
2019-02-05,95.56,95.845,95.52,95.778
2019-02-06,95.807,96.143,95.765,96.098
2019-02-07,96.139,96.438,96.133,96.308
2019-02-08,96.323,96.457,96.218,96.403
2019-02-11,96.423,96.898,96.388,96.835
2019-02-12,96.846,96.978,96.427,96.487
2019-02-13,96.52,96.968,96.418,96.948
2019-02-14,96.978,97.098,96.763,96.858
2019-02-15,96.789,97.193,96.643,96.688
2019-02-18,96.655,96.718,96.468,96.593
2019-02-19,96.655,96.91,96.233,96.318
2019-02-20,96.273,96.47,96.103,96.343
2019-02-21,96.359,96.513,96.193,96.44
2019-02-22,96.417,96.633,96.263,96.388
2019-02-25,96.32,96.453,96.16,96.263
2019-02-26,96.265,96.318,95.788,95.898
2019-02-27,95.905,96.052,95.737,96.013
2019-02-28,95.99,96.177,95.693,96.075
2019-03-01,96.268,96.457,95.948,96.408
2019-03-04,96.31,96.725,96.295,96.508
2019-03-05,96.502,96.927,96.502,96.743
2019-03-06,96.746,96.923,96.683,96.753
2019-03-07,96.794,97.643,96.743,97.615
2019-03-08,97.524,97.578,97.173,97.29
2019-03-11,97.33,97.393,97.093,97.108
2019-03-12,97.101,97.228,96.783,96.95
2019-03-13,96.96,96.965,96.32,96.4
2019-03-14,96.428,96.788,96.428,96.72
2019-03-15,96.716,96.763,96.453,96.569
2019-03-18,96.0,96.073,95.808,95.93
2019-03-19,95.93,95.955,95.713,95.835
2019-03-20,95.819,96.008,95.148,95.435
2019-03-21,95.425,96.093,95.273,95.815
2019-03-22,95.827,96.273,95.673,96.11
2019-03-25,96.13,96.165,95.873,95.995
2019-03-26,95.998,96.313,95.918,96.288
2019-03-27,96.286,96.47,96.168,96.453
2019-03-28,96.456,96.832,96.343,96.793
2019-03-29,96.735,96.888,96.543,96.809
2019-04-01,96.78,96.853,96.568,96.798
2019-04-02,96.878,97.078,96.81,96.832
2019-04-03,96.86,96.875,96.505,96.685
2019-04-04,96.608,96.925,96.59,96.903
2019-04-05,96.895,97.052,96.763,96.966
2019-04-08,96.968,96.978,96.552,96.638
2019-04-09,96.668,96.673,96.438,96.61
2019-04-10,96.585,96.823,96.433,96.505
2019-04-11,96.508,96.808,96.478,96.793
2019-04-12,96.765,96.798,96.343,96.532
2019-04-15,96.535,96.558,96.383,96.518
2019-04-16,96.519,96.703,96.478,96.703
2019-04-17,96.705,96.768,96.443,96.628
2019-04-18,96.629,97.143,96.6,97.108
2019-04-22,97.03,97.063,96.903,96.94
2019-04-23,96.943,97.443,96.933,97.225
2019-04-24,97.214,97.862,97.214,97.775
2019-04-25,97.785,98.033,97.695,97.878
2019-04-26,97.848,98.048,97.54,97.741
2019-04-29,97.755,97.823,97.528,97.558
2019-04-30,97.529,97.605,97.148,97.218
2019-05-01,97.213,97.435,96.848,97.355
2019-05-02,97.335,97.578,97.233,97.568
2019-05-03,97.568,97.85,97.188,97.202
2019-05-06,97.295,97.45,97.207,97.275
2019-05-07,97.27,97.49,97.123,97.29
2019-05-08,97.328,97.427,97.16,97.358
2019-05-09,97.345,97.468,96.993,97.258
2019-05-10,97.213,97.223,96.888,97.098
2019-05-13,97.07,97.153,96.79,97.145
2019-05-14,97.093,97.338,97.058,97.318
2019-05-15,97.33,97.493,97.22,97.365
2019-05-16,97.348,97.695,97.243,97.643
2019-05-17,97.655,97.823,97.573,97.804
2019-05-20,97.788,97.858,97.698,97.765
2019-05-21,97.763,97.957,97.63,97.845
2019-05-22,97.843,97.948,97.71,97.94
2019-05-23,97.923,98.237,97.648,97.703
2019-05-24,97.693,97.758,97.393,97.422
2019-05-27,97.44,97.648,97.398,97.602
2019-05-28,97.598,97.845,97.548,97.832
2019-05-29,97.785,98.078,97.728,98.048
2019-05-30,98.022,98.177,97.98,98.058
2019-05-31,98.055,98.06,97.608,97.622
2019-06-03,97.62,97.703,96.995,97.135
2019-06-04,97.123,97.253,96.893,97.035
2019-06-05,97.043,97.288,96.643,97.28
2019-06-06,97.24,97.37,96.703,96.957
2019-06-07,96.955,97.112,96.383,96.512
2019-06-10,96.162,96.407,96.122,96.241
2019-06-11,96.191,96.36,96.097,96.166
2019-06-12,96.155,96.476,96.038,96.455
2019-06-13,96.442,96.566,96.348,96.529
2019-06-14,96.509,97.075,96.429,97.019
2019-06-17,96.985,97.071,96.79,97.031
2019-06-18,96.985,97.23,96.854,97.121
2019-06-19,97.115,97.167,96.525,96.699
2019-06-20,96.656,96.661,96.021,96.11
2019-06-21,96.087,96.191,95.601,95.646
2019-06-24,95.613,95.66,95.404,95.442
2019-06-25,95.432,95.81,95.308,95.616
2019-06-26,95.621,95.787,95.501,95.663
2019-06-27,95.636,95.854,95.597,95.674
2019-06-28,95.671,95.766,95.485,95.65
2019-07-01,95.774,96.327,95.735,96.283
2019-07-02,96.271,96.352,96.054,96.216
2019-07-03,96.182,96.335,96.012,96.231
2019-07-04,96.187,96.281,96.129,96.227
2019-07-05,96.201,96.922,96.196,96.709
2019-07-08,96.711,96.881,96.633,96.837
2019-07-09,96.843,97.057,96.827,96.964
2019-07-10,97.0,97.02,96.495,96.582
2019-07-11,96.54,96.624,96.267,96.538
2019-07-12,96.587,96.589,96.257,96.276
2019-07-15,96.275,96.428,96.212,96.4
2019-07-16,96.393,96.908,96.378,96.86
2019-07-17,96.84,96.923,96.618,96.668
2019-07-18,96.671,96.748,96.139,96.176
2019-07-19,96.297,96.785,96.232,96.619
2019-07-22,96.632,96.775,96.6,96.764
2019-07-23,96.804,97.242,96.775,97.199
2019-07-24,97.212,97.338,97.04,97.192
2019-07-25,97.199,97.428,96.998,97.297
2019-07-26,97.322,97.6,97.276,97.508
2019-07-29,97.492,97.66,97.401,97.552
2019-07-30,97.585,97.707,97.514,97.571
2019-07-31,97.548,98.191,97.496,98.062
2019-08-01,98.119,98.447,97.779,97.89
2019-08-02,97.946,97.972,97.568,97.626
2019-08-05,97.614,97.625,96.938,97.044
2019-08-06,96.777,97.313,96.738,97.137
2019-08-07,97.093,97.282,96.864,97.202
2019-08-08,97.18,97.311,96.972,97.226
2019-08-09,97.158,97.206,96.917,97.111
2019-08-12,97.049,97.28,96.857,96.952
2019-08-13,96.95,97.395,96.853,97.385
2019-08-14,97.334,97.602,97.212,97.533
2019-08-15,97.527,97.8,97.38,97.703
2019-08-16,97.707,97.908,97.674,97.779
2019-08-19,97.763,97.956,97.702,97.947
2019-08-20,97.919,98.022,97.683,97.723
2019-08-21,97.755,97.884,97.678,97.859
2019-08-22,97.829,97.957,97.635,97.764
2019-08-23,97.756,98.01,97.138,97.2
2019-08-26,97.188,97.644,97.181,97.608
2019-08-27,97.582,97.599,97.417,97.57
2019-08-28,97.58,97.817,97.558,97.794
2019-08-29,97.765,98.11,97.735,98.02
2019-08-30,97.991,98.583,97.951,98.37
2019-09-02,98.374,98.685,98.361,98.542
2019-09-03,98.626,98.936,98.468,98.515
2019-09-04,98.502,98.509,97.931,97.946
2019-09-05,97.956,98.101,97.614,97.942
2019-09-06,97.971,98.072,97.725,97.978
2019-09-09,98.008,98.05,97.668,97.848
2019-09-10,97.869,97.998,97.788,97.885
2019-09-11,97.867,98.272,97.829,98.155
2019-09-12,98.177,98.661,97.718,97.92
2019-09-13,97.972,97.977,97.55,97.745
2019-09-16,97.605,98.244,97.597,98.155
2019-09-17,98.175,98.261,97.704,97.75
2019-09-18,97.74,98.229,97.73,98.096
2019-09-19,98.115,98.17,97.729,97.904
2019-09-20,97.9,98.204,97.682,98.046
2019-09-23,98.045,98.392,98.007,98.191
2019-09-24,98.198,98.259,97.81,97.862
2019-09-25,97.929,98.616,97.892,98.582
2019-09-26,98.53,98.829,98.386,98.762
2019-09-27,98.725,98.876,98.544,98.679
2019-09-30,98.673,99.015,98.611,98.94
2019-10-01,98.952,99.203,98.601,98.698
2019-10-02,98.702,98.971,98.51,98.59
2019-10-03,98.593,98.762,98.196,98.525
2019-10-04,98.447,98.581,98.263,98.406
2019-10-07,98.347,98.575,98.298,98.548
2019-10-08,98.552,98.822,98.413,98.7
2019-10-09,98.649,98.732,98.461,98.705
2019-10-10,98.616,98.662,98.187,98.281
2019-10-11,98.257,98.312,97.749,97.909
2019-10-14,97.993,98.118,97.933,98.037
2019-10-15,98.032,98.22,97.76,97.859
2019-10-16,97.876,97.988,97.443,97.57
2019-10-17,97.573,97.679,97.048,97.153
2019-10-18,97.166,97.223,96.785,96.786
2019-10-21,96.904,96.939,96.696,96.863
2019-10-22,96.851,97.121,96.803,97.073
2019-10-23,97.049,97.199,96.956,97.025
2019-10-24,97.025,97.352,96.855,97.228
2019-10-25,97.252,97.474,97.135,97.387
2019-10-28,97.381,97.449,97.226,97.285
2019-10-29,97.313,97.478,97.157,97.236
2019-10-30,97.239,97.57,97.002,97.025
2019-10-31,97.011,97.015,96.787,96.881
2019-11-01,96.873,97.035,96.731,96.789
2019-11-04,96.777,97.134,96.732,97.11
2019-11-05,97.112,97.577,97.027,97.527
2019-11-06,97.519,97.545,97.344,97.512
2019-11-07,97.522,97.815,97.396,97.722
2019-11-08,97.732,97.971,97.68,97.94
2019-11-11,97.932,97.936,97.685,97.761
2019-11-12,97.776,97.98,97.764,97.894
2019-11-13,97.88,98.007,97.843,97.879
2019-11-14,97.907,97.992,97.67,97.736
2019-11-15,97.717,97.808,97.531,97.565
2019-11-18,97.514,97.518,97.235,97.354
2019-11-19,97.39,97.45,97.314,97.4
2019-11-20,97.414,97.609,97.406,97.462
2019-11-21,97.438,97.614,97.287,97.571
2019-11-22,97.519,97.876,97.375,97.837
2019-11-25,97.822,97.935,97.731,97.857
2019-11-26,97.895,97.935,97.79,97.798
2019-11-27,97.852,97.995,97.836,97.959
2019-11-28,97.9,97.962,97.826,97.92
2019-11-29,97.9,98.107,97.769,97.799
2019-12-02,97.849,97.922,97.349,97.364
2019-12-03,97.462,97.484,97.188,97.285
2019-12-04,97.259,97.346,96.967,97.166
2019-12-05,97.146,97.163,96.92,96.974
2019-12-06,96.973,97.418,96.836,97.242
2019-12-09,97.257,97.286,97.11,97.174
2019-12-10,97.186,97.196,96.935,96.979
2019-12-11,97.054,97.137,96.565,96.632
2019-12-12,96.636,97.085,96.591,96.802
2019-12-13,96.372,96.788,96.281,96.768
2019-12-16,96.698,96.705,96.465,96.574
2019-12-17,96.678,96.837,96.552,96.75
2019-12-18,96.755,97.008,96.75,96.904
2019-12-19,96.948,97.018,96.733,96.925
2019-12-20,96.962,97.303,96.93,97.228
2019-12-23,97.209,97.352,97.118,97.184
2019-12-24,97.209,97.334,97.138,97.203
2019-12-26,97.18,97.227,97.005,97.07
2019-12-27,97.084,97.094,96.462,96.556
2019-12-30,96.541,96.546,96.18,96.366
2019-12-31,96.309,96.313,95.932,96.065
2020-01-02,96.056,96.463,96.01,96.413
2020-01-03,96.342,96.697,96.297,96.476
2020-01-06,96.431,96.474,96.118,96.236
2020-01-07,96.243,96.677,96.197,96.601
2020-01-08,96.424,96.893,96.406,96.854
2020-01-09,96.869,97.146,96.834,97.018
2020-01-10,97.012,97.174,96.874,96.955
2020-01-13,96.989,97.106,96.875,96.934
2020-01-14,96.959,97.156,96.895,96.954
2020-01-15,96.954,97.026,96.731,96.79
2020-01-16,96.788,96.956,96.667,96.885
2020-01-17,96.903,97.248,96.853,97.21
2020-01-20,97.216,97.31,97.162,97.255
2020-01-21,97.213,97.243,96.972,97.166
2020-01-22,97.209,97.277,97.019,97.105
2020-01-23,97.111,97.403,96.998,97.283
2020-01-24,97.315,97.546,97.258,97.489
2020-01-27,97.425,97.597,97.401,97.547
2020-01-28,97.537,97.764,97.51,97.576
2020-01-29,97.567,97.793,97.556,97.694
2020-01-30,97.643,97.691,97.407,97.45
2020-01-31,97.478,97.578,96.985,97.007
2020-02-03,97.088,97.514,97.045,97.464
2020-02-04,97.432,97.624,97.406,97.568
2020-02-05,97.57,97.945,97.524,97.916
2020-02-06,97.926,98.208,97.83,98.135
2020-02-07,98.088,98.348,98.059,98.33
2020-02-10,98.272,98.514,98.236,98.473
2020-02-11,98.507,98.593,98.327,98.357
2020-02-12,98.405,98.664,98.322,98.612
2020-02-13,98.637,98.727,98.482,98.709
2020-02-14,98.733,98.778,98.609,98.744
2020-02-17,98.743,98.817,98.655,98.782
2020-02-18,98.821,99.088,98.744,99.032
2020-02-19,99.035,99.325,98.981,99.202
2020-02-20,99.169,99.524,99.149,99.483
2020-02-21,99.476,99.489,98.846,98.954
2020-02-24,99.093,99.263,98.722,98.904
2020-02-25,98.937,99.006,98.496,98.608
2020-02-26,98.685,98.9,98.538,98.738
2020-02-27,98.67,98.698,98.009,98.123
2020-02-28,98.098,98.348,97.638,97.714
2020-03-02,97.565,97.728,96.873,97.281
2020-03-03,97.263,97.401,96.641,96.891
2020-03-04,96.922,97.356,96.881,97.131
2020-03-05,97.127,97.198,96.385,96.39
2020-03-06,96.454,96.455,95.532,95.881
2020-03-09,95.341,95.553,94.52,94.933
2020-03-10,95.239,96.451,95.029,96.388
2020-03-11,96.161,96.513,95.785,96.451
2020-03-12,96.521,98.37,95.997,97.56
2020-03-13,97.578,99.035,97.358,98.617
2020-03-16,97.99,98.642,97.543,98.067
2020-03-17,98.195,100.042,98.067,99.761
2020-03-18,99.634,102.012,99.351,101.22
2020-03-19,101.029,103.651,101.027,103.542
2020-03-20,103.716,103.793,101.879,103.249
2020-03-23,103.39,103.716,102.286,103.164
2020-03-24,102.839,102.906,101.536,101.918
2020-03-25,101.731,102.089,100.808,100.939
2020-03-26,100.968,101.053,99.326,99.514
2020-03-27,99.399,99.985,98.321,98.391
2020-03-30,98.409,99.418,98.376,99.089
2020-03-31,99.26,100.095,98.867,98.953
2020-04-01,99.03,99.882,98.928,99.532
2020-04-02,99.559,100.471,99.415,100.185
2020-04-03,100.28,100.952,100.214,100.699
2020-04-06,100.855,101.01,100.52,100.835
2020-04-07,100.777,100.807,99.69,99.951
2020-04-08,99.944,100.482,99.917,100.189
2020-04-09,100.156,100.322,99.287,99.5
2020-04-13,99.464,99.606,99.076,99.463
2020-04-14,99.359,99.409,98.779,98.831
2020-04-15,98.818,100.022,98.803,99.575
2020-04-16,99.669,100.363,99.612,100.106
2020-04-17,99.941,100.333,99.636,99.758
2020-04-20,99.904,100.149,99.718,100.033
2020-04-21,100.016,100.609,100.011,100.337
2020-04-22,100.31,100.606,99.979,100.458
2020-04-23,100.591,100.83,100.111,100.595
2020-04-24,100.613,100.963,100.265,100.271
2020-04-27,100.301,100.369,99.844,100.08
2020-04-28,100.131,100.272,99.48,100.031
2020-04-29,99.92,99.94,99.505,99.536
2020-04-30,99.535,99.781,98.825,99.033
2020-05-01,99.118,99.224,98.772,99.078
2020-05-04,99.264,99.64,99.258,99.577
2020-05-05,99.564,100.051,99.355,99.858
2020-05-06,99.829,100.251,99.791,100.189
2020-05-07,100.238,100.452,99.821,99.87
2020-05-08,99.85,99.955,99.443,99.766
2020-05-11,99.797,100.324,99.667,100.26
2020-05-12,100.237,100.482,99.664,100.019
2020-05-13,100.061,100.309,99.571,100.242
2020-05-14,100.199,100.583,100.183,100.312
2020-05-15,100.296,100.499,100.073,100.391
2020-05-18,100.404,100.493,99.581,99.614
2020-05-19,99.635,99.751,99.223,99.553
2020-05-20,99.549,99.549,98.989,99.145
2020-05-21,99.188,99.522,99.013,99.42
2020-05-22,99.411,99.874,99.378,99.768
2020-05-25,99.729,99.97,99.679,99.801
2020-05-26,99.731,99.772,98.876,98.975
2020-05-27,98.996,99.338,98.696,98.906
2020-05-28,98.894,99.078,98.313,98.442
2020-05-29,98.468,98.526,97.912,98.229
2020-06-01,98.181,98.199,97.729,97.783
2020-06-02,97.826,97.859,97.38,97.631
2020-06-03,97.531,97.565,97.11,97.257
2020-06-04,97.268,97.597,96.516,96.702
2020-06-05,96.712,97.015,96.397,96.913
2020-06-08,96.688,97.027,96.516,96.611
2020-06-09,96.544,96.996,96.158,96.311
2020-06-10,96.38,96.38,95.621,96.017
2020-06-11,96.101,96.822,95.894,96.755
2020-06-12,96.82,97.445,96.465,97.03
2020-06-15,97.16,97.358,96.527,96.595
2020-06-16,96.473,97.217,96.362,96.947
2020-06-17,96.945,97.322,96.745,97.032
2020-06-18,97.05,97.537,96.907,97.405
2020-06-19,97.383,97.682,97.094,97.615
2020-06-22,97.63,97.66,96.922,96.978
2020-06-23,96.826,97.19,96.303,96.626
2020-06-24,96.576,97.183,96.478,97.178
2020-06-25,97.203,97.563,97.116,97.331
2020-06-26,97.328,97.644,97.213,97.445
2020-06-29,97.436,97.593,97.063,97.416
2020-06-30,97.37,97.777,97.167,97.328
2020-07-01,97.349,97.597,96.969,97.105
2020-07-02,97.116,97.315,96.767,97.182
2020-07-03,97.2,97.326,97.115,97.166
2020-07-06,97.136,97.136,96.485,96.688
2020-07-07,96.612,97.087,96.588,96.889
2020-07-08,96.901,96.986,96.322,96.404
2020-07-09,96.376,96.755,96.157,96.73
2020-07-10,96.714,96.936,96.37,96.607
2020-07-13,96.551,96.613,96.187,96.483
2020-07-14,96.484,96.646,96.104,96.153
2020-07-15,96.086,96.189,95.699,95.972
2020-07-16,95.945,96.346,95.822,96.243
2020-07-17,96.217,96.268,95.823,95.928
2020-07-20,95.858,96.123,95.653,95.728
2020-07-21,95.643,95.845,94.957,95.095
2020-07-22,95.058,95.352,94.75,94.899
2020-07-23,94.932,95.125,94.517,94.702
2020-07-24,94.73,94.76,94.256,94.278
2020-07-27,94.291,94.294,93.4,93.589
2020-07-28,93.475,93.951,93.428,93.693
2020-07-29,93.706,93.748,93.104,93.216
2020-07-30,93.3,93.624,92.875,92.885
2020-07-31,92.753,93.519,92.501,93.442
2020-08-03,93.376,93.965,93.326,93.486
2020-08-04,93.512,93.801,93.202,93.226
2020-08-05,93.133,93.226,92.535,92.817
2020-08-06,92.776,93.077,92.468,92.77
2020-08-07,92.797,93.613,92.74,93.392
2020-08-10,93.42,93.686,93.271,93.594
2020-08-11,93.601,93.718,93.137,93.634
2020-08-12,93.66,93.889,93.21,93.398
2020-08-13,93.342,93.383,92.902,93.236
2020-08-14,93.228,93.406,92.999,93.076
2020-08-17,93.003,93.12,92.755,92.825
2020-08-18,92.805,92.805,92.104,92.301
2020-08-19,92.198,93.062,92.132,93.034
2020-08-20,92.989,93.243,92.716,92.751
2020-08-21,92.679,93.487,92.57,93.216
2020-08-24,93.194,93.347,92.841,93.31
2020-08-25,93.284,93.359,92.96,93.012
2020-08-26,93.019,93.365,92.842,92.902
2020-08-27,92.834,93.346,92.398,93.011
2020-08-28,93.026,93.095,92.181,92.273
2020-08-31,92.216,92.478,91.988,92.173
2020-09-01,92.169,92.379,91.722,92.304
2020-09-02,92.228,92.845,92.216,92.613
2020-09-03,92.654,93.048,92.654,92.753
2020-09-04,92.803,93.215,92.635,92.77
2020-09-07,92.845,93.063,92.781,93.011
2020-09-08,93.013,93.466,92.958,93.466
2020-09-09,93.498,93.616,93.076,93.208
2020-09-10,93.224,93.408,92.651,93.336
2020-09-11,93.298,93.367,93.043,93.217
2020-09-14,93.23,93.308,92.832,93.052
2020-09-15,93.032,93.147,92.762,93.084
2020-09-16,93.107,93.266,92.766,93.094
2020-09-17,93.169,93.601,92.846,92.886
2020-09-18,92.868,93.008,92.741,92.976
2020-09-21,92.947,93.784,92.722,93.527
2020-09-22,93.574,94.088,93.468,93.959
2020-09-23,93.984,94.462,93.938,94.395
2020-09-24,94.41,94.618,94.195,94.356
2020-09-25,94.326,94.76,94.191,94.595
2020-09-28,94.55,94.64,94.141,94.264
2020-09-29,94.16,94.31,93.822,93.885
2020-09-30,93.876,94.209,93.663,93.853
2020-10-01,93.841,93.939,93.532,93.745
2020-10-02,93.753,94.055,93.698,93.851
2020-10-05,93.838,93.868,93.377,93.456
2020-10-06,93.418,93.876,93.341,93.859
2020-10-07,93.837,93.934,93.569,93.634
2020-10-08,93.633,93.788,93.493,93.581
2020-10-09,93.551,93.585,92.971,92.984
2020-10-12,93.082,93.231,92.991,93.033
2020-10-13,93.026,93.569,93.015,93.485
2020-10-14,93.509,93.642,93.201,93.377
2020-10-15,93.383,93.88,93.331,93.772
2020-10-16,93.776,93.846,93.485,93.681
2020-10-19,93.661,93.731,93.154,93.363
2020-10-20,93.388,93.467,92.943,93.055
2020-10-21,93.01,93.012,92.417,92.592
2020-10-22,92.672,92.94,92.564,92.907
2020-10-23,92.932,93.087,92.605,92.675
2020-10-26,92.76,93.062,92.741,93.015
2020-10-27,93.03,93.082,92.733,92.984
2020-10-28,93.092,93.615,92.995,93.436
2020-10-29,93.413,94.089,93.308,93.909
2020-10-30,93.867,94.052,93.623,94.003
2020-11-02,94.09,94.257,93.945,94.037
2020-11-03,94.0,94.016,93.251,93.523
2020-11-04,93.623,94.279,93.202,93.425
2020-11-05,93.341,93.496,92.423,92.537
2020-11-06,92.696,92.775,92.118,92.188
2020-11-09,92.151,92.922,92.073,92.804
2020-11-10,92.752,92.92,92.54,92.752
2020-11-11,92.667,93.142,92.552,92.927
2020-11-12,92.925,93.075,92.701,92.901
2020-11-13,92.893,92.943,92.662,92.674
2020-11-16,92.601,92.776,92.385,92.512
2020-11-17,92.404,92.536,92.187,92.347
2020-11-18,92.385,92.439,92.135,92.326
2020-11-19,92.456,92.654,92.181,92.188
2020-11-20,92.241,92.353,92.129,92.293
2020-11-23,92.191,92.722,91.926,92.459
2020-11-24,92.433,92.484,92.057,92.065
2020-11-25,92.044,92.172,91.836,91.854
2020-11-26,91.861,92.089,91.757,91.939
2020-11-27,91.921,91.953,91.667,91.746
2020-11-30,91.61,91.901,91.401,91.901
2020-12-01,91.8,91.82,91.066,91.106
2020-12-02,91.116,91.406,90.983,91.003
2020-12-03,90.995,91.001,90.413,90.623
2020-12-04,90.568,90.736,90.364,90.723
2020-12-07,90.657,91.129,90.492,90.749
2020-12-08,90.786,90.896,90.624,90.847
2020-12-09,90.79,91.096,90.577,90.941
2020-12-10,90.956,91.051,90.548,90.677
2020-12-11,90.64,90.95,90.515,90.904
2020-12-14,90.785,90.808,90.312,90.612
2020-12-15,90.567,90.747,90.32,90.337
2020-12-16,90.415,90.602,90.015,90.197
2020-12-17,90.137,90.152,89.611,89.734
2020-12-18,89.782,90.027,89.721,89.906
2020-12-21,90.116,90.918,89.891,90.026
2020-12-22,90.061,90.59,89.923,90.525
2020-12-23,90.491,90.548,90.021,90.185
2020-12-24,90.14,90.275,90.041,90.211
2020-12-28,90.201,90.283,89.872,90.238
2020-12-29,90.129,90.129,89.749,89.903
2020-12-30,89.834,89.866,89.482,89.596
2020-12-31,89.476,89.896,89.445,89.859
2021-01-04,89.734,89.884,89.357,89.843
2021-01-05,89.799,89.808,89.354,89.431
2021-01-06,89.337,89.75,89.134,89.348
2021-01-07,89.296,89.927,89.288,89.758
2021-01-08,89.806,90.19,89.59,89.982
2021-01-11,90.232,90.682,90.216,90.442
2021-01-12,90.434,90.563,89.965,89.965
2021-01-13,89.951,90.397,89.857,90.298
2021-01-14,90.238,90.524,90.003,90.127
2021-01-15,90.178,90.721,90.153,90.71
2021-01-18,90.748,90.899,90.675,90.728
2021-01-19,90.638,90.707,90.341,90.441
2021-01-20,90.348,90.649,90.207,90.414
2021-01-21,90.349,90.359,89.991,90.014
2021-01-22,90.049,90.257,90.003,90.158
2021-01-25,90.159,90.462,90.027,90.298
2021-01-26,90.338,90.551,90.046,90.088
2021-01-27,90.107,90.829,90.086,90.579
2021-01-28,90.725,90.801,90.335,90.439
2021-01-29,90.584,90.715,90.295,90.49
2021-02-01,90.519,90.996,90.441,90.991
2021-02-02,90.926,91.239,90.755,91.046
2021-02-03,90.981,91.254,90.931,91.07
2021-02-04,91.075,91.536,91.04,91.487
2021-02-05,91.452,91.558,90.933,90.963
2021-02-08,91.056,91.182,90.837,90.892
2021-02-09,90.838,90.853,90.365,90.397
2021-02-10,90.412,90.466,90.187,90.375
2021-02-11,90.41,90.418,90.2,90.33
2021-02-12,90.367,90.681,90.316,90.397
2021-02-15,90.375,90.392,90.203,90.276
2021-02-16,90.251,90.581,90.051,90.476
2021-02-17,90.666,91.003,90.561,90.866
2021-02-18,90.803,90.943,90.491,90.496
2021-02-19,90.48,90.607,90.117,90.306
2021-02-22,90.229,90.53,89.933,90.068
2021-02-23,89.942,90.216,89.881,90.073
2021-02-24,90.043,90.385,89.91,89.992
2021-02-25,90.032,90.246,89.629,90.23
2021-02-26,90.305,90.887,90.09,90.864
2021-03-01,90.713,91.103,90.686,91.03
2021-03-02,91.037,91.362,90.692,90.727
2021-03-03,90.765,91.032,90.592,90.937
2021-03-04,90.969,91.652,90.941,91.584
2021-03-05,91.609,92.18,91.599,91.896
2021-03-08,91.861,92.41,91.843,92.405
2021-03-09,92.432,92.5,91.885,91.945
2021-03-10,92.003,92.227,91.765,91.768
2021-03-11,91.833,91.868,91.313,91.326
2021-03-12,91.388,91.93,91.353,91.588
2021-03-15,91.658,91.94,91.508,91.777
2021-03-16,91.8,92.017,91.64,91.842
2021-03-17,91.86,91.987,91.337,91.365
2021-03-18,91.344,91.894,91.264,91.809
2021-03-19,91.812,92.152,91.632,91.939
2021-03-22,92.069,92.141,91.669,91.781
2021-03-23,91.766,92.371,91.733,92.319
2021-03-24,92.381,92.591,92.318,92.581
2021-03-25,92.574,92.91,92.486,92.883
2021-03-26,92.798,92.865,92.62,92.698
2021-03-29,92.76,92.944,92.69,92.921
2021-03-30,92.886,93.344,92.86,93.267
2021-03-31,93.232,93.44,92.97,93.18
2021-04-01,93.192,93.33,92.86,92.878
2021-04-05,92.942,93.098,92.524,92.558
2021-04-06,92.539,92.764,92.249,92.261
2021-04-07,92.281,92.483,92.119,92.381
2021-04-08,92.396,92.467,91.974,92.041
2021-04-09,92.058,92.398,92.002,92.143
2021-04-12,92.184,92.303,91.974,92.058
2021-04-13,92.065,92.323,91.753,91.794
2021-04-14,91.75,91.778,91.53,91.604
2021-04-15,91.593,91.711,91.457,91.656
2021-04-16,91.622,91.774,91.442,91.501
2021-04-19,91.58,91.709,90.988,91.027
2021-04-20,90.993,91.229,90.805,91.133
2021-04-21,91.169,91.385,91.03,91.056
2021-04-22,91.061,91.375,90.941,91.228
2021-04-23,91.244,91.245,90.747,90.762
2021-04-26,90.829,90.929,90.621,90.763
2021-04-27,90.823,91.008,90.747,90.805
2021-04-28,90.838,91.068,90.489,90.536
2021-04-29,90.478,90.733,90.358,90.591
2021-04-30,90.562,91.273,90.536,91.246
2021-05-03,91.189,91.342,90.804,90.898
2021-05-04,90.935,91.346,90.925,91.23
2021-05-05,91.224,91.388,91.118,91.199
2021-05-06,91.205,91.329,90.823,90.829
2021-05-07,90.826,90.913,90.133,90.177
2021-05-10,90.085,90.277,89.979,90.253
2021-05-11,90.176,90.298,89.913,90.119
2021-05-12,90.153,90.764,90.091,90.756
2021-05-13,90.695,90.882,90.54,90.695
2021-05-14,90.72,90.772,90.248,90.284
2021-05-17,90.263,90.394,90.105,90.174
2021-05-18,90.156,90.17,89.656,89.752
2021-05-19,89.761,90.251,89.651,90.15
2021-05-20,90.193,90.202,89.722,89.724
2021-05-21,89.757,90.128,89.612,90.003
2021-05-24,90.001,90.084,89.728,89.799
2021-05-25,89.823,89.84,89.496,89.627
2021-05-26,89.662,90.069,89.55,90.029
2021-05-27,90.045,90.15,89.867,89.968
2021-05-28,89.978,90.403,89.94,90.03
2021-05-31,90.047,90.088,89.777,89.792
2021-06-01,89.75,89.896,89.622,89.886
2021-06-02,89.865,90.212,89.827,89.874
2021-06-03,89.885,90.529,89.852,90.464
2021-06-04,90.452,90.599,89.996,90.097
2021-06-07,90.115,90.275,89.852,89.917
2021-06-08,89.925,90.11,89.89,90.053
2021-06-09,90.058,90.104,89.764,90.071
2021-06-10,90.081,90.245,89.907,89.979
2021-06-11,89.989,90.548,89.886,90.463
2021-06-14,90.45,90.543,90.342,90.457
2021-06-15,90.425,90.612,90.28,90.46
2021-06-16,90.47,91.352,90.377,91.342
2021-06-17,91.364,91.962,91.254,91.88
2021-06-18,91.834,92.367,91.772,92.294
2021-06-21,92.219,92.331,91.786,91.823
2021-06-22,91.868,92.103,91.611,91.695
2021-06-23,91.713,91.865,91.476,91.77
2021-06-24,91.76,91.875,91.616,91.777
2021-06-25,91.807,91.834,91.485,91.757
2021-06-28,91.721,91.976,91.655,91.854
2021-06-29,91.828,92.163,91.815,92.051
2021-06-30,92.029,92.41,91.967,92.321
2021-07-01,92.334,92.57,92.225,92.511
2021-07-02,92.536,92.733,92.139,92.216
2021-07-05,92.277,92.325,92.1,92.168
2021-07-06,92.22,92.623,91.959,92.501
2021-07-07,92.507,92.807,92.378,92.676
2021-07-08,92.677,92.758,92.203,92.332
2021-07-09,92.33,92.509,92.052,92.068
2021-07-12,92.109,92.381,92.038,92.196
2021-07-13,92.176,92.775,92.097,92.751
2021-07-14,92.77,92.795,92.312,92.326
2021-07-15,92.357,92.659,92.236,92.542
2021-07-16,92.541,92.724,92.496,92.683
2021-07-19,92.616,93.012,92.595,92.789
2021-07-20,92.85,93.143,92.771,92.943
2021-07-21,92.924,93.159,92.689,92.757
2021-07-22,92.77,92.893,92.47,92.809
2021-07-23,92.799,92.999,92.746,92.884
2021-07-26,92.857,92.932,92.498,92.598
2021-07-27,92.574,92.808,92.278,92.453
2021-07-28,92.424,92.739,92.195,92.234
2021-07-29,92.223,92.254,91.812,91.871
2021-07-30,91.841,92.17,91.745,92.026
2021-08-02,92.078,92.136,91.875,92.029
2021-08-03,92.008,92.114,91.855,92.027
2021-08-04,91.997,92.273,91.778,92.231
2021-08-05,92.246,92.32,92.08,92.233
2021-08-06,92.237,92.8,92.234,92.744
2021-08-09,92.833,92.949,92.679,92.945
2021-08-10,92.944,93.097,92.895,93.025
2021-08-11,93.026,93.152,92.755,92.861
2021-08-12,92.852,92.996,92.801,92.967
2021-08-13,92.94,92.963,92.424,92.467
2021-08-16,92.49,92.617,92.437,92.587
2021-08-17,92.574,93.13,92.57,93.101
2021-08-18,93.097,93.226,92.901,93.136
2021-08-19,93.186,93.558,93.18,93.54
2021-08-20,93.543,93.701,93.409,93.433
2021-08-23,93.458,93.459,92.917,92.944
2021-08-24,92.966,93.055,92.776,92.843
2021-08-25,92.881,93.101,92.781,92.789
2021-08-26,92.798,93.055,92.783,93.037
2021-08-27,93.032,93.157,92.605,92.667
2021-08-30,92.652,92.758,92.572,92.678
2021-08-31,92.683,92.73,92.376,92.63
2021-09-01,92.633,92.763,92.35,92.482
2021-09-02,92.485,92.515,92.182,92.185
2021-09-03,92.198,92.235,91.906,92.108
2021-09-06,92.08,92.278,92.076,92.176
2021-09-07,92.16,92.543,92.068,92.505
2021-09-08,92.5,92.823,92.436,92.68
2021-09-09,92.67,92.733,92.338,92.475
2021-09-10,92.498,92.618,92.293,92.608
2021-09-13,92.588,92.847,92.522,92.572
2021-09-14,92.579,92.636,92.262,92.614
2021-09-15,92.616,92.641,92.371,92.433
2021-09-16,92.416,92.915,92.401,92.818
2021-09-17,92.832,93.199,92.715,93.192
2021-09-20,93.178,93.408,93.138,93.193
2021-09-21,93.187,93.247,93.007,93.174
2021-09-22,93.179,93.481,92.937,93.441
2021-09-23,93.451,93.496,92.931,93.062
2021-09-24,93.06,93.38,93.006,93.233
2021-09-27,93.226,93.454,93.159,93.376
2021-09-28,93.372,93.781,93.322,93.7
2021-09-29,93.673,94.398,93.642,94.35
2021-09-30,94.313,94.48,94.08,94.234
2021-10-01,94.288,94.361,93.955,94.04
2021-10-04,93.919,94.067,93.634,93.776
2021-10-05,93.793,94.028,93.769,93.944
2021-10-06,93.948,94.405,93.946,94.192
2021-10-07,94.189,94.245,94.038,94.18
2021-10-08,94.142,94.302,93.884,94.057
2021-10-11,94.126,94.362,93.982,94.331
2021-10-12,94.334,94.52,94.186,94.482
2021-10-13,94.486,94.496,93.962,93.968
2021-10-14,93.971,94.045,93.711,93.935
2021-10-15,93.994,94.019,93.798,93.912
2021-10-18,93.919,94.126,93.815,93.911
2021-10-19,93.885,93.886,93.445,93.739
2021-10-20,93.743,93.826,93.473,93.548
2021-10-21,93.552,93.735,93.428,93.703
2021-10-22,93.685,93.73,93.465,93.548
2021-10-25,93.601,93.904,93.413,93.76
2021-10-26,93.775,93.959,93.631,93.892
2021-10-27,93.881,93.943,93.618,93.809
2021-10-28,93.832,93.914,93.204,93.282
2021-10-29,93.286,94.235,93.246,94.054
2021-11-01,94.132,94.249,93.795,93.809
2021-11-02,93.862,94.071,93.755,94.033
2021-11-03,94.042,94.151,93.74,93.807
2021-11-04,93.766,94.405,93.76,94.255
2021-11-05,94.257,94.575,94.111,94.151
2021-11-08,94.149,94.309,93.915,93.968
2021-11-09,94.018,94.086,93.801,93.885
2021-11-10,93.916,94.807,93.89,94.802
2021-11-11,94.807,95.131,94.767,95.1
2021-11-12,95.146,95.196,94.923,95.034
2021-11-15,95.037,95.523,94.892,95.505
2021-11-16,95.414,95.885,95.325,95.884
2021-11-17,95.838,96.194,95.653,95.699
2021-11-18,95.719,95.773,95.443,95.455
2021-11-19,95.512,96.165,95.503,95.94
2021-11-22,96.024,96.47,95.966,96.416
2021-11-23,96.389,96.524,96.224,96.398
2021-11-24,96.463,96.854,96.35,96.724
2021-11-25,96.679,96.716,96.571,96.682
2021-11-26,96.64,96.69,95.92,95.998
2021-11-29,96.141,96.358,96.055,96.178
2021-11-30,96.117,96.571,95.456,95.789
2021-12-01,95.862,96.054,95.584,95.985
2021-12-02,95.992,96.099,95.749,96.054
2021-12-03,96.066,96.379,95.879,96.089
2021-12-06,96.213,96.377,96.065,96.244
2021-12-07,96.254,96.537,96.119,96.256
2021-12-08,96.216,96.329,95.789,95.819
2021-12-09,95.941,96.298,95.914,96.198
2021-12-10,96.193,96.383,95.921,95.936
2021-12-13,96.07,96.392,96.033,96.282
2021-12-14,96.35,96.522,96.037,96.517
2021-12-15,96.447,96.859,96.222,96.304
2021-12-16,96.352,96.377,95.781,95.996
2021-12-17,95.953,96.398,95.811,96.391
2021-12-20,96.528,96.625,96.298,96.485
2021-12-21,96.472,96.594,96.3,96.435
2021-12-22,96.437,96.554,95.98,95.984
2021-12-23,96.003,96.233,95.937,95.963
2021-12-27,96.085,96.211,96.004,96.036
2021-12-28,96.008,96.235,95.952,96.101
2021-12-29,96.108,96.355,95.7,95.845
2021-12-30,95.83,96.188,95.825,95.988
2021-12-31,95.934,96.068,95.533,95.567
2022-01-03,95.722,96.291,95.685,96.206
2022-01-04,96.137,96.431,95.999,96.257
2022-01-05,96.296,96.296,95.849,96.16
2022-01-06,96.175,96.357,95.996,96.253
2022-01-07,96.217,96.227,95.658,95.706
2022-01-10,95.728,96.18,95.72,95.899
2022-01-11,95.864,96.026,95.532,95.564
2022-01-12,95.522,95.642,94.84,94.87
2022-01-13,94.93,94.962,94.59,94.822
2022-01-14,94.775,95.204,94.561,95.092
2022-01-17,95.158,95.283,94.976,95.146
2022-01-18,95.083,95.752,95.059,95.741
2022-01-19,95.659,95.718,95.413,95.475
2022-01-20,95.461,95.788,95.349,95.783
2022-01-21,95.749,95.775,95.427,95.574
2022-01-24,95.611,96.061,95.604,95.838
2022-01-25,95.873,96.196,95.829,95.887
2022-01-26,95.899,96.469,95.842,96.409
2022-01-27,96.464,97.224,96.463,97.171
2022-01-28,97.142,97.363,96.975,97.16
2022-01-31,97.178,97.179,96.435,96.547
2022-02-01,96.626,96.641,96.153,96.213
2022-02-02,96.189,96.224,95.72,95.906
2022-02-03,95.983,96.184,95.162,95.34
2022-02-04,95.234,95.632,95.08,95.348
2022-02-07,95.375,95.555,95.272,95.346
2022-02-08,95.353,95.67,95.312,95.516
2022-02-09,95.559,95.591,95.304,95.47
2022-02-10,95.517,95.926,95.08,95.573
2022-02-11,95.791,96.056,95.55,95.993
2022-02-14,95.867,96.35,95.858,96.268
2022-02-15,96.145,96.208,95.872,95.901
2022-02-16,95.916,95.965,95.589,95.659
2022-02-17,95.713,96.019,95.61,95.74
2022-02-18,95.761,96.08,95.64,96.009
2022-02-21,95.956,96.058,95.572,96.02
2022-02-22,95.99,96.162,95.738,95.989
2022-02-23,95.917,96.133,95.748,96.122
2022-02-24,96.257,97.643,96.179,96.94
2022-02-25,96.922,97.136,96.457,96.465
2022-02-28,97.06,97.312,96.514,96.653
2022-03-01,96.718,97.515,96.555,97.272
2022-03-02,97.336,97.81,97.255,97.3
2022-03-03,97.463,97.92,97.406,97.719
2022-03-04,98.053,98.906,97.83,98.548
2022-03-07,99.006,99.428,98.684,99.258
2022-03-08,99.353,99.427,98.847,99.212
2022-03-09,99.162,99.237,97.932,98.093
2022-03-10,98.178,98.582,97.75,98.582
2022-03-11,98.467,99.166,98.252,99.085
2022-03-14,98.955,99.267,98.671,99.083
2022-03-15,99.066,99.15,98.57,98.929
2022-03-16,98.859,99.061,98.256,98.316
2022-03-17,98.423,98.44,97.679,97.994
2022-03-18,97.933,98.595,97.808,98.182
2022-03-21,98.262,98.489,98.112,98.449
2022-03-22,98.455,98.912,98.261,98.437
2022-03-23,98.49,98.841,98.371,98.572
2022-03-24,98.573,98.907,98.548,98.748
2022-03-25,98.666,98.804,98.365,98.778
2022-03-28,98.816,99.303,98.783,99.029
2022-03-29,98.968,99.197,97.981,98.406
2022-03-30,98.402,98.419,97.658,97.827
2022-03-31,97.842,98.361,97.683,98.299
2022-04-01,98.272,98.677,98.267,98.488
2022-04-04,98.514,98.98,98.423,98.886
2022-04-05,98.877,99.407,98.727,99.364
2022-04-06,99.371,99.69,99.23,99.57
2022-04-07,99.572,99.748,99.336,99.662
2022-04-08,99.746,100.095,99.652,99.708
2022-04-11,99.69,99.936,99.501,99.858
2022-04-12,99.916,100.221,99.626,100.204
2022-04-13,100.212,100.392,99.692,99.768
2022-04-14,99.702,100.652,99.445,100.185
2022-04-18,100.379,100.716,100.354,100.672
2022-04-19,100.68,100.884,100.549,100.858
2022-04-20,100.837,100.894,100.076,100.19
2022-04-21,100.236,100.514,99.663,100.509
2022-04-22,100.504,101.192,100.35,100.978
2022-04-25,100.935,101.71,100.914,101.605
2022-04-26,101.559,102.221,101.364,102.185
2022-04-27,102.146,103.125,102.086,102.811
2022-04-28,102.856,103.786,102.851,103.538
2022-04-29,103.517,103.517,102.664,103.067
2022-05-02,103.126,103.613,102.949,103.468
2022-05-03,103.438,103.536,102.89,103.337
2022-05-04,103.301,103.491,102.309,102.36
2022-05-05,102.411,103.788,102.211,103.418
2022-05-06,103.428,103.941,103.086,103.582
2022-05-09,103.685,104.065,103.275,103.625
2022-05-10,103.585,103.865,103.375,103.785
2022-05-11,103.795,103.985,103.225,103.845
2022-05-12,103.885,104.795,103.745,104.635
2022-05-13,104.645,104.885,104.345,104.375
2022-05-16,104.465,104.515,103.995,104.075
2022-05-17,104.035,104.095,103.085,103.165
2022-05-18,103.175,103.795,103.055,103.775
2022-05-19,103.705,103.755,102.535,102.765
2022-05-20,102.755,103.135,102.655,102.905
2022-05-23,102.779,102.782,101.881,101.89
2022-05-24,101.956,102.165,101.486,101.576
2022-05-25,101.577,102.261,101.555,101.951
2022-05-26,101.891,102.093,101.588,101.598
2022-05-27,101.548,101.756,101.274,101.495
2022-05-30,101.537,101.541,101.075,101.123
2022-05-31,101.186,101.981,101.185,101.573
2022-06-01,101.576,102.534,101.556,102.36
2022-06-02,102.379,102.43,101.52,101.544
2022-06-03,101.555,102.022,101.436,101.957
2022-06-06,101.907,102.305,101.659,102.238
2022-06-07,102.313,102.681,102.086,102.178
2022-06-08,102.236,102.596,102.097,102.379
2022-06-09,102.396,103.193,101.981,103.128
2022-06-10,103.118,104.071,102.882,104.016
2022-06-13,104.27,105.115,104.23,105.015
2022-06-14,104.959,105.434,104.443,105.234
2022-06-15,105.071,105.523,104.39,104.573
2022-06-16,104.532,105.241,103.16,103.595
2022-06-17,103.639,104.842,103.597,104.382
2022-06-20,104.413,104.458,103.958,104.216
2022-06-21,104.182,104.255,103.668,104.133
2022-06-22,104.157,104.67,103.555,103.914
2022-06-23,103.949,104.475,103.775,104.102
2022-06-24,104.085,104.211,103.664,103.822
2022-06-27,103.728,103.904,103.335,103.624
2022-06-28,103.627,104.276,103.417,104.183
2022-06-29,104.163,104.802,104.043,104.764
2022-06-30,104.739,105.219,104.308,104.395
2022-07-01,104.448,105.335,104.434,104.787
2022-07-04,104.721,104.936,104.475,104.855
2022-07-05,104.793,106.465,104.722,106.203
2022-07-06,106.211,106.961,106.018,106.765
2022-07-07,106.779,106.93,106.413,106.78
2022-07-08,106.702,107.49,106.51,106.607
2022-07-11,106.76,107.948,106.749,107.894
2022-07-12,107.856,108.275,107.535,107.855
2022-07-13,107.908,108.279,107.133,107.681
2022-07-14,107.927,108.995,107.865,108.337
2022-07-15,108.269,108.433,107.623,107.718
2022-07-18,107.565,107.682,106.594,107.128
2022-07-19,107.137,107.337,106.112,106.402
2022-07-20,106.381,106.97,106.081,106.76
2022-07-21,106.815,107.098,106.147,106.304
2022-07-22,106.346,107.097,105.832,106.291
2022-07-25,106.43,106.607,105.898,106.172
2022-07-26,106.121,106.968,105.896,106.9
2022-07-27,106.816,107.116,105.949,106.145
2022-07-28,106.056,106.671,105.748,105.853
2022-07-29,105.895,106.358,105.227,105.521
2022-08-01,105.679,105.7,104.922,105.094
2022-08-02,105.021,105.996,104.732,105.992
2022-08-03,106.087,106.488,105.636,106.058
2022-08-04,106.171,106.2,105.352,105.427
2022-08-05,105.403,106.595,105.385,106.22
2022-08-08,106.281,106.449,105.739,106.057
2022-08-09,105.999,106.076,105.625,105.948
2022-08-10,106.0,106.059,104.274,104.869
2022-08-11,104.852,105.099,104.288,104.736
2022-08-12,104.769,105.5,104.728,105.302
2022-08-15,105.322,106.169,105.174,106.146
2022-08-16,106.138,106.572,105.949,106.113
2022-08-17,106.115,106.54,105.925,106.31
2022-08-18,106.336,107.25,106.182,107.183
2022-08-19,107.176,107.895,107.169,107.789
2022-08-22,107.85,108.782,107.773,108.659
2022-08-23,108.69,108.967,107.756,108.253
2022-08-24,108.261,108.81,108.053,108.322
2022-08-25,108.346,108.398,107.696,108.133
2022-08-26,108.173,108.571,107.24,108.528
2022-08-29,108.893,109.218,108.21,108.505
2022-08-30,108.382,108.84,108.003,108.551
2022-08-31,108.491,108.917,108.093,108.384
2022-09-01,108.595,109.716,108.494,109.396
2022-09-02,109.339,109.446,108.664,109.326
2022-09-06,109.327,110.273,109.116,109.943
2022-09-07,110.05,110.497,109.261,109.287
2022-09-08,109.424,109.965,109.04,109.405
2022-09-09,109.26,109.291,108.09,108.721
2022-09-12,108.493,108.598,107.555,108.037
2022-09-13,107.966,109.608,107.427,109.608
2022-09-14,109.517,109.619,108.953,109.339
2022-09-15,109.318,109.635,109.129,109.423
2022-09-16,109.486,109.975,109.179,109.373
2022-09-19,109.247,109.873,109.202,109.301
2022-09-20,109.228,109.979,109.048,109.884
2022-09-21,109.873,111.317,109.818,111.076
2022-09-22,111.205,111.533,110.178,111.022
2022-09-23,110.95,112.945,110.794,112.757
2022-09-26,112.837,114.382,112.784,114.016
2022-09-27,113.772,114.36,113.204,114.047
2022-09-28,114.039,114.68,112.4,112.552
2022-09-29,112.891,113.657,111.904,111.909
2022-09-30,111.741,112.608,111.464,112.12
2022-10-03,112.137,112.451,111.323,111.487
2022-10-04,111.409,111.742,109.878,109.972
2022-10-05,110.0,111.56,109.892,111.019
2022-10-06,110.775,112.138,110.622,112.107
2022-10-07,112.085,112.685,111.772,112.572
2022-10-10,112.617,113.167,112.413,112.987
2022-10-11,112.891,113.352,112.182,113.083
2022-10-12,113.125,113.384,112.791,113.041
2022-10-13,113.046,113.707,111.891,112.228
2022-10-14,112.351,113.149,111.924,113.04
2022-10-17,112.786,112.963,111.645,111.78
2022-10-18,111.779,112.19,111.474,111.7
2022-10-19,111.67,112.817,111.618,112.664
2022-10-20,112.699,112.854,111.887,112.583
2022-10-21,112.665,113.664,111.436,111.659
2022-10-24,111.619,112.28,111.484,111.739
2022-10-25,111.603,111.904,110.444,110.56
2022-10-26,110.622,110.826,109.272,109.314
2022-10-27,109.231,110.284,109.174,110.223
2022-10-28,110.199,110.729,109.941,110.335
2022-10-31,110.446,111.318,110.37,111.245
2022-11-01,111.22,111.432,110.353,111.225
2022-11-02,111.137,111.796,110.034,111.779
2022-11-03,111.812,112.8,111.484,112.611
2022-11-04,112.616,112.633,110.364,110.442
2022-11-07,110.765,110.922,109.675,109.787
2022-11-08,109.739,110.251,108.977,109.24
2022-11-09,109.35,110.278,109.085,110.059
2022-11-10,109.944,110.618,107.313,107.481
2022-11-11,107.809,108.048,105.861,105.991
2022-11-14,106.237,106.859,106.049,106.479
2022-11-15,106.574,106.693,104.882,106.123
2022-11-16,106.221,106.385,105.432,105.844
2022-11-17,105.935,106.857,105.696,106.272
2022-11-18,106.21,106.633,105.936,106.606
2022-11-21,106.649,107.598,106.622,107.408
2022-11-22,107.272,107.363,106.713,106.763
2022-11-23,106.696,106.835,105.617,105.742
2022-11-24,105.567,105.689,105.234,105.461
2022-11-25,105.549,106.058,105.307,105.654
2022-11-28,105.854,106.392,104.94,106.31
2022-11-29,106.279,106.532,105.697,106.455
2022-11-30,106.356,106.842,105.409,105.617
2022-12-01,105.265,105.571,104.215,104.325
2022-12-02,104.507,105.245,104.026,104.134
2022-12-05,104.153,105.031,103.744,104.873
2022-12-06,104.779,105.258,104.524,105.194
2022-12-07,105.253,105.469,104.504,104.85
2022-12-08,104.913,105.095,104.369,104.469
2022-12-09,104.435,104.909,104.136,104.592
2022-12-12,104.795,104.89,104.31,104.624
2022-12-13,104.583,104.723,103.138,103.579
2022-12-14,103.589,103.842,103.048,103.206
2022-12-15,103.246,104.481,103.068,104.195
2022-12-16,104.052,104.424,103.802,104.408
2022-12-19,104.24,104.532,103.731,104.266
2022-12-20,104.355,104.385,103.363,103.561
2022-12-21,103.581,104.02,103.471,103.869
2022-12-22,103.736,104.246,103.388,104.016
2022-12-23,104.124,104.187,103.765,103.966
2022-12-27,103.744,104.043,103.522,103.827
2022-12-28,103.947,104.199,103.494,104.164
2022-12-29,104.007,104.142,103.46,103.642
2022-12-30,103.567,103.783,103.059,103.18
2023-01-03,103.409,104.546,103.134,104.343
2023-01-04,104.251,104.284,103.489,103.927
2023-01-05,103.708,104.952,103.676,104.796
2023-01-06,104.734,105.349,103.519,103.566
2023-01-09,103.394,103.47,102.561,102.816
2023-01-10,102.858,103.128,102.649,102.906
2023-01-11,102.859,103.107,102.726,102.846
2023-01-12,102.788,102.941,101.681,101.87
2023-01-13,101.874,102.259,101.585,101.772
2023-01-16,101.692,102.154,101.361,101.942
2023-01-17,101.9,102.172,101.528,101.976
2023-01-18,102.122,102.496,101.109,101.986
2023-01-19,102.039,102.101,101.6,101.666
2023-01-20,101.683,102.163,101.544,101.595
2023-01-23,101.353,101.867,101.172,101.61
2023-01-24,101.571,102.018,101.315,101.484
2023-01-25,101.54,102.007,101.153,101.229
2023-01-26,101.206,101.801,101.11,101.41
2023-01-27,101.325,101.804,101.303,101.537
2023-01-30,101.507,101.921,101.266,101.833
2023-01-31,101.793,102.237,101.629,101.713
2023-02-01,101.696,101.816,100.632,100.754
2023-02-02,100.525,101.542,100.477,101.358
2023-02-03,101.46,102.611,101.16,102.6
2023-02-06,102.786,103.412,102.647,103.254
2023-02-07,103.162,103.605,102.636,102.977
2023-02-08,102.912,103.145,102.632,103.091
2023-02-09,103.105,103.21,102.284,102.855
2023-02-10,102.883,103.336,102.552,103.22
2023-02-13,103.306,103.492,102.881,102.907
2023-02-14,102.821,103.185,102.147,102.895
2023-02-15,102.868,103.76,102.809,103.504
2023-02-16,103.517,103.898,103.198,103.686
2023-02-17,103.812,104.331,103.504,103.55
2023-02-20,103.697,103.744,103.414,103.506
2023-02-21,103.575,103.917,103.414,103.829
2023-02-22,103.719,104.237,103.661,104.168
2023-02-23,104.109,104.429,103.945,104.248
2023-02-24,104.112,104.942,104.06,104.88
2023-02-27,104.769,104.968,104.165,104.288
2023-02-28,104.28,104.616,104.036,104.605
2023-03-01,104.668,104.675,103.724,104.024
2023-03-02,104.102,104.808,104.096,104.599
2023-03-03,104.48,104.637,104.111,104.151
2023-03-06,104.22,104.314,103.785,103.888
2023-03-07,103.935,105.246,103.73,105.218
2023-03-08,105.218,105.484,104.949,105.266
2023-03-09,105.231,105.333,104.729,104.837
2023-03-10,104.706,104.949,103.567,104.222
2023-03-13,103.888,104.015,103.041,103.186
2023-03-14,103.233,103.622,103.049,103.225
2023-03-15,103.305,104.69,103.015,104.361
2023-03-16,104.289,104.365,103.856,104.084
2023-03-17,104.033,104.092,103.3,103.481
2023-03-20,103.409,103.587,102.864,102.866
2023-03-21,102.918,103.093,102.591,102.801
2023-03-22,102.775,102.859,101.619,102.133
2023-03-23,102.03,102.239,101.5,102.198
2023-03-24,102.209,102.965,102.111,102.713
2023-03-27,102.603,102.835,102.413,102.415
2023-03-28,102.332,102.362,101.97,102.0
2023-03-29,102.062,102.367,101.954,102.23
2023-03-30,102.236,102.381,101.671,101.763
2023-03-31,101.827,102.226,101.653,102.194
2023-04-03,102.523,102.662,101.57,101.65
2023-04-04,101.624,101.864,101.051,101.161
2023-04-05,101.14,101.594,101.004,101.484
2023-04-06,101.479,101.742,101.313,101.501
2023-04-07,101.551,101.898,101.479,101.636
2023-04-10,101.597,102.376,101.558,102.106
2023-04-11,102.043,102.085,101.577,101.717
2023-04-12,101.689,101.733,101.004,101.106
2023-04-13,101.06,101.176,100.414,100.57
2023-04-14,100.556,101.303,100.341,101.141
2023-04-17,101.232,101.788,101.102,101.659
2023-04-18,101.675,101.711,101.208,101.296
2023-04-19,101.28,101.795,101.22,101.502
2023-04-20,101.565,101.694,101.2,101.369
2023-04-21,101.371,101.696,101.213,101.287
2023-04-24,101.272,101.474,100.89,100.909
2023-04-25,100.828,101.498,100.76,101.416
2023-04-26,101.369,101.446,100.561,101.008
2023-04-27,100.96,101.384,100.817,101.043
2023-04-28,101.016,101.783,100.976,101.213
2023-05-01,101.287,101.76,101.181,101.669
2023-05-02,101.722,101.974,101.428,101.501
2023-05-03,101.424,101.481,100.65,100.857
2023-05-04,100.815,101.222,100.58,101.0
2023-05-05,100.921,101.352,100.697,100.83
2023-05-08,100.869,100.964,100.594,100.949
2023-05-09,100.991,101.412,100.918,101.203
2023-05-10,101.186,101.374,100.778,100.997
2023-05-11,100.973,101.721,100.874,101.655
2023-05-12,101.656,102.288,101.504,102.277
2023-05-15,102.254,102.321,101.928,102.005
2023-05-16,102.008,102.269,101.784,102.185
2023-05-17,102.175,102.691,102.114,102.436
2023-05-18,102.479,103.203,102.382,103.105
2023-05-19,103.082,103.2,102.584,102.793
2023-05-22,102.998,103.328,102.918,103.198
2023-05-23,103.218,103.618,103.128,103.508
2023-05-24,103.508,103.908,103.338,103.898
2023-05-25,103.868,104.315,103.868,104.238
2023-05-26,104.228,104.408,103.808,104.218
2023-05-29,104.248,104.288,104.025,104.248
2023-05-30,104.275,104.488,103.828,104.015
2023-05-31,104.018,104.658,103.978,104.195
2023-06-01,104.148,104.475,103.475,103.518
2023-06-02,103.508,104.068,103.355,104.028
2023-06-05,104.128,104.378,103.898,103.968
2023-06-06,103.968,104.335,103.768,104.118
2023-06-07,104.048,104.275,103.618,104.098
2023-06-08,104.018,104.058,103.275,103.298
2023-06-09,103.308,103.588,103.288,103.528
2023-06-12,103.528,103.735,103.225,103.595
2023-06-13,103.545,103.598,103.008,103.248
2023-06-14,103.268,103.375,102.625,102.988
2023-06-15,102.935,103.365,102.098,102.158
2023-06-16,102.148,102.418,101.995,102.288
2023-06-19,102.275,102.535,102.235,102.475
2023-06-20,102.468,102.761,102.311,102.501
2023-06-21,102.487,102.687,102.004,102.074
2023-06-22,102.033,102.463,101.873,102.393
2023-06-23,102.399,103.159,102.359,102.889
2023-06-26,102.756,102.843,102.616,102.766
2023-06-27,102.759,102.802,102.319,102.512
2023-06-28,102.508,103.148,102.475,103.008
2023-06-29,102.984,103.464,102.804,103.394
2023-06-30,103.37,103.58,102.78,102.94
2023-07-03,102.954,103.287,102.747,102.967
2023-07-04,102.963,103.093,102.88,103.083
2023-07-05,103.059,103.386,102.956,103.369
2023-07-06,103.355,103.595,102.932,103.105
2023-07-07,103.1,103.19,102.23,102.267
2023-07-10,102.275,102.548,101.918,101.918
2023-07-11,101.894,101.951,101.624,101.631
2023-07-12,101.57,101.59,100.477,100.547
2023-07-13,100.475,100.592,99.715,99.725
2023-07-14,99.751,99.998,99.551,99.931
2023-07-17,99.929,100.146,99.726,99.849
2023-07-18,99.855,100.062,99.495,99.905
2023-07-19,99.92,100.51,99.87,100.247
2023-07-20,100.236,100.953,100.006,100.806
2023-07-21,100.762,101.182,100.709,101.069
2023-07-24,101.077,101.407,100.87,101.36
2023-07-25,101.395,101.635,101.172,101.255
2023-07-26,101.301,101.428,100.838,101.021
2023-07-27,101.087,101.854,100.554,101.777
2023-07-28,101.703,102.06,101.33,101.7
2023-07-31,101.6,101.887,101.51,101.86
2023-08-01,101.873,102.436,101.836,102.216
2023-08-02,102.002,102.789,102.002,102.639
2023-08-03,102.615,102.858,102.378,102.498
2023-08-04,102.474,102.641,101.751,102.014
2023-08-07,102.061,102.381,101.968,102.068
2023-08-08,102.077,102.814,102.067,102.544
2023-08-09,102.533,102.593,102.303,102.523
2023-08-10,102.489,102.676,101.779,102.666
2023-08-11,102.664,102.934,102.434,102.894
2023-08-14,102.892,103.489,102.792,103.182
2023-08-15,103.158,103.318,102.835,103.238
2023-08-16,103.244,103.564,102.974,103.484
2023-08-17,103.519,103.639,103.089,103.469
2023-08-18,103.445,103.725,103.272,103.475
2023-08-21,103.433,103.543,103.173,103.363
2023-08-22,103.359,103.749,103.056,103.649
2023-08-23,103.624,104.024,103.334,103.404
2023-08-24,103.38,104.087,103.31,104.05
2023-08-25,104.146,104.496,103.786,104.266
2023-08-28,104.214,104.231,104.024,104.044
2023-08-29,103.979,104.389,103.399,103.489
2023-08-30,103.585,103.732,102.955,103.195
2023-08-31,103.161,103.778,103.041,103.671
2023-09-01,103.677,104.337,103.297,104.317
2023-09-04,104.271,104.294,104.054,104.124
2023-09-05,104.167,104.927,104.13,104.83
2023-09-06,104.771,105.066,104.611,104.861
2023-09-07,104.902,105.182,104.837,105.092
2023-09-08,105.073,105.128,104.683,105.083
2023-09-11,104.86,104.91,104.43,104.56
2023-09-12,104.591,104.941,104.436,104.581
2023-09-13,104.607,105.007,104.527,104.782
2023-09-14,104.764,105.479,104.584,105.369
2023-09-15,105.445,105.455,105.11,105.355
2023-09-18,105.287,105.387,105.042,105.102
2023-09-19,105.098,105.248,104.823,105.178
2023-09-20,105.149,105.474,104.699,105.389
2023-09-21,105.495,105.775,105.31,105.41
2023-09-22,105.422,105.807,105.347,105.637
2023-09-25,105.6,106.13,105.535,105.99
2023-09-26,105.981,106.296,105.891,106.221
2023-09-27,106.252,106.867,106.197,106.732
2023-09-28,106.713,106.798,106.058,106.173
2023-09-29,106.21,106.265,105.655,106.175
2023-10-02,106.253,107.043,106.058,107.043
2023-10-03,107.019,107.354,106.814,107.114
2023-10-04,107.1,107.27,106.545,106.83
2023-10-05,106.816,106.911,106.351,106.376
2023-10-06,106.403,107.003,105.973,106.153
2023-10-09,106.246,106.621,106.051,106.101
2023-10-10,105.972,106.272,105.687,105.797
2023-10-11,105.788,106.043,105.578,105.733
2023-10-12,105.704,106.644,105.564,106.619
2023-10-13,106.556,106.836,106.326,106.741
2023-10-16,106.584,106.644,106.234,106.244
2023-10-17,106.3,106.565,106.06,106.24
2023-10-18,106.261,106.686,106.056,106.616
2023-10-19,106.597,106.722,105.987,106.282
2023-10-20,106.264,106.474,106.129,106.204
2023-10-23,106.232,106.377,105.547,105.632
2023-10-24,105.628,106.363,105.378,106.298
2023-10-25,106.274,106.614,106.184,106.604
2023-10-26,106.605,106.985,106.575,106.66
2023-10-27,106.627,106.837,106.352,106.612
2023-10-30,106.64,106.735,106.08,106.15
2023-10-31,106.176,106.891,105.921,106.761
2023-11-01,106.712,107.172,106.642,106.687
2023-11-02,106.368,106.508,105.838,106.178
2023-11-03,106.23,106.265,104.965,105.11
2023-11-06,105.133,105.298,104.858,105.283
2023-11-07,105.319,105.784,105.314,105.529
2023-11-08,105.61,105.885,105.46,105.54
2023-11-09,105.591,105.996,105.406,105.926
2023-11-10,105.923,106.048,105.768,105.843
2023-11-13,105.841,105.971,105.596,105.691
2023-11-14,105.682,105.757,103.982,104.077
2023-11-15,104.178,104.513,103.958,104.408
2023-11-16,104.359,104.574,104.019,104.394
2023-11-17,104.366,104.566,103.826,103.836
2023-11-20,103.929,103.929,103.374,103.489
2023-11-21,103.42,103.715,103.185,103.605
2023-11-22,103.531,104.226,103.486,103.871
2023-11-23,103.837,103.892,103.547,103.762
2023-11-24,103.734,103.854,103.364,103.384
2023-11-27,103.512,103.532,103.187,103.212
2023-11-28,103.123,103.318,102.608,102.733
2023-11-29,102.564,103.019,102.469,102.859
2023-11-30,102.75,103.6,102.735,103.52
2023-12-01,103.357,103.747,103.127,103.217
2023-12-04,103.27,103.865,103.205,103.65
2023-12-05,103.571,104.106,103.561,103.961
2023-12-06,103.962,104.247,103.877,104.197
2023-12-07,104.163,104.223,103.268,103.663
2023-12-08,103.55,104.315,103.46,104.02
2023-12-11,103.973,104.278,103.968,104.093
2023-12-12,104.039,104.114,103.479,103.824
2023-12-13,103.83,104.045,102.77,102.965
2023-12-14,102.746,102.826,101.786,101.966
2023-12-15,102.06,102.65,101.845,102.6
2023-12-18,102.558,102.633,102.388,102.503
2023-12-19,102.479,102.634,102.054,102.109
2023-12-20,102.17,102.54,102.145,102.425
2023-12-21,102.356,102.461,101.741,101.756
2023-12-22,101.792,101.902,101.432,101.727
2023-12-26,101.636,101.756,101.436,101.451
2023-12-27,101.532,101.562,100.832,100.947
2023-12-28,100.883,101.318,100.648,101.263
2023-12-29,101.189,101.444,101.084,101.404
2024-01-02,101.378,102.253,101.343,102.238
2024-01-03,102.159,102.739,102.079,102.474
2024-01-04,102.475,102.555,102.17,102.445
2024-01-05,102.421,103.131,101.916,102.461
2024-01-08,102.389,102.634,102.079,102.304
2024-01-09,102.236,102.676,102.116,102.521
2024-01-10,102.522,102.647,102.342,102.362
2024-01-11,102.303,102.793,102.183,102.338
2024-01-12,102.304,102.599,102.094,102.459
2024-01-15,102.452,102.672,102.317,102.582
2024-01-16,102.833,103.433,102.753,103.358
2024-01-17,103.344,103.704,103.279,103.399
2024-01-18,103.305,103.66,103.17,103.44
2024-01-19,103.386,103.576,103.271,103.276
2024-01-22,103.219,103.394,103.139,103.374
2024-01-23,103.365,103.835,103.005,103.58
2024-01-24,103.531,103.571,102.781,103.276
2024-01-25,103.397,103.712,103.142,103.517
2024-01-26,103.548,103.758,103.148,103.503
2024-01-29,103.546,103.846,103.421,103.496
2024-01-30,103.412,103.642,103.327,103.422
2024-01-31,103.438,103.763,102.953,103.553
2024-02-01,103.579,103.854,103.039,103.084
2024-02-02,103.075,104.085,102.925,104.005
2024-02-05,104.163,104.643,104.018,104.498
2024-02-06,104.469,104.629,104.174,104.204
2024-02-07,104.17,104.2,103.975,104.085
2024-02-08,104.046,104.471,104.001,104.176
2024-02-09,104.217,104.302,103.987,104.117
2024-02-12,104.005,104.305,103.92,104.165
2024-02-13,104.156,105.001,103.691,104.911
2024-02-14,104.912,105.017,104.687,104.752
2024-02-15,104.688,104.768,104.223,104.313
2024-02-16,104.399,104.719,104.204,104.339
2024-02-19,104.187,104.402,104.162,104.277
2024-02-20,104.368,104.443,103.813,104.063
2024-02-21,104.074,104.244,103.964,104.024
2024-02-22,103.93,104.17,103.31,103.985
2024-02-23,103.981,104.086,103.801,103.981
2024-02-26,104.02,104.045,103.73,103.8
2024-02-27,103.816,103.946,103.631,103.841
2024-02-28,103.832,104.262,103.832,103.952
2024-02-29,103.968,104.228,103.678,104.123
2024-03-01,104.139,104.324,103.859,103.924
2024-03-04,103.827,103.982,103.747,103.852
2024-03-05,103.858,103.963,103.588,103.783
2024-03-06,103.859,103.909,103.209,103.364
2024-03-07,103.305,103.38,102.82,102.84
2024-03-08,102.766,102.916,102.346,102.781
2024-03-11,102.699,102.959,102.644,102.864
2024-03-12,102.81,103.195,102.735,102.945
2024-03-13,102.941,103.036,102.676,102.816
2024-03-14,102.777,103.412,102.752,103.377
2024-03-15,103.393,103.503,103.308,103.443
2024-03-18,103.461,103.651,103.326,103.591
2024-03-19,103.587,104.067,103.572,103.832
2024-03-20,103.868,104.163,103.388,103.403
2024-03-21,103.254,104.089,103.184,104.044
2024-03-22,104.016,104.551,103.951,104.466
2024-03-25,104.469,104.524,104.179,104.249
2024-03-26,104.25,104.36,104.04,104.335
2024-03-27,104.336,104.496,104.251,104.331
2024-03-28,104.458,104.778,104.353,104.598
2024-04-01,104.507,105.112,104.447,105.007
2024-04-02,105.053,105.148,104.728,104.823
2024-04-03,104.834,104.889,104.269,104.289
2024-04-04,104.281,104.331,103.976,104.291
2024-04-05,104.297,104.757,104.202,104.357
2024-04-08,104.435,104.495,104.14,104.18
2024-04-09,104.156,104.251,103.921,104.171
2024-04-10,104.153,105.358,104.068,105.258
2024-04-11,105.269,105.584,105.089,105.344
2024-04-12,105.33,106.17,105.29,106.075
2024-04-15,106.003,106.298,105.893,106.258
2024-04-16,106.254,106.579,106.119,106.434
2024-04-17,106.391,106.496,105.931,106.011
2024-04-18,106.032,106.257,105.817,106.237
2024-04-19,106.248,106.433,105.913,106.188
2024-04-22,106.151,106.461,106.046,106.186
2024-04-23,106.183,106.303,105.673,105.753
2024-04-24,105.744,106.014,105.649,105.879
2024-04-25,105.88,106.085,105.54,105.65
2024-04-26,105.666,106.276,105.486,106.151
2024-04-29,106.034,106.174,105.534,105.729
2024-04-30,105.766,106.416,105.736,106.406
2024-05-01,106.402,106.572,105.507,105.707
2024-05-02,105.803,105.978,105.363,105.453
2024-05-03,105.364,105.434,104.594,105.129
2024-05-06,105.228,105.253,104.918,105.128
2024-05-07,105.184,105.504,105.079,105.424
2024-05-08,105.475,105.7,105.445,105.57
2024-05-09,105.571,105.801,105.241,105.256
2024-05-10,105.247,105.442,105.167,105.347
2024-05-13,105.351,105.391,105.076,105.246
2024-05-14,105.222,105.527,104.977,105.027
2024-05-15,105.078,105.083,104.288,104.303
2024-05-16,104.224,104.639,104.099,104.534
2024-05-17,104.515,104.82,104.41,104.505
2024-05-20,104.484,104.659,104.409,104.639
2024-05-21,104.61,104.79,104.48,104.655
2024-05-22,104.656,104.991,104.561,104.961
2024-05-23,104.947,105.147,104.647,105.047
2024-05-24,105.088,105.153,104.658,104.763
2024-05-27,104.757,104.767,104.577,104.607
2024-05-28,104.583,104.653,104.343,104.633
2024-05-29,104.679,105.169,104.599,105.159
2024-05-30,105.16,105.215,104.655,104.78
2024-05-31,104.806,104.926,104.386,104.646
2024-06-03,104.595,104.785,104.06,104.065
2024-06-04,104.046,104.351,103.996,104.166
2024-06-05,104.157,104.467,104.132,104.317
2024-06-06,104.268,104.393,104.068,104.133
2024-06-07,104.129,104.969,104.014,104.949
2024-06-10,105.068,105.398,105.043,105.123
2024-06-11,105.149,105.469,105.104,105.279
2024-06-12,105.275,105.335,104.26,104.725
2024-06-13,104.726,105.311,104.656,105.231
2024-06-14,105.263,105.838,105.203,105.543
2024-06-17,105.576,105.681,105.331,105.336
2024-06-18,105.272,105.577,105.127,105.282
2024-06-19,105.283,105.348,105.173,105.253
2024-06-20,105.238,105.698,105.233,105.693
2024-06-21,105.659,105.939,105.559,105.864
2024-06-24,105.901,105.921,105.386,105.511
2024-06-25,105.527,105.797,105.392,105.642
2024-06-26,105.683,106.153,105.623,106.083
2024-06-27,106.089,106.119,105.729,105.954
2024-06-28,105.919,106.149,105.769,105.884
2024-07-01,105.752,105.997,105.442,105.837
2024-07-02,105.873,106.078,105.698,105.713
2024-07-03,105.693,105.813,105.043,105.348
2024-07-04,105.309,105.364,105.109,105.149
2024-07-05,105.175,105.175,104.815,104.87
2024-07-08,104.937,105.017,104.782,104.987
2024-07-09,104.953,105.198,104.928,105.113
2024-07-10,105.099,105.159,104.979,104.994
2024-07-11,104.964,104.994,104.069,104.449
2024-07-12,104.34,104.535,104.015,104.08
2024-07-15,104.263,104.288,103.973,104.233
2024-07-16,104.213,104.478,104.163,104.203
2024-07-17,104.174,104.259,103.614,103.704
2024-07-18,103.65,104.205,103.635,104.18
2024-07-19,104.126,104.401,104.126,104.346
2024-07-22,104.188,104.398,104.168,104.273
2024-07-23,104.274,104.509,104.174,104.419
2024-07-24,104.459,104.529,104.089,104.329
2024-07-25,104.36,104.445,104.065,104.395
2024-07-26,104.316,104.436,104.181,104.306
2024-07-29,104.343,104.733,104.103,104.558
2024-07-30,104.549,104.774,104.444,104.459
2024-07-31,104.43,104.515,103.865,104.04
2024-08-01,104.046,104.446,103.846,104.331
2024-08-02,104.361,104.426,103.111,103.211
2024-08-05,103.134,103.194,102.154,102.719
2024-08-06,102.864,103.199,102.679,102.879
2024-08-07,102.955,103.34,102.885,103.145
2024-08-08,103.091,103.536,102.911,103.201
2024-08-09,103.272,103.292,103.017,103.152
2024-08-12,103.209,103.289,103.069,103.109
2024-08-13,103.065,103.26,102.52,102.585
2024-08-14,102.581,102.691,102.251,102.586
2024-08-15,102.591,103.221,102.526,103.036
2024-08-16,103.027,103.032,102.382,102.397
2024-08-19,102.439,102.444,101.834,101.849
2024-08-20,101.85,101.99,101.35,101.35
2024-08-21,101.366,101.681,100.901,101.166
2024-08-22,101.127,101.627,101.072,101.512
2024-08-23,101.463,101.553,100.603,100.668
2024-08-26,100.65,100.92,100.53,100.87
2024-08-27,100.846,100.926,100.501,100.561
2024-08-28,100.601,101.171,100.596,101.061
2024-08-29,101.042,101.602,100.897,101.392
2024-08-30,101.368,101.798,101.253,101.738
2024-09-02,101.765,101.8,101.575,101.645
2024-09-03,101.666,101.926,101.546,101.761
2024-09-04,101.722,101.787,101.237,101.287
2024-09-05,101.278,101.393,100.973,101.088
2024-09-06,101.068,101.423,100.578,101.203
2024-09-09,101.211,101.711,101.181,101.651
2024-09-10,101.656,101.776,101.551,101.686
2024-09-11,101.652,101.837,101.272,101.747
2024-09-12,101.808,101.858,101.248,101.263
2024-09-13,101.194,101.214,100.904,101.159
2024-09-16,101.051,101.056,100.606,100.696
2024-09-17,100.737,101.042,100.597,101.027
2024-09-18,100.933,101.188,100.233,100.978
2024-09-19,101.07,101.525,100.57,100.7
2024-09-20,100.726,101.076,100.466,100.801
2024-09-23,100.834,101.274,100.774,100.984
2024-09-24,100.971,101.091,100.361,100.371
2024-09-25,100.267,101.027,100.242,100.967
2024-09-26,100.988,100.998,100.493,100.613
2024-09-27,100.654,100.924,100.184,100.489
2024-09-30,100.468,100.973,100.208,100.793
2024-10-01,100.789,101.439,100.734,101.244
2024-10-02,101.285,101.735,101.185,101.685
2024-10-03,101.707,102.157,101.702,102.017
2024-10-04,101.978,102.738,101.868,102.518
2024-10-07,102.566,102.656,102.401,102.536
2024-10-08,102.523,102.688,102.328,102.483
2024-10-09,102.524,102.974,102.489,102.939
2024-10-10,102.925,103.235,102.73,102.905
2024-10-11,102.941,103.046,102.816,102.981
2024-10-14,103.09,103.4,103.01,103.235
2024-10-15,103.231,103.386,103.071,103.256
2024-10-16,103.307,103.657,103.207,103.582
2024-10-17,103.599,103.934,103.494,103.839
2024-10-18,103.835,103.855,103.515,103.53
2024-10-21,103.518,104.068,103.468,104.038
2024-10-22,104.01,104.17,103.875,104.12
2024-10-23,104.146,104.626,104.146,104.486
2024-10-24,104.517,104.522,104.082,104.092
2024-10-25,104.123,104.413,104.008,104.403
2024-10-28,104.462,104.642,104.187,104.387
2024-10-29,104.333,104.713,104.283,104.333
2024-10-30,104.304,104.509,104.039,104.184
2024-10-31,104.245,104.3,103.895,103.995
2024-11-01,103.977,104.447,103.762,104.422
2024-11-04,104.005,104.005,103.665,103.975
2024-11-05,103.996,104.036,103.451,103.486
2024-11-06,104.293,105.513,104.128,105.213
2024-11-07,105.274,105.334,104.249,104.379
2024-11-08,104.495,105.265,104.395,105.005
2024-11-11,105.039,105.754,104.974,105.559
2024-11-12,105.55,106.24,105.54,106.0
2024-11-13,106.116,106.586,105.771,106.526
2024-11-14,106.557,107.122,106.432,106.932
2024-11-15,106.959,106.984,106.384,106.804
2024-11-18,106.802,106.867,106.182,106.267
2024-11-19,106.303,106.688,106.153,106.223
2024-11-20,106.215,106.975,106.185,106.705
2024-11-21,106.651,107.221,106.516,107.136
2024-11-22,107.092,108.172,106.987,107.562
2024-11-25,107.101,107.311,106.626,106.936
2024-11-26,107.497,107.557,106.552,106.927
2024-11-27,106.898,106.973,105.903,106.113
2024-11-28,106.269,106.479,106.164,106.219
2024-11-29,106.055,106.2,105.675,105.87
2024-12-02,105.889,106.794,105.889,106.459
2024-12-03,106.52,106.65,106.125,106.38
2024-12-04,106.487,106.767,106.122,106.407
2024-12-05,106.358,106.413,105.738,105.768
2024-12-06,105.839,106.194,105.454,105.999
2024-12-09,105.983,106.238,105.818,106.173
2024-12-10,106.204,106.659,106.054,106.434
2024-12-11,106.385,106.83,106.29,106.68
2024-12-12,106.566,107.061,106.381,107.041
2024-12-13,106.985,107.225,106.75,106.97
2024-12-16,106.964,107.209,106.784,106.894
2024-12-17,106.755,107.125,106.75,106.985
2024-12-18,106.956,108.326,106.851,108.326
2024-12-19,108.158,108.548,107.888,108.473
2024-12-20,108.519,108.609,107.624,107.879
2024-12-23,107.839,108.349,107.759,108.159
2024-12-24,108.22,108.37,108.12,108.305
2024-12-26,108.233,108.378,108.098,108.163
2024-12-27,108.205,108.295,107.96,108.105
2024-12-30,108.039,108.469,107.829,108.129
2024-12-31,108.13,108.665,107.945,108.565
2025-01-02,108.588,109.638,108.358,109.343
2025-01-03,109.26,109.325,109.015,109.05
2025-01-06,109.044,109.164,107.839,108.339
2025-01-07,108.436,108.791,107.946,108.791
2025-01-08,108.737,109.462,108.642,109.087
2025-01-09,109.133,109.473,109.038,109.253
2025-01-10,109.295,110.075,109.165,109.735
2025-01-13,109.734,110.249,109.669,109.719
2025-01-14,109.681,109.831,109.246,109.251
2025-01-15,109.317,109.462,108.647,109.182
2025-01-16,109.099,109.479,108.899,108.994
2025-01-17,108.995,109.485,108.9,109.48
2025-01-20,109.414,109.529,107.939,108.089
2025-01-21,108.691,108.836,107.936,107.966
2025-01-22,107.992,108.272,107.747,108.242
2025-01-23,108.254,108.559,107.929,108.149
2025-01-24,108.13,108.2,107.215,107.445
2025-01-27,107.53,107.81,106.96,107.33
2025-01-28,107.746,108.061,107.686,107.896
2025-01-29,107.913,108.303,107.748,107.958
2025-01-30,107.869,108.264,107.509,108.149
2025-01-31,108.206,108.571,107.786,108.521
2025-02-03,109.465,109.915,108.365,108.465
2025-02-04,108.711,109.061,107.921,107.991
2025-02-05,107.953,108.013,107.303,107.628
2025-02-06,107.649,108.124,107.554,107.709
2025-02-07,107.751,108.341,107.491,108.131
2025-02-10,108.36,108.445,108.11,108.34
2025-02-11,108.362,108.487,107.772,107.922
2025-02-12,108.023,108.548,107.633,108.018
2025-02-13,107.999,108.034,107.059,107.084
2025-02-14,107.101,107.196,106.571,106.806
2025-02-17,106.8,106.89,106.625,106.725
2025-02-18,106.827,107.117,106.822,107.047
2025-02-19,107.058,107.383,106.878,107.153
2025-02-20,107.09,107.16,106.345,106.36
2025-02-21,106.461,106.761,106.386,106.636
2025-02-24,106.55,106.75,106.115,106.705
2025-02-25,106.757,106.802,106.187,106.262
2025-02-26,106.203,106.653,106.148,106.483
2025-02-27,106.58,107.285,106.505,107.23
2025-02-28,107.221,107.666,107.196,107.581
2025-03-03,107.391,107.416,106.436,106.601
2025-03-04,106.522,106.657,105.587,105.662
2025-03-05,105.629,105.784,104.264,104.299
2025-03-06,104.345,104.415,103.77,104.2
2025-03-07,104.191,104.251,103.476,103.831
2025-03-10,103.806,104.071,103.571,103.921
2025-03-11,103.872,103.927,103.227,103.392
2025-03-12,103.459,103.794,103.284,103.594
2025-03-13,103.615,104.095,103.525,103.87
2025-03-14,103.844,104.104,103.559,103.684
2025-03-17,103.714,103.789,103.264,103.369
2025-03-18,103.425,103.635,103.165,103.21
2025-03-19,103.272,103.887,103.232,103.432
2025-03-20,103.353,104.103,103.308,103.768
2025-03-21,103.755,104.2,103.715,104.135
2025-03-24,104.094,104.434,103.799,104.279
2025-03-25,104.286,104.451,103.906,104.156
2025-03-26,104.192,104.587,104.142,104.512
2025-03-27,104.614,104.614,104.034,104.204
2025-03-28,104.2,104.45,103.85,103.955
2025-03-31,104.01,104.355,103.7,104.15
2025-04-01,104.131,104.341,103.981,104.176
2025-04-02,104.168,104.283,103.283,103.578
2025-04-03,103.154,103.354,101.249,101.929
2025-04-04,101.996,103.201,101.536,102.911
2025-04-07,103.02,103.565,102.195,103.49
2025-04-08,103.397,103.447,102.752,102.962
2025-04-09,102.768,103.303,101.828,102.968
2025-04-10,102.92,102.94,100.685,100.955
2025-04-11,100.571,100.661,99.046,99.871
2025-04-14,100.041,100.181,99.231,99.686
2025-04-15,99.807,100.252,99.457,100.132
2025-04-16,100.074,100.079,99.154,99.249
2025-04-17,99.285,99.745,99.24,99.4
2025-04-21,99.171,99.206,97.881,98.336
2025-04-22,98.333,98.963,97.988,98.938
2025-04-23,99.539,99.939,98.839,99.899
2025-04-24,99.781,99.851,99.201,99.271
2025-04-25,99.407,99.877,99.407,99.582
2025-04-28,99.557,99.802,98.852,98.872
2025-04-29,98.989,99.344,98.909,99.179
2025-04-30,99.145,99.69,99.115,99.61
2025-05-01,99.637,100.362,99.592,100.157
2025-05-02,100.128,100.313,99.363,100.013
2025-05-05,99.958,100.028,99.433,99.768
2025-05-06,99.784,100.079,99.134,99.219
2025-05-07,99.471,99.951,99.256,99.876
2025-05-08,99.882,100.752,99.592,100.622
2025-05-09,100.634,100.859,100.069,100.414
2025-05-12,100.698,101.948,100.488,101.753
2025-05-13,101.69,101.695,100.865,100.935
2025-05-14,100.936,101.101,100.231,101.041
2025-05-15,100.983,101.033,100.568,100.798
2025-05-16,100.754,101.234,100.499,100.969
2025-05-19,100.839,100.859,100.034,100.339
2025-05-20,100.41,100.555,99.98,99.985
2025-05-21,99.922,99.937,99.302,99.577
2025-05-22,99.578,100.118,99.433,99.938
2025-05-23,99.89,99.935,99.03,99.095
2025-05-26,99.074,99.154,98.679,98.964
2025-05-27,98.936,99.611,98.766,99.586
2025-05-28,99.502,99.952,99.432,99.887
2025-05-29,100.404,100.494,99.219,99.364
2025-05-30,99.255,99.675,99.135,99.445
2025-06-02,99.39,99.415,98.605,98.67
2025-06-03,98.581,99.331,98.576,99.266
2025-06-04,99.163,99.388,98.668,98.803
2025-06-05,98.794,98.949,98.349,98.749
2025-06-06,98.691,99.366,98.661,99.221
2025-06-09,99.17,99.23,98.815,99.02
2025-06-10,98.982,99.397,98.862,99.052
2025-06-11,98.963,99.228,98.523,98.643
2025-06-12,98.48,98.54,97.615,97.875
2025-06-13,97.714,98.599,97.624,98.169
2025-06-16,98.294,98.389,97.679,98.149
2025-06-17,98.184,98.889,97.999,98.844
2025-06-18,98.849,99.024,98.469,98.884
2025-06-19,98.919,99.189,98.759,98.784
2025-06-20,98.689,98.919,98.549,98.784
2025-06-23,99.06,99.435,98.365,98.385
2025-06-24,98.24,98.29,97.72,97.975
2025-06-25,97.96,98.21,97.64,97.695
2025-06-26,97.505,97.615,97.01,97.325
2025-06-27,97.391,97.521,97.011,97.276
2025-06-30,97.216,97.331,96.776,96.776
2025-07-01,96.761,96.961,96.376,96.666
2025-07-02,96.677,97.192,96.657,96.817
2025-07-03,96.777,97.437,96.717,97.142
2025-07-04,97.037,97.127,96.877,97.012
2025-07-07,96.963,97.673,96.903,97.558
2025-07-08,97.348,97.838,97.183,97.493
2025-07-09,97.538,97.748,97.448,97.488
2025-07-10,97.388,97.923,97.278,97.588
2025-07-11,97.583,97.978,97.573,97.863
2025-07-14,97.959,98.134,97.764,98.114
2025-07-15,98.114,98.699,97.616,98.629
2025-07-16,98.584,98.904,97.709,98.284
2025-07-17,98.349,98.964,98.349,98.659
2025-07-18,98.515,98.59,98.11,98.5
2025-07-21,98.365,98.52,97.705,97.85
2025-07-22,97.855,98.0,97.31,97.365
2025-07-23,97.471,97.611,97.186,97.206
2025-07-24,97.206,97.541,97.126,97.496
2025-07-25,97.461,97.926,97.441,97.706
2025-07-28,97.602,98.687,97.502,98.667
2025-07-29,98.612,99.152,98.587,98.927
2025-07-30,98.892,99.977,98.707,99.962
2025-07-31,99.792,100.122,99.542,100.067
2025-08-01,100.052,100.282,98.632,98.647
2025-08-04,98.648,99.008,98.608,98.748
2025-08-05,98.628,99.093,98.593,98.753
2025-08-06,98.738,98.843,98.133,98.218
2025-08-07,98.199,98.509,97.964,98.114
2025-08-08,97.989,98.384,97.979,98.294
2025-08-11,98.274,98.684,98.049,98.524
2025-08-12,98.524,98.644,97.894,98.079
2025-08-13,98.04,98.14,97.62,97.795
2025-08-14,97.73,98.34,97.64,98.215
2025-08-15,98.205,98.23,97.735,97.875
2025-08-18,97.801,98.191,97.781,98.151
2025-08-19,98.121,98.316,97.941,98.276
2025-08-20,98.316,98.451,98.081,98.246
2025-08-21,98.246,98.706,98.191,98.671
2025-08-22,98.636,98.856,97.561,97.731
2025-08-25,97.727,98.547,97.712,98.437
2025-08-26,98.477,98.567,98.082,98.242
2025-08-27,98.267,98.742,98.157,98.197
2025-08-28,98.143,98.248,97.758,97.883
2025-08-29,97.888,98.158,97.708,97.863
2025-09-01,97.828,97.883,97.543,97.683
2025-09-02,97.654,98.609,97.654,98.329
2025-09-03,98.414,98.649,98.024,98.164
2025-09-04,98.154,98.469,98.099,98.299
2025-09-05,98.254,98.284,97.389,97.744
2025-09-08,97.8,97.96,97.425,97.46
2025-09-09,97.405,97.82,97.26,97.77
2025-09-10,97.815,97.95,97.595,97.855
2025-09-11,97.815,98.105,97.495,97.56
2025-09-12,97.575,97.895,97.505,97.64
2025-09-15,97.641,97.711,97.271,97.361
2025-09-16,97.352,97.392,96.582,96.667
2025-09-17,96.632,97.077,96.237,97.037
2025-09-18,96.968,97.633,96.858,97.383
2025-09-19,97.364,97.824,97.289,97.689
2025-09-22,97.656,97.831,97.321,97.326
2025-09-23,97.327,97.457,97.202,97.227
2025-09-24,97.217,97.922,97.212,97.872
2025-09-25,97.843,98.628,97.753,98.483
2025-09-26,98.524,98.564,98.159,98.209
2025-09-29,98.186,98.206,97.796,97.956
2025-09-30,97.942,98.062,97.652,97.842
2025-10-01,97.857,97.897,97.467,97.752
2025-10-02,97.748,98.153,97.543,97.913
2025-10-03,97.844,97.979,97.614,97.744
2025-10-06,97.986,98.506,97.976,98.106
2025-10-07,98.132,98.677,98.132,98.612
2025-10-08,98.652,99.092,98.652,98.872
2025-10-09,98.898,99.608,98.738,99.453
2025-10-10,99.434,99.484,98.879,98.879
2025-10-13,99.011,99.381,98.871,99.291
2025-10-14,99.337,99.512,99.017,99.087
2025-10-15,99.107,99.112,98.662,98.682
2025-10-16,98.703,98.733,98.328,98.398
2025-10-17,98.294,98.594,98.069,98.559
2025-10-20,98.531,98.666,98.416,98.641
2025-10-21,98.637,99.012,98.532,98.997
2025-10-22,98.992,99.167,98.802,98.932
2025-10-23,98.968,99.173,98.948,98.963
2025-10-24,98.964,99.134,98.224,98.969
2025-10-27,98.956,99.016,98.731,98.826
2025-10-28,98.772,98.962,98.572,98.737
2025-10-29,98.672,99.382,98.632,99.167
2025-10-30,99.158,99.753,98.938,99.563
2025-10-31,99.494,99.879,99.444,99.769
2025-11-03,99.786,100.006,99.726,99.906
2025-11-04,99.997,100.292,99.772,100.242
2025-11-05,100.197,100.397,100.092,100.187
2025-11-06,100.113,100.118,99.708,99.738
2025-11-07,99.814,99.919,99.434,99.604
2025-11-10,99.661,99.766,99.486,99.656
2025-11-11,99.712,99.772,99.312,99.512
2025-11-12,99.547,99.737,99.442,99.512
2025-11-13,99.613,99.638,99.023,99.213
2025-11-14,99.264,99.444,99.024,99.304
2025-11-17,99.306,99.636,99.271,99.571
2025-11-18,99.602,99.697,99.432,99.622
2025-11-19,99.617,100.287,99.522,100.167
2025-11-20,100.183,100.463,100.068,100.268
2025-11-21,100.199,100.444,100.034,100.219
2025-11-24,100.226,100.331,100.046,100.231
2025-11-25,100.202,100.302,99.677,99.847
2025-11-26,99.852,99.982,99.577,99.597
2025-11-27,99.523,99.738,99.438,99.608
2025-11-28,99.614,99.864,99.409,99.509
2025-12-01,99.496,99.536,99.021,99.421
2025-12-02,99.472,99.582,99.327,99.337
2025-12-03,99.287,99.287,98.832,98.877
2025-12-04,98.943,99.108,98.783,99.083
2025-12-05,99.034,99.154,98.834,99.029
2025-12-08,98.986,99.246,98.816,99.121
2025-12-09,99.122,99.337,98.972,99.252
2025-12-10,99.232,99.277,98.602,98.662
2025-12-11,98.618,98.788,98.163,98.378
2025-12-12,98.374,98.554,98.329,98.419
2025-12-15,98.401,98.481,98.161,98.301
2025-12-16,98.312,98.357,97.882,98.237
2025-12-17,98.223,98.648,98.198,98.408
2025-12-18,98.374,98.579,98.189,98.464
2025-12-19,98.465,98.775,98.45,98.745
2025-12-22,98.673,98.738,98.208,98.278
2025-12-23,98.199,98.219,97.869,97.934
2025-12-24,97.875,98.035,97.765,97.985
2025-12-26,97.982,98.142,97.872,98.077
2025-12-29,98.04,98.195,97.93,98.025
2025-12-30,98.061,98.301,97.961,98.241
2025-12-31,98.252,98.532,98.207,98.347
2026-01-02,98.219,98.529,98.174,98.469
2026-01-05,98.517,98.892,98.262,98.332
2026-01-06,98.373,98.653,98.178,98.623
2026-01-07,98.599,98.774,98.514,98.764
2026-01-08,98.78,99.015,98.715,98.9
2026-01-09,98.956,99.301,98.921,99.206
2026-01-12,99.189,99.264,98.684,98.934
2026-01-13,98.93,99.26,98.865,99.215
2026-01-14,99.216,99.286,98.966,99.106
2026-01-15,99.162,99.547,99.132,99.407
2026-01-16,99.438,99.533,99.213,99.428
2026-01-19,99.486,99.501,99.046,99.081
2026-01-20,99.102,99.132,98.262,98.587
2026-01-21,98.588,98.903,98.408,98.803
2026-01-22,98.809,98.874,98.314,98.319
2026-01-23,98.37,98.51,97.455,97.495
2026-01-26,97.058,97.368,96.828,97.078
2026-01-27,97.109,97.309,95.579,95.804
2026-01-28,96.02,96.825,95.9,96.37
2026-01-29,96.23,96.72,96.05,96.225
2026-01-30,96.496,97.211,96.381,97.201
2026-02-02,97.244,97.784,97.059,97.644
2026-02-03,97.53,97.73,97.335,97.43
2026-02-04,97.491,97.776,97.346,97.686
2026-02-05,97.682,98.037,97.652,98.007
2026-02-06,97.963,97.988,97.598,97.713
2026-02-09,97.741,97.796,96.821,96.886
2026-02-10,96.977,97.017,96.632,96.892
2026-02-11,96.843,97.303,96.513,96.953
2026-02-12,96.914,97.124,96.784,96.954
2026-02-13,96.95,97.205,96.84,96.92
2026-02-16,96.898,97.143,96.898,97.108
2026-02-17,97.129,97.584,97.099,97.149
2026-02-18,97.185,97.775,97.185,97.755
2026-02-19,97.731,98.121,97.611,97.886
2026-02-20,97.917,98.117,97.622,97.792
2026-02-23,97.72,97.885,97.375,97.77
2026-02-24,97.786,98.016,97.766,97.916
2026-02-25,97.852,98.017,97.637,97.682
2026-02-26,97.608,98.023,97.518,97.818
2026-02-27,97.799,97.889,97.589,97.719
2026-03-02,98.002,98.792,97.787,98.577
2026-03-03,98.558,99.718,98.463,99.093
2026-03-04,99.209,99.359,98.734,98.829
2026-03-05,98.735,99.45,98.71,99.09
2026-03-06,99.061,99.471,98.876,98.931
2026-03-09,99.379,99.739,98.744,98.754
2026-03-10,98.89,98.99,98.51,98.965
2026-03-11,98.941,99.326,98.716,99.281
2026-03-12,99.472,99.792,99.282,99.782
2026-03-13,99.708,100.533,99.613,100.513
2026-03-16,100.426,100.481,99.661,99.816
2026-03-17,99.863,100.123,99.498,99.568
2026-03-18,99.561,100.346,99.466,100.321
2026-03-19,100.243,100.368,99.008,99.253
2026-03-20,99.345,99.85,99.3,99.555
2026-03-23,99.718,100.203,98.888,99.163
2026-03-24,99.19,99.675,99.07,99.255
2026-03-25,99.217,99.702,99.087,99.672
2026-03-26,99.67,100.065,99.615,99.945
2026-03-27,99.917,100.262,99.842,100.232
2026-03-30,100.284,100.664,100.104,100.579
2026-03-31,100.626,100.716,99.826,99.901
2026-04-01,99.754,99.919,99.309,99.599
2026-04-02,99.606,100.311,99.481,100.051
2026-04-03,100.019,100.224,99.984,100.184
2026-04-06,100.196,100.336,99.761,100.011
2026-04-07,100.028,100.188,99.593,99.658
2026-04-08,98.905,99.165,98.49,99.02
2026-04-09,99.053,99.148,98.598,98.793
2026-04-10,98.85,98.985,98.505,98.635
2026-04-13,99.067,99.167,98.332,98.372
2026-04-14,98.31,98.375,97.925,98.065
2026-04-15,98.037,98.252,97.967,98.042
2026-04-16,97.974,98.279,97.799,98.189
2026-04-17,98.202,98.272,97.592,98.202
2026-04-20,98.439,98.474,97.974,98.014
2026-04-21,98.031,98.556,98.026,98.346
2026-04-22,98.343,98.623,98.183,98.573
2026-04-23,98.596,98.931,98.511,98.806
2026-04-24,98.803,98.898,98.473,98.473
2026-04-27,98.565,98.62,98.175,98.46
2026-04-28,98.428,98.858,98.393,98.608
2026-04-29,98.57,99.05,98.55,98.955
2026-04-30,98.852,99.102,97.997,98.087
2026-05-01,98.13,98.23,97.7,98.205
2026-05-04,98.002,98.547,97.952,98.462
2026-05-05,98.454,98.569,98.294,98.489
2026-05-06,98.301,98.336,97.591,98.006
2026-05-07,98.034,98.279,97.794,98.279
2026-05-08,98.221,98.276,97.811,97.821
2026-05-11,97.983,98.138,97.828,97.923
2026-05-12,97.951,98.461,97.951,98.271
2026-05-13,98.313,98.613,98.248,98.478
2026-05-14,98.465,98.9,98.415,98.875
2026-05-15,98.943,99.343,98.928,99.303
2026-05-18,99.285,99.425,98.945,98.985
2026-05-19,98.987,99.462,98.982,99.337
2026-05-20,99.335,99.495,98.96,99.15
2026-05-21,99.162,99.542,99.087,99.237
2026-05-22,99.229,99.454,99.194,99.344
2026-05-25,99.111,99.121,98.916,98.991
2026-05-26,99.054,99.259,99.009,99.144
2026-05-27,99.101,99.271,98.956,99.226
2026-05-28,99.308,99.563,98.928,99.023
2026-05-29,99.011,99.201,98.756,98.956
2026-06-01,98.963,99.398,98.933,99.193
2026-06-02,99.17,99.345,99.05,99.22
2026-06-03,99.303,99.583,99.203,99.553
2026-06-04,99.48,99.56,99.19,99.46
2026-06-05,99.447,100.137,99.172,100.087
2026-06-08,100.139,100.229,99.834,100.029
2026-06-09,100.062,100.092,99.687,99.972
2026-06-10,100.034,100.069,99.724,100.059
2026-06-11,100.072,100.342,99.592,99.717
2026-06-12,99.749,99.924,99.649,99.809
2026-06-15,99.506,99.736,99.391,99.681
2026-06-16,99.663,99.818,99.463,99.573
2026-06-17,99.56,100.62,99.51,100.425
2026-06-18,100.383,100.958,100.238,100.878
2026-06-19,100.87,101.165,100.745,100.82
2026-06-22,100.876,101.096,100.796,101.016
2026-06-23,101.034,101.459,100.959,101.394
2026-06-24,101.411,101.811,101.391,101.591
2026-06-25,101.623,101.768,101.318,101.483
2026-06-26,101.535,101.595,101.075,101.41
2026-06-29,101.387,101.417,101.072,101.102
2026-06-30,101.144,101.429,101.039,101.169
2026-07-01,101.236,101.591,101.166,101.411
2026-07-02,101.403,101.438,100.538,100.858
2026-07-03,100.956,100.981,100.601,100.826
2026-07-06,100.832,101.117,100.812,100.847
2026-07-07,100.839,101.109,100.779,101.059
2026-07-08,101.152,101.262,100.912,101.052
2026-07-09,101.004,101.029,100.764,100.924
2026-07-10,100.891,100.996,100.576,100.976
2026-07-13,101.053,101.328,100.773,101.308
2026-07-14,101.265,101.33,100.495,100.91
2026-07-15,100.877,101.017,100.332,100.492
2026-07-16,100.464,100.819,100.419,100.709
2026-07-17,100.691,100.866,100.631,100.751
2026-07-20,100.793,101.023,100.638,100.968
2026-07-21,100.95,101.205,100.845,101.2
2026-07-22,101.162,101.197,100.997,101.102
2026-07-23,101.105,101.545,100.925,101.435
2026-07-24,101.447,101.522,101.242,101.467
2026-07-27,101.283,101.538,101.098,101.528
2026-07-28,101.521,101.641,101.251,101.421
2026-07-29,101.428,101.488,100.743,100.823
2026-07-30,100.8,101.065,99.845,99.97
2026-07-31,100.057,100.467,99.712,99.747
2026-08-03,99.669,100.029,99.434,99.974
2026-08-04,100.021,100.071,99.831,99.866
2026-08-05,99.863,99.903,99.618,99.683
2026-08-06,99.655,100.02,99.635,99.945
2026-08-07,99.942,100.002,99.397,99.602
2026-08-10,99.564,99.834,99.564,99.809
2026-08-11,99.766,99.906,99.726,99.806
2026-08-12,99.803,100.013,99.598,99.968
2026-08-13,99.951,100.091,99.791,99.951
2026-08-14,99.918,99.933,99.463,99.643
2026-08-17,99.619,99.659,99.279,99.569
2026-08-18,99.532,99.687,99.512,99.642
2026-08-19,99.634,99.684,98.764,98.774
2026-08-20,98.821,98.931,98.556,98.866
2026-08-21,98.788,98.918,98.563,98.848
2026-08-24,98.845,99.06,98.765,98.99
2026-08-25,98.957,99.117,98.862,98.907
2026-08-26,98.914,99.229,98.899,99.129
2026-08-27,99.116,99.266,99.076,99.141
2026-08-28,99.119,99.739,99.069,99.704
2026-08-31,99.735,99.735,99.405,99.42
2026-09-01,99.412,99.727,99.362,99.672
2026-09-02,99.685,99.875,99.43,99.57
2026-09-03,99.622,99.632,98.847,99.017
2026-09-04,98.979,99.024,98.934,98.984
