timestamp,open,high,low,close
2023-01-03 07:00:00,1826.72,1839.8,1823.56,1838.35
2023-01-03 11:00:00,1838.35,1844.2,1837.92,1841.94
2023-01-03 15:00:00,1842.02,1849.96,1833.64,1834.44
2023-01-03 19:00:00,1834.44,1849.85,1830.83,1844.95
2023-01-03 23:00:00,1844.98,1845.45,1827.52,1838.84
2023-01-04 03:00:00,1838.85,1839.88,1836.49,1839.47
2023-01-04 07:00:00,1838.83,1845.96,1836.12,1845.73
2023-01-04 11:00:00,1845.63,1849.02,1844.64,1847.84
2023-01-04 15:00:00,1847.81,1865.12,1847.36,1858.84
2023-01-04 19:00:00,1858.79,1862.86,1852.79,1857.01
2023-01-04 23:00:00,1856.37,1860.44,1849.02,1850.5
2023-01-05 03:00:00,1850.32,1857.16,1847.08,1854.61
2023-01-05 07:00:00,1852.9,1858.95,1852.9,1856.84
2023-01-05 11:00:00,1856.75,1857.03,1850.34,1850.7
2023-01-05 15:00:00,1850.66,1855.07,1843.78,1849.05
2023-01-05 19:00:00,1849.07,1850.78,1831.31,1834.41
2023-01-05 23:00:00,1834.5,1837.4,1825.06,1835.86
2023-01-06 03:00:00,1835.93,1836.43,1831.89,1832.87
2023-01-06 07:00:00,1829.35,1840.27,1829.33,1838.22
2023-01-06 11:00:00,1838.52,1840.79,1835.66,1838.76
2023-01-06 15:00:00,1838.81,1840.59,1833.26,1836.62
2023-01-06 19:00:00,1836.6,1852.66,1834.64,1843.6
2023-01-06 23:00:00,1844.3,1869.45,1844.3,1868.67
2023-01-07 03:00:00,1868.7,1869.8,1865.56,1866.45
2023-01-09 07:00:00,1866.47,1879.34,1866.28,1879.1
2023-01-09 11:00:00,1879.1,1879.85,1874.67,1877.95
2023-01-09 15:00:00,1877.9,1880.92,1871.26,1871.57
2023-01-09 19:00:00,1871.62,1881.48,1870.52,1877.05
2023-01-09 23:00:00,1877.07,1879.3,1868.99,1871.28
2023-01-10 03:00:00,1871.31,1875.69,1869.17,1871.63
2023-01-10 07:00:00,1871.44,1875.82,1867.71,1872.72
2023-01-10 11:00:00,1872.81,1875.17,1870.58,1873.29
2023-01-10 15:00:00,1873.3,1877.23,1870.54,1875.06
2023-01-10 19:00:00,1875.1,1880.07,1870.39,1878.23
2023-01-10 23:00:00,1878.12,1880.71,1871.13,1875.58
2023-01-11 03:00:00,1875.58,1878.7,1875.25,1876.89
2023-01-11 07:00:00,1876.7,1878.43,1871.92,1874.91
2023-01-11 11:00:00,1874.91,1884.52,1874.5,1880.69
2023-01-11 15:00:00,1880.69,1886.59,1880.35,1884.74
2023-01-11 19:00:00,1884.78,1886.1,1870.55,1871.72
2023-01-11 23:00:00,1871.72,1877.83,1867.07,1877.72
2023-01-12 03:00:00,1877.77,1878.48,1875.6,1875.68
2023-01-12 07:00:00,1875.06,1884.91,1874.36,1883.61
2023-01-12 11:00:00,1883.69,1884.98,1881.97,1883.13
2023-01-12 15:00:00,1883.0,1885.42,1879.85,1884.3
2023-01-12 19:00:00,1884.32,1901.58,1872.15,1882.45
2023-01-12 23:00:00,1882.54,1899.09,1880.35,1898.9
2023-01-13 03:00:00,1898.87,1899.52,1894.3,1896.72
2023-01-13 07:00:00,1895.67,1900.92,1895.35,1898.16
2023-01-13 11:00:00,1898.18,1898.47,1892.25,1896.01
2023-01-13 15:00:00,1896.11,1909.68,1894.83,1906.02
2023-01-13 19:00:00,1906.01,1912.3,1893.63,1911.58
2023-01-13 23:00:00,1911.27,1921.88,1906.74,1919.65
2023-01-14 03:00:00,1919.7,1921.61,1918.44,1920.56
2023-01-16 07:00:00,1919.38,1928.7,1916.75,1928.37
2023-01-16 11:00:00,1928.32,1928.92,1913.37,1915.74
2023-01-16 15:00:00,1915.76,1917.93,1910.82,1915.58
2023-01-16 19:00:00,1915.57,1919.27,1911.36,1915.33
2023-01-16 23:00:00,1915.29,1917.1,1912.79,1914.41
2023-01-17 03:00:00,1914.42,1915.65,1914.16,1915.35
2023-01-17 07:00:00,1914.85,1918.98,1909.37,1910.69
2023-01-17 11:00:00,1910.63,1913.18,1906.93,1907.14
2023-01-17 15:00:00,1907.17,1911.87,1904.19,1906.19
2023-01-17 19:00:00,1906.18,1916.62,1906.01,1913.47
2023-01-17 23:00:00,1913.58,1915.7,1904.57,1905.52
2023-01-18 03:00:00,1905.58,1910.8,1903.71,1908.49
2023-01-18 07:00:00,1908.48,1910.34,1900.38,1904.0
2023-01-18 11:00:00,1904.05,1905.37,1896.51,1902.9
2023-01-18 15:00:00,1902.9,1915.93,1902.8,1914.32
2023-01-18 19:00:00,1914.33,1925.89,1914.03,1921.31
2023-01-18 23:00:00,1921.27,1922.08,1901.54,1904.92
2023-01-19 03:00:00,1904.96,1905.27,1902.3,1904.24
2023-01-19 07:00:00,1904.36,1909.53,1900.9,1907.12
2023-01-19 11:00:00,1907.02,1911.18,1906.71,1908.57
2023-01-19 15:00:00,1908.61,1916.73,1906.35,1909.58
2023-01-19 19:00:00,1909.72,1918.18,1906.59,1917.5
2023-01-19 23:00:00,1917.57,1925.58,1915.75,1924.98
2023-01-20 03:00:00,1924.98,1935.17,1923.7,1932.07
2023-01-20 07:00:00,1932.05,1934.85,1929.33,1929.61
2023-01-20 11:00:00,1929.57,1930.35,1923.13,1926.52
2023-01-20 15:00:00,1926.55,1937.47,1926.29,1930.0
2023-01-20 19:00:00,1930.03,1931.32,1920.67,1925.0
2023-01-20 23:00:00,1924.93,1930.95,1922.78,1929.42
2023-01-21 03:00:00,1929.39,1931.01,1926.15,1926.79
2023-01-23 07:00:00,1925.89,1935.47,1923.79,1931.84
2023-01-23 11:00:00,1931.95,1933.17,1921.0,1922.59
2023-01-23 15:00:00,1922.49,1929.33,1918.87,1926.34
2023-01-23 19:00:00,1926.34,1927.81,1913.28,1916.61
2023-01-23 23:00:00,1916.7,1929.69,1911.33,1927.81
2023-01-24 03:00:00,1927.83,1931.77,1924.78,1930.8
2023-01-24 07:00:00,1931.05,1937.04,1930.68,1934.65
2023-01-24 11:00:00,1934.63,1939.94,1931.82,1939.63
2023-01-24 15:00:00,1939.44,1942.46,1934.25,1938.5
2023-01-24 19:00:00,1938.46,1939.4,1921.28,1921.33
2023-01-24 23:00:00,1921.35,1936.63,1917.14,1934.95
2023-01-25 03:00:00,1934.94,1938.27,1934.11,1937.24
2023-01-25 07:00:00,1937.14,1939.57,1934.92,1935.15
2023-01-25 11:00:00,1935.12,1935.18,1925.77,1933.39
2023-01-25 15:00:00,1933.36,1933.67,1922.76,1925.53
2023-01-25 19:00:00,1925.56,1932.88,1919.84,1930.75
2023-01-25 23:00:00,1930.75,1942.17,1928.76,1939.98
2023-01-26 03:00:00,1940.0,1948.0,1939.64,1946.12
2023-01-26 07:00:00,1946.5,1949.1,1942.48,1945.19
2023-01-26 11:00:00,1945.06,1948.95,1944.76,1945.73
2023-01-26 15:00:00,1945.67,1945.73,1933.81,1936.73
2023-01-26 19:00:00,1936.73,1942.34,1929.48,1932.67
2023-01-26 23:00:00,1932.8,1934.96,1918.55,1929.72
2023-01-27 03:00:00,1929.75,1931.4,1928.53,1929.04
2023-01-27 07:00:00,1927.73,1934.78,1925.68,1925.76
2023-01-27 11:00:00,1925.76,1927.76,1919.73,1923.18
2023-01-27 15:00:00,1923.13,1929.15,1922.11,1928.44
2023-01-27 19:00:00,1928.47,1934.96,1921.71,1923.58
2023-01-27 23:00:00,1923.9,1932.13,1916.71,1930.23
2023-01-28 03:00:00,1930.23,1932.0,1926.1,1928.5
2023-01-30 07:00:00,1927.87,1930.91,1924.74,1926.39
2023-01-30 11:00:00,1926.39,1934.41,1924.33,1930.96
2023-01-30 15:00:00,1930.94,1931.77,1920.64,1930.59
2023-01-30 19:00:00,1930.6,1930.71,1922.01,1925.18
2023-01-30 23:00:00,1925.17,1929.2,1921.93,1922.76
2023-01-31 03:00:00,1922.78,1924.65,1920.77,1923.07
2023-01-31 07:00:00,1921.25,1927.4,1921.04,1925.51
2023-01-31 11:00:00,1925.35,1925.84,1911.72,1915.47
2023-01-31 15:00:00,1915.47,1915.96,1902.19,1904.76
2023-01-31 19:00:00,1904.72,1926.43,1900.7,1924.7
2023-01-31 23:00:00,1924.66,1931.11,1920.52,1929.35
2023-02-01 03:00:00,1929.33,1930.98,1927.22,1928.06
2023-02-01 07:00:00,1928.22,1928.75,1924.55,1925.29
2023-02-01 11:00:00,1925.31,1928.45,1924.96,1926.86
2023-02-01 15:00:00,1926.85,1929.24,1923.29,1926.47
2023-02-01 19:00:00,1926.5,1933.18,1925.85,1927.73
2023-02-01 23:00:00,1929.06,1932.27,1920.5,1926.51
2023-02-02 03:00:00,1926.67,1954.5,1921.15,1950.06
2023-02-02 07:00:00,1951.07,1957.16,1950.78,1952.19
2023-02-02 11:00:00,1952.17,1954.43,1951.21,1952.08
2023-02-02 15:00:00,1952.11,1959.67,1951.55,1952.64
2023-02-02 19:00:00,1952.65,1956.57,1921.12,1921.35
2023-02-02 23:00:00,1921.31,1927.53,1911.76,1917.68
2023-02-03 03:00:00,1917.71,1917.97,1911.28,1912.57
2023-02-03 07:00:00,1911.65,1918.55,1911.47,1916.34
2023-02-03 11:00:00,1916.34,1917.15,1913.81,1915.87
2023-02-03 15:00:00,1915.88,1918.16,1909.53,1911.9
2023-02-03 19:00:00,1911.91,1917.06,1875.22,1882.56
2023-02-03 23:00:00,1882.51,1882.51,1861.34,1865.22
2023-02-04 03:00:00,1865.28,1866.94,1863.34,1865.71
2023-02-06 07:00:00,1861.18,1876.01,1859.92,1873.42
2023-02-06 11:00:00,1873.39,1878.78,1872.26,1876.46
2023-02-06 15:00:00,1876.52,1881.31,1870.11,1872.29
2023-02-06 19:00:00,1872.18,1875.76,1868.18,1873.88
2023-02-06 23:00:00,1873.86,1873.94,1862.99,1868.15
2023-02-07 03:00:00,1868.19,1871.26,1865.2,1867.56
2023-02-07 07:00:00,1866.84,1875.11,1866.81,1874.41
2023-02-07 11:00:00,1874.46,1876.82,1871.62,1874.42
2023-02-07 15:00:00,1874.41,1877.95,1871.07,1871.98
2023-02-07 19:00:00,1871.97,1872.8,1865.66,1870.89
2023-02-07 23:00:00,1870.87,1884.32,1864.93,1869.26
2023-02-08 03:00:00,1869.26,1878.0,1867.19,1873.66
2023-02-08 07:00:00,1873.05,1878.38,1871.37,1876.93
2023-02-08 11:00:00,1876.91,1878.47,1874.95,1876.22
2023-02-08 15:00:00,1876.18,1886.33,1873.2,1880.75
2023-02-08 19:00:00,1880.78,1883.57,1869.02,1873.46
2023-02-08 23:00:00,1873.45,1879.87,1869.86,1877.95
2023-02-09 03:00:00,1877.99,1878.48,1873.8,1875.42
2023-02-09 07:00:00,1875.49,1880.23,1871.99,1879.13
2023-02-09 11:00:00,1879.12,1881.48,1877.68,1880.78
2023-02-09 15:00:00,1880.89,1886.13,1876.77,1885.67
2023-02-09 19:00:00,1885.67,1890.22,1878.87,1879.36
2023-02-09 23:00:00,1879.35,1881.79,1862.97,1866.32
2023-02-10 03:00:00,1866.25,1869.59,1858.88,1861.54
2023-02-10 07:00:00,1861.83,1865.36,1858.95,1859.9
2023-02-10 11:00:00,1859.87,1861.6,1852.73,1859.29
2023-02-10 15:00:00,1859.31,1872.15,1857.58,1862.92
2023-02-10 19:00:00,1862.89,1868.56,1860.18,1861.6
2023-02-10 23:00:00,1861.61,1866.75,1856.41,1862.05
2023-02-11 03:00:00,1862.06,1865.58,1861.33,1865.29
2023-02-13 07:00:00,1864.73,1865.33,1858.07,1861.49
2023-02-13 11:00:00,1861.57,1866.58,1856.96,1862.8
2023-02-13 15:00:00,1862.62,1865.81,1853.82,1858.63
2023-02-13 19:00:00,1858.62,1863.07,1853.23,1856.79
2023-02-13 23:00:00,1856.83,1858.41,1850.46,1855.17
2023-02-14 03:00:00,1855.18,1855.64,1851.27,1853.36
2023-02-14 07:00:00,1853.43,1858.53,1853.19,1857.51
2023-02-14 11:00:00,1857.55,1864.88,1856.22,1862.16
2023-02-14 15:00:00,1862.26,1864.24,1857.79,1859.17
2023-02-14 19:00:00,1859.17,1870.5,1843.22,1856.32
2023-02-14 23:00:00,1856.3,1865.63,1843.87,1853.56
2023-02-15 03:00:00,1853.62,1856.23,1851.34,1854.34
2023-02-15 07:00:00,1854.03,1860.01,1851.94,1852.15
2023-02-15 11:00:00,1852.11,1852.16,1841.98,1843.45
2023-02-15 15:00:00,1843.38,1844.61,1831.77,1835.37
2023-02-15 19:00:00,1835.43,1838.86,1831.7,1833.42
2023-02-15 23:00:00,1833.6,1838.02,1830.39,1835.89
2023-02-16 03:00:00,1836.0,1838.63,1834.79,1835.79
2023-02-16 07:00:00,1836.08,1842.55,1834.44,1842.19
2023-02-16 11:00:00,1842.18,1842.46,1834.19,1836.36
2023-02-16 15:00:00,1836.35,1844.82,1834.72,1838.13
2023-02-16 19:00:00,1838.12,1840.32,1827.61,1828.8
2023-02-16 23:00:00,1828.72,1845.06,1827.58,1844.12
2023-02-17 03:00:00,1844.21,1845.25,1835.87,1836.37
2023-02-17 07:00:00,1836.68,1836.68,1825.97,1829.55
2023-02-17 11:00:00,1829.39,1829.47,1823.22,1824.22
2023-02-17 15:00:00,1824.17,1828.1,1818.88,1823.49
2023-02-17 19:00:00,1823.52,1830.32,1821.84,1826.49
2023-02-17 23:00:00,1826.48,1843.35,1826.48,1842.17
2023-02-18 03:00:00,1842.19,1843.57,1840.99,1841.88
2023-02-20 07:00:00,1840.58,1843.11,1837.23,1842.16
2023-02-20 11:00:00,1842.32,1845.54,1841.1,1843.99
2023-02-20 15:00:00,1843.93,1847.47,1841.04,1843.47
2023-02-20 19:00:00,1843.54,1847.01,1842.52,1846.41
2023-02-20 23:00:00,1846.4,1846.54,1840.45,1841.06
2023-02-21 03:00:00,1841.1,1841.4,1840.89,1841.18
2023-02-21 07:00:00,1841.62,1843.72,1840.0,1841.36
2023-02-21 11:00:00,1841.32,1841.94,1837.02,1838.61
2023-02-21 15:00:00,1838.6,1838.78,1831.03,1833.2
2023-02-21 19:00:00,1833.23,1843.81,1830.21,1835.01
2023-02-21 23:00:00,1834.93,1842.25,1831.76,1833.37
2023-02-22 03:00:00,1833.39,1836.55,1832.1,1834.9
2023-02-22 07:00:00,1835.04,1838.39,1834.4,1835.99
2023-02-22 11:00:00,1835.89,1837.2,1834.57,1835.36
2023-02-22 15:00:00,1835.27,1841.12,1832.04,1833.39
2023-02-22 19:00:00,1833.38,1846.01,1833.16,1835.9
2023-02-22 23:00:00,1835.91,1838.33,1829.36,1830.69
2023-02-23 03:00:00,1830.63,1833.75,1823.48,1825.14
2023-02-23 07:00:00,1825.28,1829.8,1823.09,1829.61
2023-02-23 11:00:00,1829.61,1833.67,1827.0,1832.09
2023-02-23 15:00:00,1832.0,1833.65,1824.35,1826.42
2023-02-23 19:00:00,1826.43,1830.09,1817.39,1828.09
2023-02-23 23:00:00,1828.08,1828.33,1818.39,1822.7
2023-02-24 03:00:00,1822.66,1824.15,1822.05,1822.24
2023-02-24 07:00:00,1822.1,1827.77,1822.1,1824.82
2023-02-24 11:00:00,1824.78,1827.47,1823.3,1823.98
2023-02-24 15:00:00,1824.07,1826.29,1819.65,1822.26
2023-02-24 19:00:00,1822.22,1823.05,1808.89,1812.78
2023-02-24 23:00:00,1812.79,1815.23,1808.89,1809.89
2023-02-25 03:00:00,1810.03,1813.43,1809.66,1811.14
2023-02-27 07:00:00,1810.76,1814.15,1810.3,1811.71
2023-02-27 11:00:00,1811.72,1812.13,1806.59,1808.03
2023-02-27 15:00:00,1807.99,1813.65,1807.08,1810.56
2023-02-27 19:00:00,1810.53,1818.8,1810.07,1817.88
2023-02-27 23:00:00,1817.81,1820.13,1812.57,1818.82
2023-02-28 03:00:00,1818.91,1820.02,1815.97,1817.17
2023-02-28 07:00:00,1816.83,1819.41,1815.34,1817.85
2023-02-28 11:00:00,1817.87,1817.9,1812.16,1815.7
2023-02-28 15:00:00,1815.69,1815.81,1804.7,1808.99
2023-02-28 19:00:00,1809.02,1818.93,1807.25,1818.76
2023-02-28 23:00:00,1818.67,1831.15,1818.67,1828.13
2023-03-01 03:00:00,1828.07,1830.4,1826.28,1826.63
2023-03-01 07:00:00,1826.63,1829.41,1823.05,1827.76
2023-03-01 11:00:00,1827.65,1836.72,1827.41,1834.75
2023-03-01 15:00:00,1834.81,1838.0,1830.4,1834.83
2023-03-01 19:00:00,1834.84,1844.5,1833.84,1842.19
2023-03-01 23:00:00,1843.8,1844.49,1833.4,1838.43
2023-03-02 03:00:00,1838.46,1838.96,1836.5,1836.55
2023-03-02 07:00:00,1836.76,1838.48,1830.98,1834.39
2023-03-02 11:00:00,1834.43,1834.86,1831.84,1832.15
2023-03-02 15:00:00,1832.16,1835.23,1829.93,1831.57
2023-03-02 19:00:00,1831.61,1838.2,1830.07,1836.6
2023-03-02 23:00:00,1836.62,1838.93,1832.29,1835.87
2023-03-03 03:00:00,1835.91,1838.07,1834.89,1835.57
2023-03-03 07:00:00,1835.57,1841.47,1835.57,1838.65
2023-03-03 11:00:00,1838.62,1844.32,1837.83,1843.29
2023-03-03 15:00:00,1843.21,1847.84,1841.98,1846.9
2023-03-03 19:00:00,1846.8,1849.2,1841.87,1843.6
2023-03-03 23:00:00,1842.88,1850.1,1839.01,1850.08
2023-03-04 03:00:00,1850.08,1856.29,1848.98,1854.65
2023-03-06 07:00:00,1855.24,1855.44,1850.7,1853.7
2023-03-06 11:00:00,1853.73,1856.43,1853.01,1853.51
2023-03-06 15:00:00,1853.44,1858.28,1849.91,1850.11
2023-03-06 19:00:00,1850.13,1853.84,1847.25,1851.8
2023-03-06 23:00:00,1851.76,1853.93,1846.4,1847.07
2023-03-07 03:00:00,1847.02,1847.29,1845.05,1846.56
2023-03-07 07:00:00,1846.39,1850.39,1844.02,1849.07
2023-03-07 11:00:00,1849.11,1849.49,1846.54,1846.77
2023-03-07 15:00:00,1846.73,1851.62,1842.7,1842.96
2023-03-07 19:00:00,1843.01,1843.95,1829.89,1831.63
2023-03-07 23:00:00,1831.63,1831.76,1812.88,1814.48
2023-03-08 03:00:00,1814.48,1815.97,1812.66,1812.94
2023-03-08 07:00:00,1813.49,1814.36,1810.59,1810.96
2023-03-08 11:00:00,1810.93,1813.93,1809.35,1813.87
2023-03-08 15:00:00,1813.85,1815.21,1812.31,1814.1
2023-03-08 19:00:00,1814.12,1821.56,1812.19,1820.38
2023-03-08 23:00:00,1820.47,1824.22,1813.29,1814.54
2023-03-09 03:00:00,1814.53,1816.35,1812.82,1813.66
2023-03-09 07:00:00,1813.77,1816.45,1811.87,1813.04
2023-03-09 11:00:00,1813.0,1816.01,1812.59,1813.3
2023-03-09 15:00:00,1813.28,1819.08,1812.72,1818.02
2023-03-09 19:00:00,1818.02,1831.85,1815.42,1831.31
2023-03-09 23:00:00,1831.31,1835.64,1825.51,1834.96
2023-03-10 03:00:00,1834.97,1834.97,1828.96,1830.74
2023-03-10 07:00:00,1831.12,1834.85,1828.05,1829.42
2023-03-10 11:00:00,1829.32,1832.77,1827.7,1830.62
2023-03-10 15:00:00,1830.7,1837.27,1830.66,1832.78
2023-03-10 19:00:00,1832.75,1860.24,1831.73,1858.39
2023-03-10 23:00:00,1858.4,1867.32,1854.14,1862.82
2023-03-11 03:00:00,1862.84,1870.09,1860.93,1867.33
2023-03-13 06:00:00,1880.78,1894.08,1872.13,1873.0
2023-03-13 10:00:00,1872.98,1888.8,1872.42,1877.85
2023-03-13 14:00:00,1877.85,1893.74,1871.45,1885.87
2023-03-13 18:00:00,1885.87,1909.73,1880.89,1896.68
2023-03-13 22:00:00,1896.6,1913.06,1896.3,1909.74
2023-03-14 02:00:00,1909.75,1914.57,1907.91,1913.37
2023-03-14 06:00:00,1913.45,1914.1,1905.29,1906.09
2023-03-14 10:00:00,1906.03,1907.93,1901.46,1904.06
2023-03-14 14:00:00,1904.01,1913.45,1900.73,1901.15
2023-03-14 18:00:00,1901.2,1911.95,1895.39,1902.28
2023-03-14 22:00:00,1902.33,1910.25,1900.12,1906.75
2023-03-15 02:00:00,1906.79,1909.75,1902.24,1903.84
2023-03-15 06:00:00,1903.48,1905.13,1899.92,1903.69
2023-03-15 10:00:00,1903.67,1905.64,1899.13,1900.15
2023-03-15 14:00:00,1900.18,1902.36,1885.66,1896.29
2023-03-15 18:00:00,1896.31,1930.31,1896.14,1926.08
2023-03-15 22:00:00,1926.12,1937.31,1917.48,1924.35
2023-03-16 02:00:00,1924.36,1926.27,1908.97,1918.09
2023-03-16 06:00:00,1918.23,1924.29,1907.51,1911.03
2023-03-16 10:00:00,1911.05,1920.17,1909.35,1919.87
2023-03-16 14:00:00,1919.93,1922.5,1912.41,1921.77
2023-03-16 18:00:00,1921.79,1933.43,1918.61,1923.75
2023-03-16 22:00:00,1923.85,1932.32,1913.33,1916.21
2023-03-17 02:00:00,1916.27,1921.12,1916.18,1919.3
2023-03-17 06:00:00,1920.49,1922.73,1918.2,1922.73
2023-03-17 10:00:00,1922.71,1932.84,1922.13,1929.42
2023-03-17 14:00:00,1929.42,1934.3,1927.31,1932.21
2023-03-17 18:00:00,1932.19,1952.12,1929.24,1950.58
2023-03-17 22:00:00,1951.49,1975.19,1949.74,1972.84
2023-03-18 02:00:00,1972.84,1987.72,1970.36,1985.84
2023-03-20 06:00:00,1982.9,1990.59,1968.06,1969.6
2023-03-20 10:00:00,1969.57,1988.64,1969.16,1988.08
2023-03-20 14:00:00,1988.09,2009.74,1981.82,1984.89
2023-03-20 18:00:00,1984.76,1988.57,1972.46,1977.93
2023-03-20 22:00:00,1977.95,1980.93,1965.78,1977.5
2023-03-21 02:00:00,1977.52,1984.32,1976.12,1978.63
2023-03-21 06:00:00,1978.77,1982.8,1975.38,1980.06
2023-03-21 10:00:00,1980.08,1985.15,1979.12,1982.44
2023-03-21 14:00:00,1982.45,1983.2,1962.83,1968.95
2023-03-21 18:00:00,1968.97,1969.39,1952.03,1952.82
2023-03-21 22:00:00,1952.81,1954.91,1936.62,1941.46
2023-03-22 02:00:00,1941.47,1942.14,1935.36,1940.46
2023-03-22 06:00:00,1939.46,1946.18,1939.18,1943.85
2023-03-22 10:00:00,1943.83,1943.83,1937.88,1939.74
2023-03-22 14:00:00,1939.72,1945.67,1934.23,1944.04
2023-03-22 18:00:00,1944.03,1945.35,1937.04,1942.84
2023-03-22 22:00:00,1942.86,1951.92,1942.56,1946.1
2023-03-23 02:00:00,1946.22,1978.78,1946.14,1969.64
2023-03-23 06:00:00,1970.21,1973.68,1964.52,1969.0
2023-03-23 10:00:00,1968.95,1980.9,1968.81,1977.09
2023-03-23 14:00:00,1977.09,1983.54,1974.24,1978.03
2023-03-23 18:00:00,1978.04,1985.0,1966.62,1984.04
2023-03-23 22:00:00,1984.21,1999.71,1977.66,1999.6
2023-03-24 02:00:00,1999.59,2003.28,1987.97,1993.71
2023-03-24 06:00:00,1993.13,1994.78,1989.64,1990.64
2023-03-24 10:00:00,1990.7,1993.38,1989.36,1990.37
2023-03-24 14:00:00,1990.33,1994.87,1981.18,1994.36
2023-03-24 18:00:00,1994.4,2002.89,1988.62,1989.53
2023-03-24 22:00:00,1989.55,1998.35,1975.56,1979.7
2023-03-25 02:00:00,1979.77,1979.87,1975.14,1977.61
2023-03-27 06:00:00,1978.89,1979.53,1969.27,1974.39
2023-03-27 10:00:00,1974.39,1976.99,1969.24,1970.06
2023-03-27 14:00:00,1969.87,1972.57,1955.91,1956.0
2023-03-27 18:00:00,1955.97,1958.18,1943.94,1949.14
2023-03-27 22:00:00,1949.63,1959.42,1945.78,1952.66
2023-03-28 02:00:00,1952.7,1958.19,1952.63,1956.34
2023-03-28 06:00:00,1956.26,1963.92,1956.24,1962.55
2023-03-28 10:00:00,1962.53,1962.59,1956.63,1959.45
2023-03-28 14:00:00,1959.5,1959.5,1949.1,1953.74
2023-03-28 18:00:00,1953.7,1967.32,1953.44,1963.29
2023-03-28 22:00:00,1963.28,1975.07,1958.92,1974.52
2023-03-29 02:00:00,1974.58,1975.25,1971.07,1973.51
2023-03-29 06:00:00,1973.26,1974.34,1966.79,1969.11
2023-03-29 10:00:00,1969.01,1970.2,1962.99,1963.0
2023-03-29 14:00:00,1963.02,1967.96,1958.65,1967.32
2023-03-29 18:00:00,1967.3,1969.1,1960.99,1965.66
2023-03-29 22:00:00,1965.64,1971.73,1960.59,1968.99
2023-03-30 02:00:00,1968.97,1969.08,1961.08,1964.32
2023-03-30 06:00:00,1963.71,1964.86,1955.32,1959.08
2023-03-30 10:00:00,1959.06,1965.34,1957.57,1964.53
2023-03-30 14:00:00,1964.5,1971.51,1963.68,1967.35
2023-03-30 18:00:00,1967.35,1975.25,1965.2,1966.64
2023-03-30 22:00:00,1966.64,1984.29,1963.9,1979.84
2023-03-31 02:00:00,1979.84,1983.11,1979.46,1980.15
2023-03-31 06:00:00,1980.41,1983.57,1977.6,1982.36
2023-03-31 10:00:00,1982.26,1983.29,1978.05,1979.02
2023-03-31 14:00:00,1979.05,1984.99,1973.14,1978.4
2023-03-31 18:00:00,1978.41,1987.55,1974.82,1979.67
2023-03-31 22:00:00,1979.62,1981.06,1966.85,1967.38
2023-04-01 02:00:00,1967.41,1972.06,1967.19,1969.29
2023-04-03 06:00:00,1970.36,1970.7,1956.69,1960.19
2023-04-03 10:00:00,1960.18,1960.28,1949.7,1953.69
2023-04-03 14:00:00,1953.69,1967.01,1950.76,1966.06
2023-04-03 18:00:00,1966.06,1980.78,1965.96,1975.99
2023-04-03 22:00:00,1978.27,1990.46,1978.18,1985.0
2023-04-04 02:00:00,1985.0,1986.01,1982.15,1984.37
2023-04-04 06:00:00,1984.2,1985.44,1977.78,1978.18
2023-04-04 10:00:00,1978.15,1981.32,1977.81,1978.79
2023-04-04 14:00:00,1978.79,1984.25,1976.86,1982.89
2023-04-04 18:00:00,1982.91,1993.17,1978.47,1992.44
2023-04-04 22:00:00,1992.46,2024.93,1992.46,2018.31
2023-04-05 02:00:00,2018.2,2022.41,2017.81,2020.48
2023-04-05 06:00:00,2019.95,2023.61,2019.35,2020.47
2023-04-05 10:00:00,2020.34,2025.27,2020.12,2024.25
2023-04-05 14:00:00,2024.25,2028.32,2021.79,2024.49
2023-04-05 18:00:00,2024.5,2032.04,2020.98,2022.55
2023-04-05 22:00:00,2022.71,2031.5,2009.94,2021.02
2023-04-06 02:00:00,2021.0,2023.24,2020.07,2020.7
2023-04-06 06:00:00,2020.83,2021.31,2012.4,2012.57
2023-04-06 10:00:00,2012.6,2016.06,2007.91,2015.59
2023-04-06 14:00:00,2015.58,2020.39,2011.77,2019.54
2023-04-06 18:00:00,2019.54,2020.91,2000.79,2003.62
2023-04-06 22:00:00,2003.59,2014.87,2001.25,2009.9
2023-04-07 02:00:00,2009.87,2011.52,2005.72,2007.02
2023-04-10 06:00:00,1992.35,2006.39,1992.35,1997.0
2023-04-10 10:00:00,1997.1,1997.18,1988.84,1994.39
2023-04-10 14:00:00,1994.33,2001.84,1991.6,2000.61
2023-04-10 18:00:00,2000.6,2002.87,1986.17,1988.07
2023-04-10 22:00:00,1988.3,1991.96,1981.62,1988.94
2023-04-11 02:00:00,1988.91,1992.76,1987.55,1991.14
2023-04-11 06:00:00,1990.92,1995.35,1988.72,1991.1
2023-04-11 10:00:00,1991.1,2001.51,1990.99,1999.01
2023-04-11 14:00:00,1999.01,2007.43,1997.72,2004.5
2023-04-11 18:00:00,2004.5,2005.01,1995.54,2001.39
2023-04-11 22:00:00,2001.41,2006.55,1999.64,2005.54
2023-04-12 02:00:00,2005.57,2006.71,2002.81,2003.53
2023-04-12 06:00:00,2003.45,2015.02,2003.01,2014.65
2023-04-12 10:00:00,2014.69,2021.1,2013.78,2018.22
2023-04-12 14:00:00,2018.22,2018.75,2008.54,2010.78
2023-04-12 18:00:00,2010.76,2028.22,2001.35,2007.69
2023-04-12 22:00:00,2007.92,2013.06,2003.07,2011.47
2023-04-13 02:00:00,2011.5,2018.07,2010.58,2014.77
2023-04-13 06:00:00,2014.36,2019.77,2013.77,2017.83
2023-04-13 10:00:00,2017.63,2019.4,2015.29,2015.32
2023-04-13 14:00:00,2015.31,2029.17,2015.24,2026.53
2023-04-13 18:00:00,2026.59,2046.99,2025.01,2046.46
2023-04-13 22:00:00,2046.48,2048.72,2033.6,2043.7
2023-04-14 02:00:00,2043.71,2043.97,2036.6,2039.94
2023-04-14 06:00:00,2040.33,2045.96,2038.6,2045.9
2023-04-14 10:00:00,2045.83,2047.34,2039.52,2042.72
2023-04-14 14:00:00,2042.76,2044.28,2031.78,2038.67
2023-04-14 18:00:00,2038.67,2042.18,2017.25,2023.36
2023-04-14 22:00:00,2021.63,2022.26,1992.34,2003.86
2023-04-15 02:00:00,2003.9,2007.94,2003.29,2004.54
2023-04-17 06:00:00,1999.35,2004.98,1995.31,2003.14
2023-04-17 10:00:00,2003.14,2012.7,2003.07,2011.24
2023-04-17 14:00:00,2011.25,2014.99,2008.26,2010.37
2023-04-17 18:00:00,2010.37,2011.04,1991.94,1995.89
2023-04-17 22:00:00,1995.9,1996.94,1981.14,1995.2
2023-04-18 02:00:00,1995.19,1997.09,1994.02,1994.99
2023-04-18 06:00:00,1994.83,1999.34,1993.25,1997.57
2023-04-18 10:00:00,1997.63,2001.77,1996.16,2000.49
2023-04-18 14:00:00,2000.52,2005.08,1998.03,2001.12
2023-04-18 18:00:00,2001.12,2005.77,1991.18,1999.06
2023-04-18 22:00:00,1999.18,2011.8,1998.94,2004.09
2023-04-19 02:00:00,2004.12,2006.13,2003.39,2005.23
2023-04-19 06:00:00,2005.12,2008.1,2002.77,2003.4
2023-04-19 10:00:00,2003.43,2006.84,1999.4,2000.37
2023-04-19 14:00:00,2000.42,2001.2,1972.62,1974.07
2023-04-19 18:00:00,1974.08,1992.85,1969.19,1990.59
2023-04-19 22:00:00,1990.62,1996.52,1988.8,1993.96
2023-04-20 02:00:00,1993.98,1996.79,1993.6,1994.6
2023-04-20 06:00:00,1994.12,1998.66,1992.11,1995.65
2023-04-20 10:00:00,1995.64,1996.83,1990.43,1994.18
2023-04-20 14:00:00,1994.28,2001.11,1992.33,1999.53
2023-04-20 18:00:00,1999.64,2011.29,1997.4,2003.57
2023-04-20 22:00:00,2003.6,2012.33,1999.01,2006.71
2023-04-21 02:00:00,2006.78,2006.86,2002.21,2004.66
2023-04-21 06:00:00,2003.94,2005.47,2000.43,2001.98
2023-04-21 10:00:00,2001.99,2003.94,1993.9,1994.89
2023-04-21 14:00:00,1994.92,1998.02,1981.9,1986.1
2023-04-21 18:00:00,1986.14,1997.94,1972.46,1973.71
2023-04-21 22:00:00,1973.66,1987.44,1971.58,1980.58
2023-04-22 02:00:00,1980.62,1983.56,1978.61,1982.65
2023-04-24 06:00:00,1981.28,1985.36,1979.04,1979.38
2023-04-24 10:00:00,1979.38,1983.12,1976.42,1978.5
2023-04-24 14:00:00,1978.53,1986.91,1977.65,1983.04
2023-04-24 18:00:00,1983.04,1985.39,1974.09,1977.88
2023-04-24 22:00:00,1977.79,1990.81,1976.44,1989.53
2023-04-25 02:00:00,1989.54,1990.29,1987.46,1988.96
2023-04-25 06:00:00,1988.83,2000.88,1988.73,1997.11
2023-04-25 10:00:00,1996.96,1998.27,1990.78,1995.46
2023-04-25 14:00:00,1995.42,1997.23,1986.89,1988.12
2023-04-25 18:00:00,1988.15,1994.52,1976.05,1985.16
2023-04-25 22:00:00,1985.17,1999.51,1983.45,1998.91
2023-04-26 02:00:00,1999.1,2003.8,1994.35,1997.01
2023-04-26 06:00:00,1996.66,2002.43,1995.6,1998.89
2023-04-26 10:00:00,1998.87,2000.72,1993.07,1996.05
2023-04-26 14:00:00,1996.11,2000.12,1994.28,1998.79
2023-04-26 18:00:00,1998.82,2009.27,1991.46,2003.01
2023-04-26 22:00:00,2002.95,2004.14,1983.3,1988.3
2023-04-27 02:00:00,1988.33,1991.59,1984.46,1989.25
2023-04-27 06:00:00,1989.95,1995.06,1989.02,1992.62
2023-04-27 10:00:00,1992.6,2002.68,1992.03,1998.95
2023-04-27 14:00:00,1999.02,2003.19,1996.82,1996.94
2023-04-27 18:00:00,1996.92,2003.05,1974.11,1981.87
2023-04-27 22:00:00,1982.16,1991.06,1978.78,1989.08
2023-04-28 02:00:00,1989.17,1989.87,1986.85,1987.78
2023-04-28 06:00:00,1987.99,1991.48,1984.87,1990.41
2023-04-28 10:00:00,1990.41,1991.08,1983.41,1984.74
2023-04-28 14:00:00,1984.69,1987.1,1979.67,1982.94
2023-04-28 18:00:00,1982.93,1990.08,1976.27,1986.5
2023-04-28 22:00:00,1986.45,1995.0,1982.09,1990.64
2023-04-29 02:00:00,1990.64,1991.24,1987.48,1989.67
2023-05-01 06:00:00,1991.03,1991.81,1980.97,1981.95
2023-05-01 10:00:00,1981.92,1986.33,1979.81,1982.08
2023-05-01 14:00:00,1981.88,1985.19,1977.04,1984.65
2023-05-01 18:00:00,1984.66,2005.98,1984.55,1997.21
2023-05-01 22:00:00,1997.21,1997.21,1979.86,1982.14
2023-05-02 02:00:00,1982.17,1983.31,1979.38,1982.41
2023-05-02 06:00:00,1981.63,1985.19,1980.69,1983.15
2023-05-02 10:00:00,1983.18,1984.25,1981.27,1982.74
2023-05-02 14:00:00,1982.71,1986.34,1978.41,1984.08
2023-05-02 18:00:00,1983.99,1990.15,1983.26,1987.01
2023-05-02 22:00:00,1987.03,2019.35,1987.0,2012.24
2023-05-03 02:00:00,2012.26,2018.31,2011.25,2016.51
2023-05-03 06:00:00,2016.45,2017.83,2014.11,2016.79
2023-05-03 10:00:00,2016.77,2019.43,2014.47,2014.86
2023-05-03 14:00:00,2014.87,2018.71,2012.59,2016.96
2023-05-03 18:00:00,2016.95,2020.03,2006.88,2013.62
2023-05-03 22:00:00,2013.65,2028.53,2011.84,2022.8
2023-05-04 02:00:00,2022.82,2040.35,2017.0,2038.52
2023-05-04 06:00:00,2044.73,2078.37,2043.51,2044.42
2023-05-04 10:00:00,2044.33,2046.39,2038.22,2042.74
2023-05-04 14:00:00,2042.79,2043.47,2030.33,2037.75
2023-05-04 18:00:00,2037.78,2045.45,2032.05,2044.32
2023-05-04 22:00:00,2044.21,2059.53,2042.92,2046.22
2023-05-05 02:00:00,2046.16,2050.88,2044.94,2050.09
2023-05-05 06:00:00,2049.73,2052.93,2047.4,2051.9
2023-05-05 10:00:00,2051.92,2051.99,2045.43,2045.9
2023-05-05 14:00:00,2045.92,2048.32,2037.31,2037.85
2023-05-05 18:00:00,2037.88,2039.36,2001.02,2003.81
2023-05-05 22:00:00,2003.95,2018.71,1999.46,2015.44
2023-05-06 02:00:00,2015.49,2018.89,2013.45,2015.8
2023-05-08 06:00:00,2016.06,2018.6,2014.21,2016.91
2023-05-08 10:00:00,2016.92,2024.66,2016.25,2020.88
2023-05-08 14:00:00,2020.89,2024.27,2019.94,2022.62
2023-05-08 18:00:00,2022.59,2026.93,2017.85,2024.87
2023-05-08 22:00:00,2024.89,2029.36,2022.86,2023.86
2023-05-09 02:00:00,2023.83,2023.86,2020.17,2021.33
2023-05-09 06:00:00,2020.84,2024.51,2019.46,2022.74
2023-05-09 10:00:00,2022.76,2028.71,2021.88,2026.01
2023-05-09 14:00:00,2026.16,2028.36,2021.39,2028.28
2023-05-09 18:00:00,2028.18,2032.77,2022.92,2030.3
2023-05-09 22:00:00,2030.26,2037.57,2024.38,2035.54
2023-05-10 02:00:00,2035.54,2036.98,2034.08,2034.38
2023-05-10 06:00:00,2033.87,2038.15,2032.62,2032.79
2023-05-10 10:00:00,2032.73,2033.49,2027.71,2029.01
2023-05-10 14:00:00,2028.99,2032.93,2026.24,2029.0
2023-05-10 18:00:00,2029.05,2048.13,2025.0,2038.1
2023-05-10 22:00:00,2038.08,2038.08,2021.47,2030.85
2023-05-11 02:00:00,2030.86,2034.14,2029.1,2030.17
2023-05-11 06:00:00,2030.0,2036.32,2029.56,2033.47
2023-05-11 10:00:00,2033.45,2034.12,2030.0,2032.16
2023-05-11 14:00:00,2032.14,2032.68,2021.64,2026.79
2023-05-11 18:00:00,2026.8,2041.16,2011.1,2012.84
2023-05-11 22:00:00,2012.77,2022.2,2012.46,2013.98
2023-05-12 02:00:00,2013.95,2016.55,2013.44,2014.92
2023-05-12 06:00:00,2014.84,2017.49,2010.65,2011.95
2023-05-12 10:00:00,2011.99,2012.76,2008.27,2009.5
2023-05-12 14:00:00,2009.65,2012.6,2000.89,2002.79
2023-05-12 18:00:00,2002.81,2022.56,2002.58,2020.1
2023-05-12 22:00:00,2019.13,2021.44,2008.36,2014.47
2023-05-13 02:00:00,2014.48,2015.61,2010.36,2010.71
2023-05-15 06:00:00,2007.9,2018.8,2007.18,2017.52
2023-05-15 10:00:00,2017.53,2019.23,2013.16,2016.85
2023-05-15 14:00:00,2016.71,2020.9,2013.88,2016.4
2023-05-15 18:00:00,2016.37,2022.13,2011.47,2020.76
2023-05-15 22:00:00,2020.77,2021.44,2013.3,2018.13
2023-05-16 02:00:00,2018.18,2018.33,2014.39,2016.34
2023-05-16 06:00:00,2015.81,2018.31,2013.75,2017.64
2023-05-16 10:00:00,2017.61,2018.12,2012.41,2012.74
2023-05-16 14:00:00,2012.96,2013.02,2002.59,2009.55
2023-05-16 18:00:00,2009.53,2014.82,2001.14,2007.54
2023-05-16 22:00:00,2007.56,2008.37,1985.42,1986.78
2023-05-17 02:00:00,1986.86,1991.16,1986.86,1988.78
2023-05-17 06:00:00,1989.06,1992.96,1987.96,1992.6
2023-05-17 10:00:00,1992.58,1992.96,1987.69,1987.86
2023-05-17 14:00:00,1987.82,1990.52,1983.86,1983.91
2023-05-17 18:00:00,1983.93,1988.82,1976.46,1977.66
2023-05-17 22:00:00,1977.57,1985.24,1974.98,1981.51
2023-05-18 02:00:00,1981.51,1984.48,1981.09,1981.51
2023-05-18 06:00:00,1981.05,1985.2,1980.6,1985.07
2023-05-18 10:00:00,1985.08,1985.95,1977.47,1978.17
2023-05-18 14:00:00,1978.16,1981.47,1972.15,1977.33
2023-05-18 18:00:00,1977.34,1978.87,1956.59,1959.96
2023-05-18 22:00:00,1959.9,1962.03,1951.91,1958.48
2023-05-19 02:00:00,1958.44,1958.89,1955.13,1957.39
2023-05-19 06:00:00,1957.88,1960.38,1953.96,1957.11
2023-05-19 10:00:00,1957.05,1964.13,1955.88,1962.64
2023-05-19 14:00:00,1962.61,1968.71,1961.56,1967.67
2023-05-19 18:00:00,1967.69,1967.86,1957.81,1960.97
2023-05-19 22:00:00,1961.0,1984.19,1957.13,1982.92
2023-05-20 02:00:00,1982.94,1983.18,1974.21,1977.58
2023-05-22 06:00:00,1977.53,1982.37,1977.19,1980.22
2023-05-22 10:00:00,1980.21,1980.23,1972.31,1973.08
2023-05-22 14:00:00,1973.03,1982.61,1971.19,1979.67
2023-05-22 18:00:00,1979.64,1981.38,1969.77,1971.54
2023-05-22 22:00:00,1971.51,1978.88,1968.84,1974.92
2023-05-23 02:00:00,1974.95,1975.77,1971.53,1971.66
2023-05-23 06:00:00,1971.82,1972.56,1960.27,1960.34
2023-05-23 10:00:00,1960.33,1964.33,1959.55,1961.02
2023-05-23 14:00:00,1961.02,1964.55,1954.22,1957.0
2023-05-23 18:00:00,1956.96,1973.39,1954.43,1969.61
2023-05-23 22:00:00,1969.57,1975.09,1964.29,1974.92
2023-05-24 02:00:00,1974.91,1977.67,1973.94,1974.91
2023-05-24 06:00:00,1975.1,1977.25,1973.02,1973.79
2023-05-24 10:00:00,1973.58,1980.56,1972.71,1979.45
2023-05-24 14:00:00,1979.43,1979.79,1970.64,1976.04
2023-05-24 18:00:00,1976.03,1985.28,1971.48,1972.58
2023-05-24 22:00:00,1972.56,1972.87,1956.71,1962.51
2023-05-25 02:00:00,1962.45,1965.21,1957.03,1957.16
2023-05-25 06:00:00,1957.39,1961.82,1954.99,1956.48
2023-05-25 10:00:00,1956.45,1958.82,1954.99,1955.97
2023-05-25 14:00:00,1955.95,1964.76,1954.91,1961.04
2023-05-25 18:00:00,1961.09,1963.07,1939.25,1946.6
2023-05-25 22:00:00,1946.63,1951.67,1942.66,1944.48
2023-05-26 02:00:00,1944.47,1944.47,1938.86,1940.69
2023-05-26 06:00:00,1940.33,1946.84,1936.7,1946.75
2023-05-26 10:00:00,1946.72,1951.75,1944.9,1948.62
2023-05-26 14:00:00,1948.58,1957.21,1946.92,1953.6
2023-05-26 18:00:00,1953.59,1953.89,1944.24,1946.88
2023-05-26 22:00:00,1946.76,1951.8,1938.73,1944.84
2023-05-27 02:00:00,1944.85,1947.59,1944.47,1946.48
2023-05-29 06:00:00,1941.97,1946.23,1940.18,1943.17
2023-05-29 10:00:00,1943.23,1946.91,1942.61,1946.91
2023-05-29 14:00:00,1946.89,1948.85,1940.81,1945.82
2023-05-29 18:00:00,1945.83,1949.7,1944.19,1946.59
2023-05-29 22:00:00,1946.62,1948.23,1942.72,1943.41
2023-05-30 02:00:00,1943.35,1943.54,1942.82,1942.96
2023-05-30 06:00:00,1943.42,1945.11,1940.97,1944.95
2023-05-30 10:00:00,1944.95,1946.63,1931.99,1933.36
2023-05-30 14:00:00,1933.35,1952.97,1932.15,1952.86
2023-05-30 18:00:00,1952.86,1962.26,1952.31,1952.73
2023-05-30 22:00:00,1952.67,1963.47,1950.46,1958.62
2023-05-31 02:00:00,1958.62,1960.76,1957.69,1959.23
2023-05-31 06:00:00,1959.21,1960.43,1954.74,1954.84
2023-05-31 10:00:00,1954.79,1965.31,1953.64,1964.37
2023-05-31 14:00:00,1964.39,1964.94,1954.92,1958.63
2023-05-31 18:00:00,1958.64,1973.67,1954.87,1969.71
2023-05-31 22:00:00,1969.82,1974.7,1959.35,1966.17
2023-06-01 02:00:00,1966.18,1967.57,1962.35,1962.55
2023-06-01 06:00:00,1962.72,1967.43,1961.95,1965.57
2023-06-01 10:00:00,1965.62,1966.13,1962.62,1962.68
2023-06-01 14:00:00,1962.84,1963.22,1953.31,1960.12
2023-06-01 18:00:00,1960.12,1974.41,1958.67,1973.22
2023-06-01 22:00:00,1973.56,1983.09,1969.8,1978.05
2023-06-02 02:00:00,1978.08,1978.8,1975.63,1977.37
2023-06-02 06:00:00,1977.19,1978.67,1973.98,1977.26
2023-06-02 10:00:00,1977.26,1983.39,1976.92,1980.5
2023-06-02 14:00:00,1980.66,1981.13,1974.98,1980.47
2023-06-02 18:00:00,1980.45,1980.84,1961.86,1963.48
2023-06-02 22:00:00,1963.61,1967.23,1951.26,1951.87
2023-06-03 02:00:00,1951.91,1952.08,1947.94,1948.23
2023-06-05 06:00:00,1948.23,1950.07,1945.64,1947.49
2023-06-05 10:00:00,1947.48,1948.23,1942.93,1944.88
2023-06-05 14:00:00,1944.84,1945.96,1938.51,1944.76
2023-06-05 18:00:00,1944.81,1948.8,1938.09,1946.57
2023-06-05 22:00:00,1946.69,1961.87,1946.69,1960.29
2023-06-06 02:00:00,1960.29,1963.98,1960.1,1961.68
2023-06-06 06:00:00,1961.44,1963.09,1958.98,1960.42
2023-06-06 10:00:00,1960.39,1964.53,1957.83,1957.83
2023-06-06 14:00:00,1957.83,1963.44,1956.8,1962.31
2023-06-06 18:00:00,1962.35,1966.35,1954.3,1957.13
2023-06-06 22:00:00,1957.16,1966.32,1956.59,1964.46
2023-06-07 02:00:00,1964.46,1965.08,1962.29,1963.22
2023-06-07 06:00:00,1963.38,1966.75,1962.64,1964.85
2023-06-07 10:00:00,1964.87,1965.5,1962.7,1963.12
2023-06-07 14:00:00,1963.09,1964.52,1954.9,1964.43
2023-06-07 18:00:00,1964.42,1970.16,1957.13,1969.58
2023-06-07 22:00:00,1969.72,1969.72,1940.86,1944.47
2023-06-08 02:00:00,1944.49,1944.83,1939.71,1939.82
2023-06-08 06:00:00,1940.31,1946.64,1939.61,1945.81
2023-06-08 10:00:00,1945.8,1947.78,1944.43,1945.92
2023-06-08 14:00:00,1945.92,1949.07,1942.76,1946.39
2023-06-08 18:00:00,1946.43,1968.47,1944.93,1966.58
2023-06-08 22:00:00,1966.58,1970.52,1961.76,1963.83
2023-06-09 02:00:00,1963.82,1966.04,1962.85,1965.47
2023-06-09 06:00:00,1965.73,1966.48,1963.12,1964.45
2023-06-09 10:00:00,1964.34,1965.35,1962.34,1964.69
2023-06-09 14:00:00,1964.69,1966.08,1960.61,1961.85
2023-06-09 18:00:00,1961.86,1973.03,1956.56,1961.55
2023-06-09 22:00:00,1961.54,1968.06,1960.2,1961.55
2023-06-10 02:00:00,1961.58,1962.77,1959.63,1960.44
2023-06-12 06:00:00,1959.64,1960.51,1955.51,1955.92
2023-06-12 10:00:00,1955.9,1961.43,1954.2,1959.09
2023-06-12 14:00:00,1959.1,1965.52,1957.93,1965.16
2023-06-12 18:00:00,1965.17,1966.93,1949.14,1952.04
2023-06-12 22:00:00,1952.09,1958.66,1949.37,1955.89
2023-06-13 02:00:00,1955.86,1958.73,1955.73,1957.37
2023-06-13 06:00:00,1957.28,1960.86,1956.1,1956.91
2023-06-13 10:00:00,1956.9,1962.16,1955.9,1958.4
2023-06-13 14:00:00,1958.45,1965.33,1958.3,1963.19
2023-06-13 18:00:00,1963.18,1970.95,1950.96,1954.08
2023-06-13 22:00:00,1954.1,1955.75,1941.2,1942.58
2023-06-14 02:00:00,1942.59,1944.5,1940.0,1943.39
2023-06-14 06:00:00,1943.08,1947.65,1942.13,1946.88
2023-06-14 10:00:00,1946.86,1949.49,1946.07,1946.28
2023-06-14 14:00:00,1946.26,1952.83,1945.21,1951.28
2023-06-14 18:00:00,1951.29,1960.28,1945.76,1956.03
2023-06-14 22:00:00,1956.04,1959.24,1952.45,1952.98
2023-06-15 02:00:00,1953.14,1953.54,1939.65,1941.76
2023-06-15 06:00:00,1941.53,1945.25,1932.88,1933.33
2023-06-15 10:00:00,1933.3,1939.8,1930.7,1937.73
2023-06-15 14:00:00,1937.57,1937.63,1928.92,1935.75
2023-06-15 18:00:00,1935.75,1953.5,1924.54,1952.77
2023-06-15 22:00:00,1952.78,1960.24,1951.36,1958.74
2023-06-16 02:00:00,1958.75,1959.65,1956.9,1957.87
2023-06-16 06:00:00,1957.38,1962.02,1956.43,1959.3
2023-06-16 10:00:00,1959.32,1959.38,1954.61,1958.08
2023-06-16 14:00:00,1958.17,1964.68,1957.35,1964.29
2023-06-16 18:00:00,1964.3,1967.88,1956.4,1960.97
2023-06-16 22:00:00,1962.99,1966.02,1953.24,1959.14
2023-06-17 02:00:00,1959.16,1959.72,1955.34,1957.34
2023-06-19 06:00:00,1957.48,1958.64,1955.61,1956.05
2023-06-19 10:00:00,1956.07,1957.44,1953.95,1954.57
2023-06-19 14:00:00,1954.58,1958.71,1950.13,1950.34
2023-06-19 18:00:00,1950.34,1953.27,1947.74,1951.96
2023-06-19 22:00:00,1951.99,1953.44,1949.46,1949.61
2023-06-20 02:00:00,1949.58,1950.49,1949.45,1950.32
2023-06-20 06:00:00,1950.63,1954.08,1945.06,1946.93
2023-06-20 10:00:00,1946.87,1951.26,1946.46,1948.79
2023-06-20 14:00:00,1948.7,1956.72,1948.15,1952.63
2023-06-20 18:00:00,1952.64,1954.5,1930.95,1931.91
2023-06-20 22:00:00,1931.76,1938.04,1929.73,1938.02
2023-06-21 02:00:00,1938.02,1938.62,1935.36,1936.15
2023-06-21 06:00:00,1935.87,1938.82,1935.87,1936.34
2023-06-21 10:00:00,1936.38,1939.45,1934.22,1935.48
2023-06-21 14:00:00,1935.45,1937.36,1931.2,1933.22
2023-06-21 18:00:00,1933.23,1935.63,1919.14,1928.58
2023-06-21 22:00:00,1928.56,1935.76,1924.21,1934.11
2023-06-22 02:00:00,1934.17,1937.56,1931.88,1932.63
2023-06-22 06:00:00,1932.26,1934.84,1931.48,1933.18
2023-06-22 10:00:00,1933.13,1934.19,1927.93,1930.43
2023-06-22 14:00:00,1930.43,1931.45,1924.91,1928.71
2023-06-22 18:00:00,1928.71,1930.93,1918.94,1922.17
2023-06-22 22:00:00,1922.17,1922.65,1912.76,1916.48
2023-06-23 02:00:00,1916.5,1916.56,1912.35,1913.63
2023-06-23 06:00:00,1913.77,1916.02,1910.87,1912.12
2023-06-23 10:00:00,1912.08,1918.02,1910.04,1915.13
2023-06-23 14:00:00,1915.08,1920.01,1912.9,1917.84
2023-06-23 18:00:00,1917.84,1937.42,1916.56,1932.15
2023-06-23 22:00:00,1932.18,1933.04,1917.9,1920.82
2023-06-24 02:00:00,1920.78,1921.44,1918.93,1921.43
2023-06-26 06:00:00,1924.71,1928.48,1922.64,1925.35
2023-06-26 10:00:00,1925.34,1927.08,1923.91,1926.71
2023-06-26 14:00:00,1926.7,1933.26,1922.11,1929.8
2023-06-26 18:00:00,1929.8,1933.3,1921.49,1924.8
2023-06-26 22:00:00,1924.77,1928.49,1922.49,1924.52
2023-06-27 02:00:00,1924.57,1924.8,1922.34,1922.99
2023-06-27 06:00:00,1923.27,1930.35,1920.96,1929.2
2023-06-27 10:00:00,1929.18,1929.6,1924.98,1925.0
2023-06-27 14:00:00,1924.93,1929.71,1923.76,1924.04
2023-06-27 18:00:00,1924.03,1930.63,1919.64,1923.54
2023-06-27 22:00:00,1923.42,1923.97,1911.49,1912.12
2023-06-28 02:00:00,1912.14,1915.67,1910.95,1913.52
2023-06-28 06:00:00,1914.05,1917.16,1913.41,1915.03
2023-06-28 10:00:00,1915.03,1916.76,1913.39,1915.47
2023-06-28 14:00:00,1915.48,1916.22,1907.04,1907.28
2023-06-28 18:00:00,1907.29,1911.46,1902.79,1909.89
2023-06-28 22:00:00,1909.89,1913.35,1905.13,1911.72
2023-06-29 02:00:00,1911.72,1913.09,1906.71,1907.29
2023-06-29 06:00:00,1907.62,1912.76,1907.27,1909.79
2023-06-29 10:00:00,1909.82,1909.82,1902.74,1904.39
2023-06-29 14:00:00,1904.43,1908.06,1902.49,1905.11
2023-06-29 18:00:00,1905.14,1912.1,1892.94,1899.6
2023-06-29 22:00:00,1899.6,1913.03,1899.24,1907.96
2023-06-30 02:00:00,1908.0,1909.15,1906.19,1908.12
2023-06-30 06:00:00,1908.33,1909.67,1906.99,1907.9
2023-06-30 10:00:00,1907.86,1909.88,1906.79,1907.07
2023-06-30 14:00:00,1907.06,1907.45,1900.5,1905.09
2023-06-30 18:00:00,1905.09,1914.45,1904.21,1911.84
2023-06-30 22:00:00,1912.06,1922.76,1911.75,1918.58
2023-07-01 02:00:00,1918.62,1920.32,1917.81,1919.13
2023-07-03 06:00:00,1918.72,1919.53,1915.99,1917.23
2023-07-03 10:00:00,1917.24,1920.53,1914.58,1916.95
2023-07-03 14:00:00,1916.95,1917.65,1910.0,1913.08
2023-07-03 18:00:00,1913.08,1926.99,1911.6,1925.93
2023-07-03 22:00:00,1925.93,1930.93,1920.56,1920.58
2023-07-04 02:00:00,1920.59,1921.79,1920.56,1921.42
2023-07-04 06:00:00,1921.23,1923.14,1919.86,1921.57
2023-07-04 10:00:00,1921.56,1924.65,1920.56,1923.65
2023-07-04 14:00:00,1923.66,1930.6,1923.38,1929.71
2023-07-04 18:00:00,1929.71,1930.66,1926.1,1928.21
2023-07-04 22:00:00,1928.24,1929.5,1923.93,1925.41
2023-07-05 02:00:00,1925.46,1925.99,1924.89,1925.65
2023-07-05 06:00:00,1925.31,1927.09,1923.95,1924.12
2023-07-05 10:00:00,1924.12,1926.4,1923.12,1925.48
2023-07-05 14:00:00,1925.56,1929.0,1920.81,1928.95
2023-07-05 18:00:00,1928.93,1935.02,1922.66,1925.1
2023-07-05 22:00:00,1924.97,1926.14,1918.98,1919.67
2023-07-06 02:00:00,1919.69,1921.33,1914.77,1915.06
2023-07-06 06:00:00,1915.28,1919.62,1915.28,1919.45
2023-07-06 10:00:00,1919.53,1921.16,1916.87,1920.08
2023-07-06 14:00:00,1919.97,1921.48,1916.22,1917.29
2023-07-06 18:00:00,1917.28,1927.59,1902.61,1910.61
2023-07-06 22:00:00,1910.79,1912.33,1902.71,1910.81
2023-07-07 02:00:00,1910.81,1911.9,1909.6,1910.8
2023-07-07 06:00:00,1910.68,1912.37,1909.52,1910.6
2023-07-07 10:00:00,1910.6,1914.49,1909.84,1914.26
2023-07-07 14:00:00,1914.3,1916.74,1912.0,1916.08
2023-07-07 18:00:00,1916.06,1928.26,1914.23,1923.17
2023-07-07 22:00:00,1923.29,1934.9,1921.28,1926.94
2023-07-08 02:00:00,1926.95,1927.22,1924.27,1925.1
2023-07-10 06:00:00,1924.53,1928.13,1922.81,1924.93
2023-07-10 10:00:00,1924.92,1925.63,1919.56,1920.15
2023-07-10 14:00:00,1920.17,1926.19,1919.32,1923.26
2023-07-10 18:00:00,1923.27,1925.72,1912.62,1922.98
2023-07-10 22:00:00,1923.03,1926.81,1920.63,1925.63
2023-07-11 02:00:00,1925.65,1926.44,1924.84,1925.17
2023-07-11 06:00:00,1925.23,1927.83,1924.34,1925.5
2023-07-11 10:00:00,1925.5,1930.05,1924.84,1928.96
2023-07-11 14:00:00,1929.0,1938.37,1928.77,1938.16
2023-07-11 18:00:00,1938.16,1938.41,1929.41,1933.45
2023-07-11 22:00:00,1933.44,1935.37,1929.3,1932.02
2023-07-12 02:00:00,1932.04,1932.52,1930.47,1932.08
2023-07-12 06:00:00,1932.27,1939.02,1932.16,1937.52
2023-07-12 10:00:00,1937.54,1940.95,1936.7,1938.58
2023-07-12 14:00:00,1938.65,1940.21,1933.7,1935.4
2023-07-12 18:00:00,1935.41,1957.32,1932.77,1956.05
2023-07-12 22:00:00,1955.99,1959.65,1952.54,1957.22
2023-07-13 02:00:00,1957.24,1958.83,1956.7,1957.32
2023-07-13 06:00:00,1957.1,1959.86,1956.36,1959.53
2023-07-13 10:00:00,1959.53,1962.27,1955.23,1955.38
2023-07-13 14:00:00,1955.41,1963.34,1955.39,1959.98
2023-07-13 18:00:00,1959.99,1963.48,1952.39,1958.52
2023-07-13 22:00:00,1958.47,1961.87,1954.68,1960.03
2023-07-14 02:00:00,1960.0,1960.82,1958.83,1960.35
2023-07-14 06:00:00,1960.28,1963.23,1958.3,1962.79
2023-07-14 10:00:00,1962.78,1963.71,1957.9,1958.82
2023-07-14 14:00:00,1958.86,1960.33,1954.3,1955.89
2023-07-14 18:00:00,1955.89,1962.73,1954.41,1960.05
2023-07-14 22:00:00,1960.03,1961.98,1950.9,1960.25
2023-07-15 02:00:00,1960.26,1961.02,1954.32,1955.32
2023-07-17 06:00:00,1954.68,1955.9,1951.32,1952.6
2023-07-17 10:00:00,1952.43,1956.78,1950.93,1953.98
2023-07-17 14:00:00,1953.99,1959.21,1950.58,1958.64
2023-07-17 18:00:00,1958.64,1959.8,1945.74,1950.46
2023-07-17 22:00:00,1950.53,1955.6,1949.3,1955.21
2023-07-18 02:00:00,1955.21,1956.35,1954.41,1954.79
2023-07-18 06:00:00,1954.52,1959.55,1954.5,1957.11
2023-07-18 10:00:00,1957.1,1961.73,1955.8,1959.18
2023-07-18 14:00:00,1959.16,1964.08,1957.76,1962.99
2023-07-18 18:00:00,1963.0,1972.08,1960.69,1971.22
2023-07-18 22:00:00,1971.22,1984.35,1971.04,1976.25
2023-07-19 02:00:00,1976.24,1978.91,1975.26,1978.73
2023-07-19 06:00:00,1978.75,1979.1,1976.28,1976.6
2023-07-19 10:00:00,1976.58,1978.34,1974.04,1978.13
2023-07-19 14:00:00,1978.37,1980.85,1972.97,1977.18
2023-07-19 18:00:00,1977.18,1979.83,1971.56,1977.01
2023-07-19 22:00:00,1977.0,1978.88,1969.72,1977.25
2023-07-20 02:00:00,1977.26,1978.56,1976.44,1976.84
2023-07-20 06:00:00,1975.8,1985.25,1975.47,1984.89
2023-07-20 10:00:00,1984.97,1987.41,1980.11,1980.71
2023-07-20 14:00:00,1980.75,1983.83,1977.82,1980.88
2023-07-20 18:00:00,1980.88,1983.21,1972.37,1975.97
2023-07-20 22:00:00,1975.99,1977.36,1965.31,1970.55
2023-07-21 02:00:00,1970.58,1971.48,1968.5,1969.35
2023-07-21 06:00:00,1970.19,1973.72,1970.01,1972.26
2023-07-21 10:00:00,1972.24,1972.68,1968.04,1969.29
2023-07-21 14:00:00,1969.29,1972.17,1961.05,1963.95
2023-07-21 18:00:00,1963.94,1968.07,1958.46,1961.55
2023-07-21 22:00:00,1961.54,1965.35,1956.78,1962.73
2023-07-22 02:00:00,1962.77,1964.21,1961.44,1961.87
2023-07-24 06:00:00,1962.41,1962.86,1959.09,1961.41
2023-07-24 10:00:00,1961.4,1962.09,1959.0,1959.95
2023-07-24 14:00:00,1959.97,1966.09,1957.85,1965.39
2023-07-24 18:00:00,1965.39,1967.81,1959.1,1959.39
2023-07-24 22:00:00,1959.42,1962.38,1957.07,1959.07
2023-07-25 02:00:00,1959.11,1959.23,1953.42,1954.75
2023-07-25 06:00:00,1955.28,1962.79,1953.17,1962.6
2023-07-25 10:00:00,1962.63,1963.52,1960.42,1962.55
2023-07-25 14:00:00,1962.56,1964.14,1959.34,1962.12
2023-07-25 18:00:00,1962.13,1963.44,1953.09,1956.73
2023-07-25 22:00:00,1956.46,1965.7,1951.34,1962.12
2023-07-26 02:00:00,1962.13,1965.2,1962.08,1964.83
2023-07-26 06:00:00,1965.01,1966.24,1961.97,1963.78
2023-07-26 10:00:00,1963.8,1965.04,1962.32,1964.93
2023-07-26 14:00:00,1964.94,1972.46,1964.42,1971.41
2023-07-26 18:00:00,1971.4,1974.15,1963.91,1966.64
2023-07-26 22:00:00,1966.57,1975.01,1964.22,1969.3
2023-07-27 02:00:00,1969.28,1978.32,1965.1,1972.08
2023-07-27 06:00:00,1971.23,1977.97,1970.75,1977.7
2023-07-27 10:00:00,1977.7,1982.12,1974.97,1975.69
2023-07-27 14:00:00,1975.66,1982.15,1973.57,1975.35
2023-07-27 18:00:00,1975.36,1979.08,1943.23,1945.25
2023-07-27 22:00:00,1945.15,1949.66,1942.53,1948.69
2023-07-28 02:00:00,1948.75,1948.79,1943.44,1945.49
2023-07-28 06:00:00,1946.42,1951.18,1945.43,1950.96
2023-07-28 10:00:00,1950.95,1956.73,1948.45,1952.66
2023-07-28 14:00:00,1952.6,1953.71,1947.79,1951.92
2023-07-28 18:00:00,1951.95,1961.16,1950.99,1955.89
2023-07-28 22:00:00,1955.89,1963.49,1954.99,1959.57
2023-07-29 02:00:00,1959.62,1960.86,1957.45,1959.0
2023-07-31 06:00:00,1958.87,1960.46,1955.43,1956.63
2023-07-31 10:00:00,1956.65,1958.39,1953.07,1955.01
2023-07-31 14:00:00,1954.92,1957.15,1950.68,1956.81
2023-07-31 18:00:00,1956.86,1972.35,1956.27,1971.35
2023-07-31 22:00:00,1971.6,1972.25,1965.54,1970.97
2023-08-01 02:00:00,1970.95,1971.02,1964.23,1965.37
2023-08-01 06:00:00,1965.64,1965.96,1960.67,1960.94
2023-08-01 10:00:00,1960.9,1962.68,1958.23,1958.87
2023-08-01 14:00:00,1958.84,1959.12,1954.4,1956.88
2023-08-01 18:00:00,1956.86,1957.42,1944.42,1947.79
2023-08-01 22:00:00,1948.69,1953.65,1941.22,1942.74
2023-08-02 02:00:00,1942.83,1945.56,1942.81,1944.04
2023-08-02 06:00:00,1949.51,1952.85,1947.62,1947.64
2023-08-02 10:00:00,1947.45,1949.88,1945.24,1948.88
2023-08-02 14:00:00,1948.92,1951.87,1947.7,1949.6
2023-08-02 18:00:00,1949.56,1954.75,1943.5,1945.04
2023-08-02 22:00:00,1945.08,1945.19,1933.0,1936.56
2023-08-03 02:00:00,1936.57,1936.87,1934.38,1934.75
2023-08-03 06:00:00,1935.04,1938.83,1934.37,1936.81
2023-08-03 10:00:00,1936.74,1938.2,1932.91,1935.09
2023-08-03 14:00:00,1935.1,1938.38,1930.9,1936.09
2023-08-03 18:00:00,1936.08,1938.37,1929.48,1932.27
2023-08-03 22:00:00,1932.39,1938.7,1932.39,1934.73
2023-08-04 02:00:00,1934.75,1935.32,1932.49,1934.03
2023-08-04 06:00:00,1934.21,1937.97,1934.18,1936.44
2023-08-04 10:00:00,1936.46,1937.45,1933.17,1936.21
2023-08-04 14:00:00,1936.19,1936.31,1932.01,1933.47
2023-08-04 18:00:00,1933.49,1946.74,1924.92,1943.39
2023-08-04 22:00:00,1943.27,1944.0,1937.53,1941.94
2023-08-05 02:00:00,1941.99,1943.25,1939.79,1942.7
2023-08-07 06:00:00,1942.21,1946.66,1941.11,1942.32
2023-08-07 10:00:00,1942.33,1942.81,1936.11,1936.52
2023-08-07 14:00:00,1936.61,1938.1,1934.17,1934.23
2023-08-07 18:00:00,1934.23,1941.65,1933.33,1933.67
2023-08-07 22:00:00,1933.67,1936.97,1931.42,1935.99
2023-08-08 02:00:00,1935.99,1937.6,1935.61,1936.42
2023-08-08 06:00:00,1936.46,1938.03,1931.49,1931.56
2023-08-08 10:00:00,1931.53,1935.22,1931.08,1933.97
2023-08-08 14:00:00,1933.94,1935.63,1930.16,1934.9
2023-08-08 18:00:00,1934.88,1935.38,1922.72,1926.39
2023-08-08 22:00:00,1926.31,1931.98,1923.57,1925.5
2023-08-09 02:00:00,1925.52,1926.59,1924.34,1925.02
2023-08-09 06:00:00,1925.01,1929.08,1924.17,1927.62
2023-08-09 10:00:00,1927.61,1932.12,1927.4,1931.13
2023-08-09 14:00:00,1931.13,1932.31,1925.85,1926.15
2023-08-09 18:00:00,1926.12,1926.52,1921.49,1922.79
2023-08-09 22:00:00,1922.79,1927.53,1915.54,1916.34
2023-08-10 02:00:00,1916.35,1916.9,1913.98,1914.63
2023-08-10 06:00:00,1914.82,1918.92,1914.66,1917.95
2023-08-10 10:00:00,1917.95,1919.1,1915.75,1918.45
2023-08-10 14:00:00,1918.45,1921.56,1915.49,1920.85
2023-08-10 18:00:00,1920.86,1930.16,1918.84,1922.75
2023-08-10 22:00:00,1922.69,1922.86,1912.84,1913.64
2023-08-11 02:00:00,1913.63,1915.12,1912.1,1912.19
2023-08-11 06:00:00,1912.56,1915.62,1910.76,1915.48
2023-08-11 10:00:00,1915.48,1915.94,1912.55,1915.64
2023-08-11 14:00:00,1915.61,1919.77,1915.32,1917.94
2023-08-11 18:00:00,1917.94,1920.87,1912.91,1916.17
2023-08-11 22:00:00,1918.88,1920.68,1912.94,1913.19
2023-08-12 02:00:00,1913.26,1913.95,1912.15,1913.83
2023-08-14 06:00:00,1913.67,1915.12,1910.09,1911.5
2023-08-14 10:00:00,1911.51,1914.59,1910.58,1912.87
2023-08-14 14:00:00,1912.87,1916.18,1910.58,1913.93
2023-08-14 18:00:00,1913.94,1914.93,1902.66,1904.18
2023-08-14 22:00:00,1904.28,1913.16,1903.21,1910.26
2023-08-15 02:00:00,1910.25,1910.56,1906.97,1907.32
2023-08-15 06:00:00,1907.37,1908.14,1903.67,1906.05
2023-08-15 10:00:00,1906.04,1907.66,1904.13,1905.07
2023-08-15 14:00:00,1905.15,1907.05,1902.9,1904.38
2023-08-15 18:00:00,1904.38,1907.44,1896.35,1903.71
2023-08-15 22:00:00,1903.7,1911.61,1902.59,1904.36
2023-08-16 02:00:00,1904.39,1905.32,1901.28,1901.72
2023-08-16 06:00:00,1901.7,1904.07,1900.22,1902.73
2023-08-16 10:00:00,1902.63,1905.39,1902.43,1905.07
2023-08-16 14:00:00,1905.08,1907.15,1902.78,1906.01
2023-08-16 18:00:00,1906.01,1906.76,1899.18,1904.18
2023-08-16 22:00:00,1904.18,1906.0,1896.91,1898.33
2023-08-17 02:00:00,1898.34,1899.65,1891.72,1891.79
2023-08-17 06:00:00,1892.15,1894.9,1889.58,1892.64
2023-08-17 10:00:00,1892.58,1893.91,1892.04,1893.41
2023-08-17 14:00:00,1893.38,1897.57,1892.65,1895.22
2023-08-17 18:00:00,1895.23,1903.4,1895.12,1895.94
2023-08-17 22:00:00,1895.82,1897.64,1884.99,1886.13
2023-08-18 02:00:00,1886.15,1890.11,1885.05,1889.25
2023-08-18 06:00:00,1889.44,1895.11,1888.97,1893.57
2023-08-18 10:00:00,1893.56,1894.9,1891.14,1893.62
2023-08-18 14:00:00,1893.68,1893.96,1891.36,1892.73
2023-08-18 18:00:00,1892.73,1896.84,1888.65,1893.83
2023-08-18 22:00:00,1893.83,1894.82,1886.73,1888.94
2023-08-19 02:00:00,1888.95,1889.91,1887.54,1889.6
2023-08-21 06:00:00,1889.8,1891.11,1884.99,1885.44
2023-08-21 10:00:00,1885.42,1894.08,1884.77,1888.0
2023-08-21 14:00:00,1887.97,1890.86,1887.35,1889.45
2023-08-21 18:00:00,1889.47,1898.79,1886.76,1890.05
2023-08-21 22:00:00,1890.04,1895.36,1885.25,1894.35
2023-08-22 02:00:00,1894.36,1895.18,1893.85,1894.64
2023-08-22 06:00:00,1894.68,1897.27,1893.63,1895.07
2023-08-22 10:00:00,1895.08,1897.28,1893.81,1895.39
2023-08-22 14:00:00,1895.41,1903.71,1895.08,1902.78
2023-08-22 18:00:00,1902.77,1904.44,1889.13,1890.3
2023-08-22 22:00:00,1890.29,1899.13,1890.06,1897.68
2023-08-23 02:00:00,1897.72,1897.83,1896.38,1897.28
2023-08-23 06:00:00,1897.4,1901.85,1897.34,1901.61
2023-08-23 10:00:00,1901.62,1903.94,1900.1,1902.6
2023-08-23 14:00:00,1902.56,1905.44,1901.71,1902.6
2023-08-23 18:00:00,1902.57,1918.88,1901.25,1917.94
2023-08-23 22:00:00,1918.05,1920.35,1914.51,1917.98
2023-08-24 02:00:00,1917.89,1918.15,1914.41,1915.36
2023-08-24 06:00:00,1915.44,1919.28,1915.23,1918.74
2023-08-24 10:00:00,1918.74,1922.39,1918.68,1921.5
2023-08-24 14:00:00,1921.5,1922.88,1919.29,1919.57
2023-08-24 18:00:00,1919.59,1920.72,1911.77,1916.09
2023-08-24 22:00:00,1916.19,1923.31,1916.06,1917.14
2023-08-25 02:00:00,1917.21,1918.08,1916.25,1916.7
2023-08-25 06:00:00,1917.21,1917.52,1914.69,1916.96
2023-08-25 10:00:00,1916.9,1917.12,1913.06,1914.41
2023-08-25 14:00:00,1914.48,1917.96,1912.78,1916.08
2023-08-25 18:00:00,1916.1,1920.26,1913.31,1915.3
2023-08-25 22:00:00,1915.37,1922.34,1903.77,1912.32
2023-08-26 02:00:00,1912.36,1914.9,1911.87,1913.94
2023-08-28 06:00:00,1915.5,1917.38,1914.29,1915.48
2023-08-28 10:00:00,1915.48,1917.58,1914.7,1915.6
2023-08-28 14:00:00,1915.61,1917.74,1913.47,1914.06
2023-08-28 18:00:00,1914.04,1918.82,1912.77,1918.11
2023-08-28 22:00:00,1918.11,1926.03,1916.87,1920.33
2023-08-29 02:00:00,1920.36,1920.59,1919.45,1920.1
2023-08-29 06:00:00,1920.16,1922.99,1920.09,1922.02
2023-08-29 10:00:00,1922.03,1925.8,1921.4,1924.39
2023-08-29 14:00:00,1924.41,1925.26,1921.59,1924.31
2023-08-29 18:00:00,1924.33,1924.35,1914.4,1920.95
2023-08-29 22:00:00,1921.02,1938.14,1920.85,1937.14
2023-08-30 02:00:00,1937.14,1938.11,1935.14,1937.34
2023-08-30 06:00:00,1937.24,1937.71,1935.35,1936.18
2023-08-30 10:00:00,1936.17,1937.48,1935.19,1935.3
2023-08-30 14:00:00,1935.33,1938.79,1934.93,1938.08
2023-08-30 18:00:00,1938.06,1948.65,1936.65,1947.39
2023-08-30 22:00:00,1947.37,1949.01,1943.13,1943.69
2023-08-31 02:00:00,1943.67,1944.46,1942.08,1942.23
2023-08-31 06:00:00,1942.9,1947.63,1942.9,1947.17
2023-08-31 10:00:00,1947.22,1947.71,1944.42,1945.34
2023-08-31 14:00:00,1945.37,1946.3,1943.2,1944.74
2023-08-31 18:00:00,1944.74,1947.85,1939.17,1943.76
2023-08-31 22:00:00,1943.75,1945.1,1939.08,1940.5
2023-09-01 02:00:00,1940.48,1942.1,1939.37,1940.01
2023-09-01 06:00:00,1940.07,1944.03,1938.64,1942.56
2023-09-01 10:00:00,1942.56,1942.62,1938.21,1939.71
2023-09-01 14:00:00,1939.74,1944.46,1938.42,1944.21
2023-09-01 18:00:00,1944.24,1952.9,1940.12,1943.73
2023-09-01 22:00:00,1943.44,1943.44,1934.49,1941.16
2023-09-02 02:00:00,1941.19,1941.35,1939.49,1939.85
2023-09-04 06:00:00,1940.39,1944.01,1939.38,1943.04
2023-09-04 10:00:00,1943.05,1946.07,1942.98,1944.5
2023-09-04 14:00:00,1944.51,1946.26,1940.81,1940.96
2023-09-04 18:00:00,1940.97,1942.73,1937.87,1938.22
2023-09-04 22:00:00,1938.2,1939.05,1936.77,1938.42
2023-09-05 02:00:00,1938.52,1938.74,1938.24,1938.36
2023-09-05 06:00:00,1938.64,1938.8,1934.96,1935.79
2023-09-05 10:00:00,1935.82,1938.93,1935.18,1937.03
2023-09-05 14:00:00,1937.02,1938.23,1930.59,1930.71
2023-09-05 18:00:00,1930.69,1934.71,1926.71,1927.71
2023-09-05 22:00:00,1927.83,1928.98,1925.33,1926.49
2023-09-06 02:00:00,1926.49,1927.47,1925.39,1925.95
2023-09-06 06:00:00,1926.16,1926.94,1924.2,1924.85
2023-09-06 10:00:00,1924.92,1928.48,1924.36,1928.16
2023-09-06 14:00:00,1928.14,1928.35,1922.52,1925.29
2023-09-06 18:00:00,1925.32,1929.13,1921.11,1927.96
2023-09-06 22:00:00,1922.63,1924.01,1915.26,1917.65
2023-09-07 02:00:00,1917.64,1918.11,1915.96,1916.38
2023-09-07 06:00:00,1917.66,1919.63,1916.3,1919.5
2023-09-07 10:00:00,1919.52,1920.67,1917.37,1917.51
2023-09-07 14:00:00,1917.49,1920.48,1917.1,1920.23
2023-09-07 18:00:00,1920.23,1923.59,1916.26,1920.04
2023-09-07 22:00:00,1920.03,1921.51,1917.23,1918.43
2023-09-08 02:00:00,1918.45,1920.7,1918.06,1919.58
2023-09-08 06:00:00,1919.67,1926.0,1919.38,1925.82
2023-09-08 10:00:00,1925.82,1927.19,1924.28,1925.68
2023-09-08 14:00:00,1925.67,1927.26,1923.35,1925.18
2023-09-08 18:00:00,1925.17,1928.88,1920.17,1928.58
2023-09-08 22:00:00,1928.57,1929.7,1917.31,1920.42
2023-09-09 02:00:00,1920.45,1920.66,1918.09,1918.98
2023-09-11 06:00:00,1920.48,1923.22,1916.48,1922.41
2023-09-11 10:00:00,1922.41,1928.0,1922.26,1927.62
2023-09-11 14:00:00,1927.59,1930.7,1925.29,1925.32
2023-09-11 18:00:00,1925.33,1930.09,1924.18,1925.86
2023-09-11 22:00:00,1925.84,1926.65,1921.35,1922.66
2023-09-12 02:00:00,1922.66,1923.1,1921.44,1922.28
2023-09-12 06:00:00,1922.68,1923.45,1920.25,1921.87
2023-09-12 10:00:00,1921.87,1924.5,1919.88,1920.21
2023-09-12 14:00:00,1920.26,1921.32,1918.55,1918.98
2023-09-12 18:00:00,1918.97,1919.59,1907.56,1909.18
2023-09-12 22:00:00,1909.18,1915.04,1908.36,1912.0
2023-09-13 02:00:00,1912.01,1913.61,1911.8,1913.28
2023-09-13 06:00:00,1913.15,1913.81,1910.68,1911.37
2023-09-13 10:00:00,1911.38,1912.6,1908.17,1910.19
2023-09-13 14:00:00,1910.2,1912.54,1908.24,1911.19
2023-09-13 18:00:00,1911.15,1915.71,1905.48,1913.31
2023-09-13 22:00:00,1913.33,1914.75,1908.16,1909.98
2023-09-14 02:00:00,1909.98,1910.35,1908.09,1908.1
2023-09-14 06:00:00,1908.78,1912.86,1907.47,1911.06
2023-09-14 10:00:00,1911.03,1911.33,1907.68,1908.01
2023-09-14 14:00:00,1908.01,1908.56,1905.15,1906.28
2023-09-14 18:00:00,1906.29,1910.28,1901.13,1903.11
2023-09-14 22:00:00,1903.07,1912.1,1900.94,1908.72
2023-09-15 02:00:00,1908.72,1910.63,1908.08,1910.52
2023-09-15 06:00:00,1910.91,1915.36,1909.72,1915.31
2023-09-15 10:00:00,1915.31,1916.8,1914.55,1916.19
2023-09-15 14:00:00,1916.19,1919.58,1915.43,1917.99
2023-09-15 18:00:00,1918.08,1926.77,1916.03,1924.59
2023-09-15 22:00:00,1925.44,1930.39,1923.89,1924.72
2023-09-16 02:00:00,1924.73,1924.97,1922.34,1923.52
2023-09-18 06:00:00,1923.57,1926.61,1922.51,1925.18
2023-09-18 10:00:00,1925.19,1930.59,1925.13,1929.84
2023-09-18 14:00:00,1929.86,1930.27,1925.09,1926.9
2023-09-18 18:00:00,1926.91,1928.5,1923.42,1924.0
2023-09-18 22:00:00,1923.97,1933.47,1922.76,1932.12
2023-09-19 02:00:00,1932.12,1934.19,1931.08,1933.58
2023-09-19 06:00:00,1933.69,1934.59,1931.75,1932.96
2023-09-19 10:00:00,1932.98,1933.41,1930.29,1930.84
2023-09-19 14:00:00,1930.85,1935.39,1929.79,1935.16
2023-09-19 18:00:00,1935.17,1937.33,1932.78,1934.72
2023-09-19 22:00:00,1934.66,1935.19,1930.6,1930.82
2023-09-20 02:00:00,1930.81,1932.31,1929.77,1931.3
2023-09-20 06:00:00,1932.02,1932.5,1928.5,1929.95
2023-09-20 10:00:00,1929.93,1931.69,1929.65,1931.14
2023-09-20 14:00:00,1931.13,1932.3,1927.91,1931.75
2023-09-20 18:00:00,1931.76,1943.41,1930.89,1940.61
2023-09-20 22:00:00,1940.57,1947.41,1940.32,1946.07
2023-09-21 02:00:00,1946.07,1946.73,1929.17,1930.33
2023-09-21 06:00:00,1930.28,1931.43,1924.16,1926.8
2023-09-21 10:00:00,1926.79,1928.92,1925.67,1928.73
2023-09-21 14:00:00,1928.73,1930.44,1922.48,1924.7
2023-09-21 18:00:00,1924.7,1926.08,1913.9,1916.46
2023-09-21 22:00:00,1916.44,1923.78,1915.14,1920.44
2023-09-22 02:00:00,1920.45,1921.27,1919.31,1919.98
2023-09-22 06:00:00,1919.39,1924.2,1919.36,1923.96
2023-09-22 10:00:00,1923.95,1925.5,1922.53,1924.66
2023-09-22 14:00:00,1924.66,1928.67,1924.26,1925.37
2023-09-22 18:00:00,1925.36,1928.41,1924.14,1926.01
2023-09-22 22:00:00,1925.97,1929.07,1924.57,1925.5
2023-09-23 02:00:00,1925.55,1925.92,1924.28,1925.08
2023-09-25 06:00:00,1925.12,1926.5,1922.87,1923.66
2023-09-25 10:00:00,1923.66,1924.24,1921.67,1921.67
2023-09-25 14:00:00,1921.67,1927.16,1920.88,1922.81
2023-09-25 18:00:00,1922.81,1926.82,1922.16,1925.29
2023-09-25 22:00:00,1925.22,1925.48,1915.12,1915.93
2023-09-26 02:00:00,1915.95,1917.2,1915.2,1915.76
2023-09-26 06:00:00,1916.1,1916.75,1914.5,1914.78
2023-09-26 10:00:00,1914.79,1915.12,1913.07,1913.53
2023-09-26 14:00:00,1913.52,1915.64,1909.72,1912.97
2023-09-26 18:00:00,1912.93,1913.61,1904.65,1906.77
2023-09-26 22:00:00,1906.78,1909.48,1900.57,1900.94
2023-09-27 02:00:00,1900.96,1901.56,1899.11,1900.55
2023-09-27 06:00:00,1900.59,1903.91,1899.74,1902.56
2023-09-27 10:00:00,1902.55,1902.55,1895.6,1896.31
2023-09-27 14:00:00,1896.28,1899.05,1894.62,1895.57
2023-09-27 18:00:00,1895.55,1896.34,1884.49,1887.84
2023-09-27 22:00:00,1887.85,1888.99,1872.58,1874.69
2023-09-28 02:00:00,1874.7,1878.21,1872.5,1874.98
2023-09-28 06:00:00,1876.15,1877.9,1873.52,1874.1
2023-09-28 10:00:00,1874.09,1877.21,1873.67,1877.01
2023-09-28 14:00:00,1877.0,1878.23,1873.67,1875.84
2023-09-28 18:00:00,1875.85,1879.63,1871.29,1873.01
2023-09-28 22:00:00,1872.86,1876.46,1857.63,1861.93
2023-09-29 02:00:00,1861.93,1867.3,1861.57,1864.82
2023-09-29 06:00:00,1865.21,1867.21,1863.75,1865.75
2023-09-29 10:00:00,1865.74,1868.26,1862.91,1867.31
2023-09-29 14:00:00,1867.3,1873.97,1866.26,1873.57
2023-09-29 18:00:00,1873.54,1879.84,1867.51,1870.4
2023-09-29 22:00:00,1870.6,1871.74,1849.67,1849.97
2023-09-30 02:00:00,1849.98,1850.91,1846.28,1849.09
2023-10-02 06:00:00,1847.04,1848.89,1843.9,1843.92
2023-10-02 10:00:00,1843.91,1845.03,1839.23,1839.61
2023-10-02 14:00:00,1839.58,1846.27,1831.05,1834.28
2023-10-02 18:00:00,1834.27,1840.56,1832.21,1833.76
2023-10-02 22:00:00,1832.16,1836.87,1827.16,1831.88
2023-10-03 02:00:00,1831.89,1833.39,1827.55,1827.78
2023-10-03 06:00:00,1828.96,1829.46,1820.36,1822.92
2023-10-03 10:00:00,1822.93,1823.23,1815.2,1819.43
2023-10-03 14:00:00,1819.47,1829.11,1819.1,1826.41
2023-10-03 18:00:00,1826.42,1831.33,1823.27,1828.85
2023-10-03 22:00:00,1828.76,1833.33,1819.27,1823.59
2023-10-04 02:00:00,1823.59,1825.49,1821.87,1822.91
2023-10-04 06:00:00,1823.42,1825.01,1820.79,1822.7
2023-10-04 10:00:00,1822.65,1823.77,1819.64,1821.22
2023-10-04 14:00:00,1821.3,1824.51,1816.69,1822.11
2023-10-04 18:00:00,1822.1,1830.49,1817.75,1820.32
2023-10-04 22:00:00,1819.33,1826.34,1817.07,1818.34
2023-10-05 02:00:00,1818.33,1823.65,1816.58,1821.04
2023-10-05 06:00:00,1821.43,1828.12,1821.43,1828.03
2023-10-05 10:00:00,1828.05,1829.15,1825.83,1826.25
2023-10-05 14:00:00,1826.24,1826.53,1819.65,1821.95
2023-10-05 18:00:00,1822.0,1824.0,1813.04,1820.71
2023-10-05 22:00:00,1820.72,1821.09,1814.38,1819.08
2023-10-06 02:00:00,1819.2,1820.85,1818.64,1820.11
2023-10-06 06:00:00,1820.57,1823.22,1819.65,1822.76
2023-10-06 10:00:00,1822.76,1824.56,1820.69,1821.33
2023-10-06 14:00:00,1821.33,1822.3,1818.58,1820.44
2023-10-06 18:00:00,1820.49,1825.99,1810.4,1821.25
2023-10-06 22:00:00,1821.28,1834.85,1820.91,1831.78
2023-10-07 02:00:00,1831.83,1833.96,1828.94,1831.58
2023-10-09 06:00:00,1849.91,1855.32,1845.47,1848.91
2023-10-09 10:00:00,1848.95,1853.27,1848.02,1851.77
2023-10-09 14:00:00,1851.77,1854.38,1848.06,1851.18
2023-10-09 18:00:00,1851.19,1852.0,1844.18,1845.31
2023-10-09 22:00:00,1845.32,1855.48,1845.11,1854.44
2023-10-10 02:00:00,1854.45,1863.48,1854.42,1861.31
2023-10-10 06:00:00,1861.32,1865.43,1860.32,1863.71
2023-10-10 10:00:00,1863.71,1864.65,1859.8,1860.76
2023-10-10 14:00:00,1860.74,1862.01,1855.16,1858.28
2023-10-10 18:00:00,1858.27,1858.38,1852.95,1857.46
2023-10-10 22:00:00,1857.47,1862.79,1853.35,1858.47
2023-10-11 02:00:00,1858.48,1860.8,1858.1,1860.39
2023-10-11 06:00:00,1860.13,1862.12,1859.34,1861.64
2023-10-11 10:00:00,1861.64,1862.0,1858.59,1859.41
2023-10-11 14:00:00,1859.46,1871.06,1858.73,1870.46
2023-10-11 18:00:00,1870.47,1875.03,1866.75,1872.17
2023-10-11 22:00:00,1872.16,1877.2,1869.04,1871.94
2023-10-12 02:00:00,1871.99,1874.52,1870.95,1874.24
2023-10-12 06:00:00,1874.75,1878.78,1873.9,1877.44
2023-10-12 10:00:00,1877.42,1880.07,1875.58,1880.05
2023-10-12 14:00:00,1880.07,1882.61,1878.55,1880.94
2023-10-12 18:00:00,1880.96,1884.95,1872.83,1873.81
2023-10-12 22:00:00,1873.84,1876.61,1867.98,1868.97
2023-10-13 02:00:00,1868.97,1870.68,1867.88,1868.7
2023-10-13 06:00:00,1868.96,1873.01,1868.96,1871.94
2023-10-13 10:00:00,1871.94,1878.02,1871.58,1877.03
2023-10-13 14:00:00,1877.01,1888.2,1875.68,1887.58
2023-10-13 18:00:00,1887.58,1919.09,1886.63,1910.62
2023-10-13 22:00:00,1909.51,1929.88,1907.52,1928.27
2023-10-14 02:00:00,1928.34,1930.75,1927.66,1929.94
2023-10-16 06:00:00,1923.46,1927.61,1920.34,1920.45
2023-10-16 10:00:00,1920.46,1921.53,1914.24,1914.95
2023-10-16 14:00:00,1914.97,1916.58,1908.14,1916.12
2023-10-16 18:00:00,1916.12,1924.55,1914.4,1917.96
2023-10-16 22:00:00,1917.95,1922.75,1916.22,1919.11
2023-10-17 02:00:00,1919.13,1920.72,1917.84,1920.13
2023-10-17 06:00:00,1919.96,1921.72,1913.29,1915.03
2023-10-17 10:00:00,1915.04,1916.95,1912.37,1916.39
2023-10-17 14:00:00,1916.54,1923.84,1915.64,1923.01
2023-10-17 18:00:00,1923.01,1931.56,1918.96,1927.8
2023-10-17 22:00:00,1927.86,1930.91,1919.68,1919.79
2023-10-18 02:00:00,1919.8,1925.11,1919.15,1923.04
2023-10-18 06:00:00,1923.93,1940.36,1923.27,1939.0
2023-10-18 10:00:00,1939.11,1942.79,1935.16,1937.04
2023-10-18 14:00:00,1937.04,1946.1,1935.1,1944.28
2023-10-18 18:00:00,1944.28,1962.62,1942.62,1957.08
2023-10-18 22:00:00,1957.06,1958.78,1938.19,1954.05
2023-10-19 02:00:00,1954.07,1954.19,1947.25,1947.55
2023-10-19 06:00:00,1947.77,1953.28,1946.25,1948.22
2023-10-19 10:00:00,1948.17,1950.66,1945.19,1946.85
2023-10-19 14:00:00,1946.84,1954.4,1945.54,1950.69
2023-10-19 18:00:00,1950.68,1957.08,1948.99,1954.38
2023-10-19 22:00:00,1954.35,1972.7,1949.73,1972.68
2023-10-20 02:00:00,1972.59,1977.68,1970.7,1974.31
2023-10-20 06:00:00,1973.56,1982.23,1971.96,1977.78
2023-10-20 10:00:00,1977.77,1981.99,1975.82,1977.56
2023-10-20 14:00:00,1977.56,1985.27,1974.04,1982.58
2023-10-20 18:00:00,1982.55,1987.97,1973.21,1987.1
2023-10-20 22:00:00,1987.09,1997.14,1974.29,1982.48
2023-10-21 02:00:00,1982.51,1982.68,1976.05,1980.31
2023-10-23 06:00:00,1969.04,1978.53,1964.32,1966.62
2023-10-23 10:00:00,1966.54,1976.67,1966.47,1975.7
2023-10-23 14:00:00,1975.8,1982.77,1974.42,1977.62
2023-10-23 18:00:00,1977.7,1981.97,1970.07,1974.74
2023-10-23 22:00:00,1974.76,1979.34,1972.33,1976.14
2023-10-24 02:00:00,1976.15,1978.11,1971.12,1972.71
2023-10-24 06:00:00,1973.44,1978.68,1971.39,1976.54
2023-10-24 10:00:00,1976.57,1980.83,1974.42,1976.48
2023-10-24 14:00:00,1976.41,1979.17,1964.88,1966.56
2023-10-24 18:00:00,1966.52,1967.4,1953.3,1964.48
2023-10-24 22:00:00,1964.48,1977.58,1961.25,1975.86
2023-10-25 02:00:00,1975.88,1976.2,1970.77,1970.99
2023-10-25 06:00:00,1970.92,1976.95,1969.94,1975.92
2023-10-25 10:00:00,1975.95,1976.8,1970.71,1972.81
2023-10-25 14:00:00,1972.8,1975.93,1968.27,1969.5
2023-10-25 18:00:00,1969.51,1987.23,1969.46,1985.06
2023-10-25 22:00:00,1985.06,1985.87,1962.86,1983.1
2023-10-26 02:00:00,1983.1,1984.41,1977.61,1979.5
2023-10-26 06:00:00,1980.44,1986.6,1980.06,1984.95
2023-10-26 10:00:00,1984.97,1989.54,1983.41,1985.73
2023-10-26 14:00:00,1985.71,1993.43,1983.91,1990.65
2023-10-26 18:00:00,1990.64,1991.2,1974.58,1978.9
2023-10-26 22:00:00,1978.62,1989.37,1971.72,1986.93
2023-10-27 02:00:00,1986.94,1987.15,1982.32,1984.88
2023-10-27 06:00:00,1984.55,1986.76,1982.84,1985.47
2023-10-27 10:00:00,1985.47,1989.91,1985.47,1988.88
2023-10-27 14:00:00,1988.91,1989.66,1985.23,1985.83
2023-10-27 18:00:00,1985.83,1986.14,1976.82,1982.98
2023-10-27 22:00:00,1982.83,1996.96,1978.63,1996.72
2023-10-28 02:00:00,1996.71,2009.46,1995.86,2005.7
2023-10-30 06:00:00,2004.68,2006.69,1996.87,2004.68
2023-10-30 10:00:00,2004.4,2004.73,1999.5,1999.63
2023-10-30 14:00:00,1999.64,2000.75,1990.92,1996.58
2023-10-30 18:00:00,1996.58,2002.59,1992.6,1998.53
2023-10-30 22:00:00,1998.52,2002.48,1991.98,1997.92
2023-10-31 02:00:00,1997.92,1999.87,1994.69,1996.13
2023-10-31 06:00:00,1995.6,1997.28,1993.93,1996.35
2023-10-31 10:00:00,1996.36,1997.09,1990.54,1992.97
2023-10-31 14:00:00,1993.02,1999.17,1992.33,1997.46
2023-10-31 18:00:00,1997.54,2004.06,1994.57,2002.51
2023-10-31 22:00:00,2002.53,2007.95,1983.33,1984.16
2023-11-01 02:00:00,1984.15,1986.74,1978.78,1983.95
2023-11-01 06:00:00,1983.6,1986.12,1977.98,1979.49
2023-11-01 10:00:00,1979.49,1980.98,1975.19,1979.03
2023-11-01 14:00:00,1979.03,1983.73,1976.49,1982.73
2023-11-01 18:00:00,1982.73,1988.51,1981.09,1985.66
2023-11-01 22:00:00,1988.49,1992.06,1974.51,1977.85
2023-11-02 02:00:00,1977.86,1982.91,1969.83,1982.69
2023-11-02 06:00:00,1983.46,1988.19,1981.27,1986.23
2023-11-02 10:00:00,1986.23,1986.67,1983.33,1985.35
2023-11-02 14:00:00,1985.35,1989.59,1983.69,1988.19
2023-11-02 18:00:00,1988.22,1991.05,1981.99,1984.38
2023-11-02 22:00:00,1984.39,1986.7,1978.8,1985.03
2023-11-03 02:00:00,1985.03,1986.36,1983.68,1985.83
2023-11-03 06:00:00,1986.12,1986.49,1983.21,1983.86
2023-11-03 10:00:00,1983.87,1987.84,1983.77,1987.08
2023-11-03 14:00:00,1987.15,1990.34,1984.39,1989.1
2023-11-03 18:00:00,1989.08,2004.09,1985.39,1995.38
2023-11-03 22:00:00,1996.9,1999.02,1988.59,1993.09
2023-11-04 02:00:00,1993.14,1995.11,1991.54,1992.43
2023-11-06 07:00:00,1992.83,1993.07,1986.74,1987.01
2023-11-06 11:00:00,1987.0,1988.23,1981.94,1984.27
2023-11-06 15:00:00,1984.31,1988.33,1982.31,1987.24
2023-11-06 19:00:00,1987.24,1989.08,1983.4,1984.82
2023-11-06 23:00:00,1984.81,1985.89,1979.91,1981.29
2023-11-07 03:00:00,1981.3,1981.49,1977.39,1977.79
2023-11-07 07:00:00,1978.02,1978.27,1972.85,1972.87
2023-11-07 11:00:00,1972.87,1974.21,1970.99,1971.07
2023-11-07 15:00:00,1971.08,1971.16,1964.21,1966.12
2023-11-07 19:00:00,1966.11,1967.26,1956.69,1960.39
2023-11-07 23:00:00,1960.39,1969.84,1960.27,1969.39
2023-11-08 03:00:00,1969.4,1969.83,1966.91,1969.09
2023-11-08 07:00:00,1969.1,1970.99,1967.3,1968.71
2023-11-08 11:00:00,1968.65,1969.14,1964.95,1967.27
2023-11-08 15:00:00,1967.24,1969.02,1959.59,1962.01
2023-11-08 19:00:00,1961.97,1966.67,1959.82,1960.21
2023-11-08 23:00:00,1960.17,1960.57,1950.89,1951.98
2023-11-09 03:00:00,1951.96,1952.01,1947.4,1950.19
2023-11-09 07:00:00,1949.73,1954.62,1948.88,1950.0
2023-11-09 11:00:00,1949.99,1950.45,1947.73,1949.28
2023-11-09 15:00:00,1949.29,1950.5,1944.63,1947.02
2023-11-09 19:00:00,1947.01,1958.8,1944.78,1958.13
2023-11-09 23:00:00,1958.15,1965.56,1955.45,1963.07
2023-11-10 03:00:00,1963.06,1963.06,1956.17,1958.49
2023-11-10 07:00:00,1958.22,1960.82,1956.36,1958.28
2023-11-10 11:00:00,1958.18,1960.46,1955.66,1956.98
2023-11-10 15:00:00,1956.93,1957.2,1951.49,1954.08
2023-11-10 19:00:00,1954.07,1954.07,1941.21,1942.53
2023-11-10 23:00:00,1941.0,1946.9,1933.08,1935.93
2023-11-11 03:00:00,1935.98,1937.84,1934.54,1937.81
2023-11-13 07:00:00,1938.53,1941.84,1936.11,1937.54
2023-11-13 11:00:00,1937.64,1940.06,1934.04,1938.68
2023-11-13 15:00:00,1938.68,1941.22,1935.99,1939.53
2023-11-13 19:00:00,1939.53,1939.7,1932.45,1932.62
2023-11-13 23:00:00,1932.62,1949.18,1931.65,1947.87
2023-11-14 03:00:00,1947.86,1948.06,1945.19,1946.19
2023-11-14 07:00:00,1946.24,1948.39,1944.4,1945.79
2023-11-14 11:00:00,1945.79,1945.96,1943.7,1944.61
2023-11-14 15:00:00,1944.62,1948.14,1944.3,1946.87
2023-11-14 19:00:00,1946.88,1970.91,1944.3,1967.77
2023-11-14 23:00:00,1967.52,1969.18,1961.67,1962.72
2023-11-15 03:00:00,1962.73,1964.47,1962.27,1963.09
2023-11-15 07:00:00,1962.97,1964.55,1961.55,1964.41
2023-11-15 11:00:00,1964.4,1970.49,1964.39,1969.59
2023-11-15 15:00:00,1969.82,1974.05,1967.25,1973.13
2023-11-15 19:00:00,1973.13,1975.15,1955.42,1957.43
2023-11-15 23:00:00,1957.44,1964.47,1957.17,1960.46
2023-11-16 03:00:00,1960.46,1962.21,1959.02,1959.26
2023-11-16 07:00:00,1960.14,1961.38,1956.43,1960.76
2023-11-16 11:00:00,1960.74,1967.33,1960.37,1966.98
2023-11-16 15:00:00,1966.96,1968.56,1964.65,1965.08
2023-11-16 19:00:00,1965.08,1982.71,1962.09,1979.7
2023-11-16 23:00:00,1979.69,1987.98,1979.17,1984.2
2023-11-17 03:00:00,1984.2,1984.38,1980.62,1981.24
2023-11-17 07:00:00,1980.53,1986.92,1979.05,1985.3
2023-11-17 11:00:00,1985.3,1987.06,1982.66,1983.57
2023-11-17 15:00:00,1983.51,1993.37,1982.85,1991.78
2023-11-17 19:00:00,1991.8,1991.8,1979.38,1980.37
2023-11-17 23:00:00,1980.38,1985.31,1978.61,1981.97
2023-11-18 03:00:00,1981.96,1982.0,1979.0,1980.41
2023-11-20 07:00:00,1977.76,1985.14,1973.34,1982.84
2023-11-20 11:00:00,1982.74,1983.39,1978.87,1980.25
2023-11-20 15:00:00,1980.25,1981.11,1975.05,1975.85
2023-11-20 19:00:00,1975.85,1976.29,1965.47,1970.17
2023-11-20 23:00:00,1970.18,1978.92,1968.8,1977.43
2023-11-21 03:00:00,1977.43,1978.97,1975.68,1977.66
2023-11-21 07:00:00,1978.12,1992.68,1977.79,1990.71
2023-11-21 11:00:00,1990.72,1994.27,1989.66,1990.74
2023-11-21 15:00:00,1990.73,1994.31,1984.31,1988.61
2023-11-21 19:00:00,1988.59,2007.3,1986.07,2005.38
2023-11-21 23:00:00,2005.35,2007.54,1997.81,1998.67
2023-11-22 03:00:00,1998.62,2000.66,1996.21,1998.27
2023-11-22 07:00:00,1998.64,1999.86,1995.48,1996.74
2023-11-22 11:00:00,1996.74,2001.29,1995.95,2000.86
2023-11-22 15:00:00,2000.85,2006.35,1999.08,2001.1
2023-11-22 19:00:00,2001.13,2003.38,1996.86,2001.73
2023-11-22 23:00:00,2000.89,2001.47,1986.91,1988.4
2023-11-23 03:00:00,1988.4,1991.51,1988.4,1989.85
2023-11-23 07:00:00,1988.83,1994.98,1988.76,1994.32
2023-11-23 11:00:00,1994.32,1998.38,1993.09,1996.16
2023-11-23 15:00:00,1996.15,1998.51,1992.16,1993.55
2023-11-23 19:00:00,1993.57,1994.9,1991.83,1993.84
2023-11-23 23:00:00,1993.83,1993.92,1989.81,1992.04
2023-11-24 03:00:00,1992.03,1992.77,1991.77,1992.33
2023-11-24 07:00:00,1992.56,1994.95,1991.44,1992.28
2023-11-24 11:00:00,1992.28,1994.77,1991.44,1993.58
2023-11-24 15:00:00,1993.6,1996.3,1992.08,1995.77
2023-11-24 19:00:00,1995.76,2003.1,1994.37,2001.15
2023-11-24 23:00:00,2001.15,2003.58,1997.16,2002.12
2023-11-27 07:00:00,2001.78,2018.08,2000.38,2011.31
2023-11-27 11:00:00,2011.22,2013.71,2007.49,2009.61
2023-11-27 15:00:00,2009.66,2015.46,2009.53,2014.41
2023-11-27 19:00:00,2014.43,2016.46,2009.77,2011.37
2023-11-27 23:00:00,2011.37,2014.9,2005.69,2012.43
2023-11-28 03:00:00,2012.42,2014.67,2012.02,2014.2
2023-11-28 07:00:00,2013.5,2018.09,2013.23,2015.21
2023-11-28 11:00:00,2015.12,2017.15,2014.08,2015.95
2023-11-28 15:00:00,2015.92,2016.72,2011.94,2014.59
2023-11-28 19:00:00,2014.59,2028.52,2011.3,2026.08
2023-11-28 23:00:00,2026.12,2043.02,2023.73,2039.43
2023-11-29 03:00:00,2039.46,2042.54,2039.44,2041.17
2023-11-29 07:00:00,2041.07,2051.99,2040.32,2046.96
2023-11-29 11:00:00,2046.94,2049.0,2042.85,2044.63
2023-11-29 15:00:00,2044.71,2044.79,2035.28,2037.44
2023-11-29 19:00:00,2037.46,2045.58,2036.99,2044.24
2023-11-29 23:00:00,2044.23,2048.28,2039.12,2047.85
2023-11-30 03:00:00,2047.86,2049.54,2042.79,2044.19
2023-11-30 07:00:00,2044.63,2046.82,2042.61,2045.93
2023-11-30 11:00:00,2045.92,2047.22,2041.43,2045.83
2023-11-30 15:00:00,2045.87,2046.95,2036.76,2038.4
2023-11-30 19:00:00,2038.37,2044.04,2031.0,2036.55
2023-11-30 23:00:00,2036.5,2041.32,2032.42,2034.94
2023-12-01 03:00:00,2034.9,2037.21,2034.65,2036.04
2023-12-01 07:00:00,2036.65,2043.44,2036.14,2040.22
2023-12-01 11:00:00,2040.26,2042.87,2038.68,2040.47
2023-12-01 15:00:00,2040.47,2049.85,2039.26,2043.74
2023-12-01 19:00:00,2043.74,2044.18,2033.77,2042.43
2023-12-01 23:00:00,2042.4,2075.34,2041.99,2071.82
2023-12-02 03:00:00,2071.87,2072.24,2065.62,2071.45
2023-12-04 07:00:00,2072.49,2143.31,2071.64,2088.12
2023-12-04 11:00:00,2088.12,2090.4,2073.8,2076.45
2023-12-04 15:00:00,2076.46,2078.73,2057.78,2068.33
2023-12-04 19:00:00,2068.3,2071.84,2042.47,2050.09
2023-12-04 23:00:00,2050.14,2053.2,2020.11,2024.38
2023-12-05 03:00:00,2024.41,2032.26,2023.85,2029.01
2023-12-05 07:00:00,2029.98,2041.16,2028.35,2034.66
2023-12-05 11:00:00,2034.68,2038.4,2030.45,2033.43
2023-12-05 15:00:00,2033.46,2039.54,2023.02,2025.25
2023-12-05 19:00:00,2025.26,2030.86,2015.43,2016.61
2023-12-05 23:00:00,2016.51,2026.88,2009.9,2018.16
2023-12-06 03:00:00,2018.1,2020.94,2017.48,2019.33
2023-12-06 07:00:00,2019.65,2022.67,2017.23,2021.21
2023-12-06 11:00:00,2021.17,2027.09,2020.41,2026.26
2023-12-06 15:00:00,2026.24,2035.83,2020.2,2022.84
2023-12-06 19:00:00,2022.87,2033.0,2020.18,2025.16
2023-12-06 23:00:00,2025.26,2031.92,2022.69,2030.59
2023-12-07 03:00:00,2030.59,2030.76,2024.44,2025.35
2023-12-07 07:00:00,2025.32,2029.98,2025.21,2029.08
2023-12-07 11:00:00,2029.0,2029.89,2025.25,2029.63
2023-12-07 15:00:00,2029.78,2035.08,2028.32,2033.56
2023-12-07 19:00:00,2033.6,2039.92,2025.19,2026.32
2023-12-07 23:00:00,2026.32,2031.96,2020.18,2030.35
2023-12-08 03:00:00,2030.34,2031.33,2028.33,2028.52
2023-12-08 07:00:00,2028.51,2033.62,2026.86,2032.52
2023-12-08 11:00:00,2032.53,2034.05,2028.84,2030.38
2023-12-08 15:00:00,2030.4,2032.32,2026.5,2029.79
2023-12-08 19:00:00,2029.79,2030.95,2002.57,2008.76
2023-12-08 23:00:00,2008.9,2014.9,1994.65,1999.36
2023-12-09 03:00:00,1999.46,2005.0,1999.26,2004.07
2023-12-11 07:00:00,2004.84,2007.72,1996.62,1998.16
2023-12-11 11:00:00,1998.15,2000.28,1994.68,1998.84
2023-12-11 15:00:00,1998.89,2000.51,1991.21,1993.01
2023-12-11 19:00:00,1993.01,1996.75,1986.48,1986.78
2023-12-11 23:00:00,1986.64,1988.15,1975.83,1981.55
2023-12-12 03:00:00,1981.6,1983.05,1980.35,1981.77
2023-12-12 07:00:00,1981.94,1989.57,1981.73,1982.21
2023-12-12 11:00:00,1982.22,1988.74,1982.09,1987.72
2023-12-12 15:00:00,1987.72,1989.03,1982.72,1986.23
2023-12-12 19:00:00,1986.23,1996.67,1980.03,1981.92
2023-12-12 23:00:00,1981.82,1984.55,1977.22,1978.99
2023-12-13 03:00:00,1979.0,1981.08,1979.0,1979.41
2023-12-13 07:00:00,1980.64,1982.79,1977.9,1979.39
2023-12-13 11:00:00,1979.39,1980.16,1973.03,1974.35
2023-12-13 15:00:00,1974.35,1983.28,1973.38,1983.23
2023-12-13 19:00:00,1983.14,1986.75,1979.66,1981.93
2023-12-13 23:00:00,1981.84,1983.77,1978.43,1981.96
2023-12-14 03:00:00,1981.87,2027.77,1981.86,2027.3
2023-12-14 07:00:00,2024.58,2039.26,2023.91,2032.71
2023-12-14 11:00:00,2032.69,2037.47,2030.05,2035.41
2023-12-14 15:00:00,2035.41,2040.33,2029.23,2034.01
2023-12-14 19:00:00,2034.02,2047.87,2027.51,2043.11
2023-12-14 23:00:00,2043.13,2046.88,2029.07,2031.13
2023-12-15 03:00:00,2031.15,2036.69,2029.91,2036.38
2023-12-15 07:00:00,2036.13,2038.61,2031.3,2036.13
2023-12-15 11:00:00,2036.12,2037.37,2033.99,2036.07
2023-12-15 15:00:00,2036.17,2044.33,2035.79,2042.55
2023-12-15 19:00:00,2042.56,2044.87,2026.95,2033.3
2023-12-15 23:00:00,2033.37,2038.62,2019.6,2019.68
2023-12-16 03:00:00,2019.66,2021.6,2015.62,2018.46
2023-12-18 07:00:00,2020.18,2023.5,2016.02,2021.82
2023-12-18 11:00:00,2021.82,2024.81,2021.32,2023.21
2023-12-18 15:00:00,2023.24,2027.31,2019.07,2019.29
2023-12-18 19:00:00,2019.27,2026.91,2018.77,2024.23
2023-12-18 23:00:00,2024.21,2033.67,2020.33,2026.51
2023-12-19 03:00:00,2026.51,2027.81,2025.54,2027.18
2023-12-19 07:00:00,2027.55,2029.34,2023.17,2024.58
2023-12-19 11:00:00,2024.57,2026.47,2021.69,2024.87
2023-12-19 15:00:00,2024.87,2028.43,2022.94,2025.64
2023-12-19 19:00:00,2025.65,2042.2,2025.39,2041.42
2023-12-19 23:00:00,2041.46,2046.96,2036.71,2039.0
2023-12-20 03:00:00,2038.97,2040.6,2038.44,2040.2
2023-12-20 07:00:00,2039.85,2041.56,2036.72,2040.0
2023-12-20 11:00:00,2039.92,2042.4,2038.96,2041.14
2023-12-20 15:00:00,2041.17,2043.46,2035.62,2035.95
2023-12-20 19:00:00,2035.91,2039.82,2029.59,2038.03
2023-12-20 23:00:00,2037.97,2038.7,2030.48,2036.25
2023-12-21 03:00:00,2036.23,2037.13,2027.46,2031.33
2023-12-21 07:00:00,2032.05,2037.42,2031.46,2036.95
2023-12-21 11:00:00,2036.91,2038.15,2034.36,2036.9
2023-12-21 15:00:00,2036.95,2037.36,2033.07,2034.08
2023-12-21 19:00:00,2034.01,2046.05,2031.76,2042.05
2023-12-21 23:00:00,2041.98,2044.72,2036.68,2039.04
2023-12-22 03:00:00,2039.07,2045.97,2039.07,2045.76
2023-12-22 07:00:00,2048.88,2055.0,2046.78,2050.17
2023-12-22 11:00:00,2050.14,2051.22,2047.08,2047.67
2023-12-22 15:00:00,2047.67,2057.21,2047.47,2055.74
2023-12-22 19:00:00,2055.74,2070.05,2055.26,2068.41
2023-12-22 23:00:00,2068.45,2070.6,2051.11,2057.24
2023-12-23 03:00:00,2057.31,2057.31,2051.72,2052.76
2023-12-26 07:00:00,2053.22,2065.11,2052.91,2064.75
2023-12-26 11:00:00,2064.75,2065.02,2061.37,2064.03
2023-12-26 15:00:00,2064.07,2064.73,2060.54,2063.79
2023-12-26 19:00:00,2063.79,2064.12,2054.51,2057.08
2023-12-26 23:00:00,2057.08,2059.92,2056.17,2058.31
2023-12-27 03:00:00,2058.34,2069.06,2058.32,2067.58
2023-12-27 07:00:00,2068.32,2068.45,2063.94,2065.31
2023-12-27 11:00:00,2065.27,2067.41,2064.09,2065.06
2023-12-27 15:00:00,2065.06,2069.28,2061.45,2064.71
2023-12-27 19:00:00,2064.71,2071.64,2064.34,2070.23
2023-12-27 23:00:00,2070.2,2084.44,2068.94,2078.45
2023-12-28 03:00:00,2078.45,2078.78,2076.07,2077.6
2023-12-28 07:00:00,2078.02,2088.43,2077.1,2088.0
2023-12-28 11:00:00,2087.97,2088.4,2084.26,2085.79
2023-12-28 15:00:00,2085.8,2087.54,2072.72,2077.24
2023-12-28 19:00:00,2077.24,2079.39,2071.31,2078.9
2023-12-28 23:00:00,2078.9,2081.15,2071.41,2072.74
2023-12-29 03:00:00,2072.76,2073.15,2064.62,2065.38
2023-12-29 07:00:00,2066.45,2071.37,2065.69,2068.64
2023-12-29 11:00:00,2068.6,2073.1,2067.7,2072.75
2023-12-29 15:00:00,2072.79,2074.75,2061.81,2064.79
2023-12-29 19:00:00,2064.75,2068.86,2058.2,2062.99
2023-12-29 23:00:00,2062.93,2068.12,2061.08,2064.85
2023-12-30 03:00:00,2065.11,2067.8,2062.6,2062.9
2024-01-02 07:00:00,2063.99,2069.9,2062.25,2067.88
2024-01-02 11:00:00,2067.88,2076.8,2066.45,2074.2
2024-01-02 15:00:00,2074.16,2078.87,2071.82,2076.01
2024-01-02 19:00:00,2075.97,2076.18,2062.16,2070.43
2024-01-02 23:00:00,2070.38,2070.73,2055.82,2061.15
2024-01-03 03:00:00,2061.16,2062.16,2057.99,2058.98
2024-01-03 07:00:00,2058.85,2065.15,2058.56,2064.76
2024-01-03 11:00:00,2064.72,2065.93,2063.25,2064.36
2024-01-03 15:00:00,2064.31,2064.33,2052.69,2054.91
2024-01-03 19:00:00,2054.88,2055.63,2031.71,2037.82
2024-01-03 23:00:00,2035.69,2048.77,2030.67,2035.75
2024-01-04 03:00:00,2035.64,2042.32,2030.59,2041.38
2024-01-04 07:00:00,2042.22,2044.72,2040.09,2044.64
2024-01-04 11:00:00,2044.64,2048.59,2042.38,2047.26
2024-01-04 15:00:00,2047.21,2050.93,2045.39,2047.99
2024-01-04 19:00:00,2047.96,2048.42,2036.23,2039.37
2024-01-04 23:00:00,2039.4,2047.74,2039.09,2043.14
2024-01-05 03:00:00,2043.13,2044.84,2042.46,2043.36
2024-01-05 07:00:00,2043.47,2048.25,2042.72,2046.13
2024-01-05 11:00:00,2046.14,2046.42,2040.86,2042.51
2024-01-05 15:00:00,2042.45,2047.02,2037.37,2040.02
2024-01-05 19:00:00,2040.02,2049.22,2024.39,2046.76
2024-01-05 23:00:00,2046.77,2063.98,2040.43,2048.17
2024-01-06 03:00:00,2048.2,2050.33,2042.87,2045.07
2024-01-08 07:00:00,2044.71,2046.58,2041.19,2041.27
2024-01-08 11:00:00,2041.27,2041.45,2026.97,2032.92
2024-01-08 15:00:00,2032.92,2033.2,2026.49,2027.59
2024-01-08 19:00:00,2027.59,2027.89,2016.77,2026.41
2024-01-08 23:00:00,2026.37,2036.88,2025.5,2026.55
2024-01-09 03:00:00,2026.53,2029.81,2026.11,2027.99
2024-01-09 07:00:00,2028.05,2035.87,2027.9,2034.14
2024-01-09 11:00:00,2034.15,2035.18,2030.32,2033.16
2024-01-09 15:00:00,2033.16,2038.51,2031.29,2035.4
2024-01-09 19:00:00,2035.43,2041.97,2031.68,2034.73
2024-01-09 23:00:00,2034.64,2035.65,2026.04,2029.19
2024-01-10 03:00:00,2029.21,2031.14,2027.8,2030.22
2024-01-10 07:00:00,2030.58,2032.85,2027.2,2031.86
2024-01-10 11:00:00,2031.79,2031.95,2023.88,2024.59
2024-01-10 15:00:00,2024.61,2040.17,2024.33,2034.79
2024-01-10 19:00:00,2034.84,2035.63,2026.42,2027.42
2024-01-10 23:00:00,2027.32,2029.75,2021.33,2023.68
2024-01-11 03:00:00,2023.71,2025.03,2020.45,2024.38
2024-01-11 07:00:00,2024.02,2031.94,2023.95,2029.74
2024-01-11 11:00:00,2029.75,2035.11,2028.78,2034.02
2024-01-11 15:00:00,2033.95,2035.66,2030.16,2032.07
2024-01-11 19:00:00,2032.04,2039.65,2024.86,2029.73
2024-01-11 23:00:00,2029.67,2033.03,2013.31,2017.04
2024-01-12 03:00:00,2017.04,2029.68,2017.04,2028.61
2024-01-12 07:00:00,2029.12,2035.53,2028.68,2033.99
2024-01-12 11:00:00,2033.97,2037.09,2032.81,2035.2
2024-01-12 15:00:00,2035.19,2046.16,2034.17,2045.92
2024-01-12 19:00:00,2045.98,2062.22,2044.14,2055.94
2024-01-12 23:00:00,2055.9,2060.13,2041.46,2047.48
2024-01-13 03:00:00,2047.38,2049.18,2046.06,2048.79
2024-01-15 07:00:00,2047.24,2056.45,2045.82,2056.42
2024-01-15 11:00:00,2056.36,2058.1,2053.01,2055.35
2024-01-15 15:00:00,2055.39,2058.59,2052.13,2052.98
2024-01-15 19:00:00,2053.07,2054.4,2051.36,2052.14
2024-01-15 23:00:00,2052.13,2056.37,2049.25,2054.45
2024-01-16 03:00:00,2054.45,2054.85,2053.63,2054.66
2024-01-16 07:00:00,2055.24,2055.55,2049.72,2050.54
2024-01-16 11:00:00,2050.53,2051.64,2047.4,2050.5
2024-01-16 15:00:00,2050.49,2050.87,2038.7,2041.03
2024-01-16 19:00:00,2041.03,2044.96,2031.37,2038.2
2024-01-16 23:00:00,2038.12,2042.05,2024.26,2025.09
2024-01-17 03:00:00,2025.11,2030.16,2024.95,2028.26
2024-01-17 07:00:00,2028.0,2032.95,2025.64,2028.93
2024-01-17 11:00:00,2028.93,2029.16,2017.68,2019.19
2024-01-17 15:00:00,2019.24,2028.33,2017.86,2026.09
2024-01-17 19:00:00,2026.18,2029.03,2011.42,2012.14
2024-01-17 23:00:00,2012.04,2014.05,2001.79,2004.74
2024-01-18 03:00:00,2004.8,2006.87,2004.38,2006.19
2024-01-18 07:00:00,2006.56,2012.02,2006.44,2007.61
2024-01-18 11:00:00,2007.61,2013.02,2005.76,2012.69
2024-01-18 15:00:00,2012.55,2014.13,2008.15,2011.61
2024-01-18 19:00:00,2011.56,2017.23,2007.05,2012.82
2024-01-18 23:00:00,2012.84,2021.09,2011.62,2020.54
2024-01-19 03:00:00,2020.5,2023.32,2018.37,2023.03
2024-01-19 07:00:00,2023.84,2025.47,2021.17,2024.0
2024-01-19 11:00:00,2024.0,2024.23,2020.34,2023.81
2024-01-19 15:00:00,2023.79,2030.93,2023.63,2030.36
2024-01-19 19:00:00,2030.46,2039.41,2026.39,2029.5
2024-01-19 23:00:00,2029.5,2031.99,2023.13,2027.87
2024-01-20 03:00:00,2027.91,2030.0,2027.54,2029.35
2024-01-22 07:00:00,2028.94,2032.12,2025.45,2029.76
2024-01-22 11:00:00,2029.75,2029.79,2020.05,2020.91
2024-01-22 15:00:00,2020.87,2026.3,2019.11,2022.9
2024-01-22 19:00:00,2022.84,2030.11,2016.48,2022.66
2024-01-22 23:00:00,2022.6,2026.54,2019.76,2021.32
2024-01-23 03:00:00,2021.3,2021.76,2019.1,2021.69
2024-01-23 07:00:00,2021.38,2024.13,2019.58,2022.58
2024-01-23 11:00:00,2022.65,2035.94,2021.71,2035.05
2024-01-23 15:00:00,2035.21,2037.89,2024.75,2025.11
2024-01-23 19:00:00,2025.1,2030.31,2021.41,2023.15
2024-01-23 23:00:00,2023.26,2027.74,2022.64,2025.25
2024-01-24 03:00:00,2025.29,2030.71,2024.81,2029.23
2024-01-24 07:00:00,2028.58,2029.58,2023.95,2024.17
2024-01-24 11:00:00,2024.16,2027.88,2022.82,2026.0
2024-01-24 15:00:00,2025.98,2034.09,2025.76,2032.84
2024-01-24 19:00:00,2033.0,2036.65,2022.62,2024.67
2024-01-24 23:00:00,2024.69,2025.39,2011.88,2015.04
2024-01-25 03:00:00,2015.01,2015.26,2011.2,2013.59
2024-01-25 07:00:00,2014.73,2017.58,2014.5,2015.17
2024-01-25 11:00:00,2015.18,2016.79,2014.53,2015.77
2024-01-25 15:00:00,2015.79,2019.46,2012.66,2019.22
2024-01-25 19:00:00,2019.2,2025.36,2009.38,2023.54
2024-01-25 23:00:00,2023.49,2024.72,2012.49,2014.23
2024-01-26 03:00:00,2014.2,2020.95,2013.37,2020.79
2024-01-26 07:00:00,2019.64,2024.19,2018.05,2021.93
2024-01-26 11:00:00,2021.95,2023.48,2021.06,2021.6
2024-01-26 15:00:00,2021.63,2023.8,2018.21,2023.43
2024-01-26 19:00:00,2023.43,2026.8,2018.72,2020.26
2024-01-26 23:00:00,2019.96,2019.96,2015.93,2017.35
2024-01-27 03:00:00,2017.4,2019.27,2016.14,2018.43
2024-01-29 07:00:00,2025.92,2028.45,2019.25,2025.39
2024-01-29 11:00:00,2025.43,2028.98,2024.14,2028.78
2024-01-29 15:00:00,2028.76,2033.82,2025.58,2027.47
2024-01-29 19:00:00,2027.5,2037.55,2021.59,2024.76
2024-01-29 23:00:00,2024.72,2031.14,2020.56,2025.82
2024-01-30 03:00:00,2025.86,2035.27,2025.15,2032.83
2024-01-30 07:00:00,2032.98,2034.1,2029.28,2031.99
2024-01-30 11:00:00,2032.07,2035.95,2031.22,2034.5
2024-01-30 15:00:00,2034.49,2040.32,2034.09,2035.6
2024-01-30 19:00:00,2035.57,2048.57,2031.32,2046.6
2024-01-30 23:00:00,2046.52,2047.91,2029.03,2032.78
2024-01-31 03:00:00,2032.79,2037.05,2032.34,2036.89
2024-01-31 07:00:00,2037.06,2038.7,2032.82,2033.67
2024-01-31 11:00:00,2033.64,2035.87,2033.04,2034.33
2024-01-31 15:00:00,2034.31,2040.45,2033.94,2036.92
2024-01-31 19:00:00,2036.93,2055.3,2036.04,2051.61
2024-01-31 23:00:00,2051.53,2056.01,2045.75,2046.08
2024-02-01 03:00:00,2046.05,2050.82,2030.81,2039.12
2024-02-01 07:00:00,2039.1,2049.62,2038.77,2047.04
2024-02-01 11:00:00,2047.08,2048.44,2042.37,2043.61
2024-02-01 15:00:00,2043.6,2044.19,2030.96,2031.84
2024-02-01 19:00:00,2031.88,2050.82,2030.03,2046.03
2024-02-01 23:00:00,2046.03,2065.42,2039.74,2055.69
2024-02-02 03:00:00,2055.65,2058.12,2053.47,2054.93
2024-02-02 07:00:00,2054.89,2056.8,2051.92,2053.82
2024-02-02 11:00:00,2053.82,2056.91,2053.59,2055.47
2024-02-02 15:00:00,2055.54,2056.92,2052.68,2054.65
2024-02-02 19:00:00,2054.63,2057.64,2027.8,2035.36
2024-02-02 23:00:00,2034.54,2038.79,2028.54,2037.41
2024-02-03 03:00:00,2037.45,2039.63,2036.0,2039.59
2024-02-05 07:00:00,2039.72,2042.15,2032.96,2033.48
2024-02-05 11:00:00,2033.45,2034.48,2026.85,2030.98
2024-02-05 15:00:00,2030.99,2031.56,2020.65,2024.45
2024-02-05 19:00:00,2024.46,2028.34,2014.87,2023.67
2024-02-05 23:00:00,2023.67,2027.09,2015.49,2025.94
2024-02-06 03:00:00,2026.01,2027.55,2024.0,2025.08
2024-02-06 07:00:00,2024.78,2028.52,2023.7,2025.98
2024-02-06 11:00:00,2026.01,2029.8,2023.44,2026.67
2024-02-06 15:00:00,2026.75,2028.98,2022.89,2023.93
2024-02-06 19:00:00,2023.97,2033.05,2022.96,2030.67
2024-02-06 23:00:00,2030.64,2038.89,2029.61,2036.57
2024-02-07 03:00:00,2036.57,2036.97,2034.99,2035.95
2024-02-07 07:00:00,2035.64,2036.24,2034.09,2034.44
2024-02-07 11:00:00,2034.41,2035.51,2032.48,2033.59
2024-02-07 15:00:00,2033.58,2036.13,2031.22,2033.24
2024-02-07 19:00:00,2033.15,2044.6,2030.55,2042.47
2024-02-07 23:00:00,2042.5,2043.25,2033.98,2034.81
2024-02-08 03:00:00,2034.83,2035.84,2033.73,2034.96
2024-02-08 07:00:00,2034.78,2038.7,2034.6,2036.15
2024-02-08 11:00:00,2036.16,2036.57,2031.2,2033.28
2024-02-08 15:00:00,2033.24,2038.48,2028.94,2036.1
2024-02-08 19:00:00,2036.08,2036.29,2020.18,2028.35
2024-02-08 23:00:00,2028.6,2035.35,2027.6,2032.09
2024-02-09 03:00:00,2032.14,2034.39,2031.43,2034.31
2024-02-09 07:00:00,2034.78,2035.14,2032.0,2034.39
2024-02-09 11:00:00,2034.43,2034.84,2032.16,2033.91
2024-02-09 15:00:00,2033.95,2035.01,2030.56,2032.8
2024-02-09 19:00:00,2032.84,2037.2,2023.06,2025.25
2024-02-09 23:00:00,2025.24,2027.22,2020.31,2023.75
2024-02-10 03:00:00,2023.68,2026.22,2023.37,2024.03
2024-02-12 07:00:00,2025.28,2026.93,2022.2,2022.4
2024-02-12 11:00:00,2022.38,2024.65,2021.84,2024.27
2024-02-12 15:00:00,2024.22,2027.27,2020.02,2020.97
2024-02-12 19:00:00,2020.97,2027.58,2013.23,2014.96
2024-02-12 23:00:00,2014.94,2021.59,2011.89,2021.5
2024-02-13 03:00:00,2021.5,2021.55,2018.6,2019.95
2024-02-13 07:00:00,2019.79,2021.18,2018.27,2018.96
2024-02-13 11:00:00,2018.97,2024.1,2016.85,2023.69
2024-02-13 15:00:00,2023.7,2028.01,2023.47,2026.57
2024-02-13 19:00:00,2026.56,2032.26,1992.49,1995.73
2024-02-13 23:00:00,1995.81,1997.87,1990.06,1993.46
2024-02-14 03:00:00,1993.47,1993.76,1991.25,1992.96
2024-02-14 07:00:00,1993.16,1993.6,1988.87,1992.19
2024-02-14 11:00:00,1992.24,1993.36,1990.94,1992.28
2024-02-14 15:00:00,1992.18,1993.35,1985.98,1992.92
2024-02-14 19:00:00,1992.92,1993.27,1986.25,1987.43
2024-02-14 23:00:00,1987.55,1996.15,1984.24,1991.67
2024-02-15 03:00:00,1991.71,1992.9,1989.59,1992.19
2024-02-15 07:00:00,1992.51,1994.35,1992.11,1993.17
2024-02-15 11:00:00,1993.16,1993.39,1990.26,1993.29
2024-02-15 15:00:00,1993.28,1997.95,1992.22,1995.94
2024-02-15 19:00:00,1995.95,2008.25,1995.61,2003.77
2024-02-15 23:00:00,2003.7,2008.1,1998.45,2004.51
2024-02-16 03:00:00,2004.5,2006.45,2003.54,2004.35
2024-02-16 07:00:00,2004.4,2005.63,2002.35,2004.46
2024-02-16 11:00:00,2004.51,2004.81,2002.71,2003.79
2024-02-16 15:00:00,2003.7,2007.42,2003.38,2007.14
2024-02-16 19:00:00,2007.09,2008.02,1995.03,1997.86
2024-02-16 23:00:00,1997.93,2015.07,1997.07,2013.87
2024-02-17 03:00:00,2013.87,2015.12,2011.23,2013.54
2024-02-19 07:00:00,2014.39,2022.87,2010.42,2022.3
2024-02-19 11:00:00,2022.3,2022.54,2018.21,2021.47
2024-02-19 15:00:00,2021.36,2022.95,2018.19,2018.89
2024-02-19 19:00:00,2018.9,2019.56,2015.89,2017.32
2024-02-19 23:00:00,2017.31,2018.45,2013.21,2017.56
2024-02-20 03:00:00,2017.61,2018.17,2017.59,2017.76
2024-02-20 07:00:00,2017.42,2019.22,2014.99,2017.59
2024-02-20 11:00:00,2017.56,2020.81,2017.05,2019.41
2024-02-20 15:00:00,2019.42,2027.55,2018.91,2026.07
2024-02-20 19:00:00,2026.1,2030.9,2025.24,2028.07
2024-02-20 23:00:00,2028.09,2029.99,2025.6,2027.19
2024-02-21 03:00:00,2027.13,2027.65,2023.52,2024.24
2024-02-21 07:00:00,2024.09,2029.11,2022.91,2027.83
2024-02-21 11:00:00,2027.84,2032.17,2027.73,2029.97
2024-02-21 15:00:00,2029.99,2030.63,2025.95,2029.99
2024-02-21 19:00:00,2029.99,2031.52,2026.99,2027.56
2024-02-21 23:00:00,2027.52,2030.23,2021.48,2021.74
2024-02-22 03:00:00,2021.77,2027.0,2020.01,2025.86
2024-02-22 07:00:00,2025.73,2028.52,2025.0,2027.77
2024-02-22 11:00:00,2027.73,2030.6,2025.5,2029.25
2024-02-22 15:00:00,2029.34,2034.92,2028.51,2029.43
2024-02-22 19:00:00,2029.45,2029.88,2021.88,2024.87
2024-02-22 23:00:00,2024.91,2025.32,2019.61,2022.67
2024-02-23 03:00:00,2022.71,2024.96,2022.15,2024.34
2024-02-23 07:00:00,2024.19,2027.35,2022.75,2024.31
2024-02-23 11:00:00,2024.31,2026.47,2018.19,2020.88
2024-02-23 15:00:00,2020.92,2023.29,2016.07,2022.95
2024-02-23 19:00:00,2022.93,2029.23,2022.06,2027.51
2024-02-23 23:00:00,2027.5,2041.32,2025.65,2040.44
2024-02-24 03:00:00,2040.39,2040.48,2035.05,2035.7
2024-02-26 07:00:00,2032.99,2034.89,2029.86,2030.86
2024-02-26 11:00:00,2030.94,2034.26,2030.67,2032.68
2024-02-26 15:00:00,2032.69,2036.96,2031.71,2032.2
2024-02-26 19:00:00,2032.13,2034.46,2025.66,2027.54
2024-02-26 23:00:00,2027.54,2030.13,2025.03,2029.28
2024-02-27 03:00:00,2029.3,2033.63,2028.56,2031.05
2024-02-27 07:00:00,2031.27,2034.47,2030.54,2032.71
2024-02-27 11:00:00,2032.8,2034.95,2032.31,2033.51
2024-02-27 15:00:00,2033.49,2039.45,2033.31,2036.45
2024-02-27 19:00:00,2036.51,2039.13,2033.57,2034.8
2024-02-27 23:00:00,2034.8,2037.33,2029.68,2032.34
2024-02-28 03:00:00,2032.36,2032.43,2028.77,2030.27
2024-02-28 07:00:00,2030.06,2033.72,2029.04,2030.97
2024-02-28 11:00:00,2030.97,2032.06,2028.62,2029.3
2024-02-28 15:00:00,2029.3,2029.33,2024.47,2027.32
2024-02-28 19:00:00,2027.24,2037.86,2026.72,2031.71
2024-02-28 23:00:00,2031.71,2035.58,2030.41,2031.52
2024-02-29 03:00:00,2031.5,2035.25,2030.86,2034.33
2024-02-29 07:00:00,2034.32,2037.08,2033.91,2036.56
2024-02-29 11:00:00,2036.57,2037.05,2034.37,2036.84
2024-02-29 15:00:00,2036.79,2037.82,2030.5,2030.78
2024-02-29 19:00:00,2030.78,2050.32,2028.05,2047.74
2024-02-29 23:00:00,2048.1,2050.69,2043.3,2046.27
2024-03-01 03:00:00,2046.33,2046.86,2042.86,2044.06
2024-03-01 07:00:00,2043.72,2045.89,2042.82,2045.39
2024-03-01 11:00:00,2045.39,2048.12,2043.37,2046.75
2024-03-01 15:00:00,2046.72,2055.06,2039.04,2054.85
2024-03-01 19:00:00,2054.88,2057.45,2045.57,2046.35
2024-03-01 23:00:00,2050.32,2088.28,2049.67,2085.67
2024-03-02 03:00:00,2085.67,2086.72,2082.8,2083.39
2024-03-04 07:00:00,2082.79,2086.16,2079.45,2081.54
2024-03-04 11:00:00,2081.58,2083.99,2080.3,2083.54
2024-03-04 15:00:00,2083.61,2088.26,2082.58,2083.91
2024-03-04 19:00:00,2083.91,2101.42,2081.17,2100.78
2024-03-04 23:00:00,2100.68,2119.87,2097.58,2115.31
2024-03-05 03:00:00,2115.36,2118.5,2113.31,2114.26
2024-03-05 07:00:00,2114.01,2116.81,2110.43,2112.28
2024-03-05 11:00:00,2112.27,2119.68,2111.26,2117.24
2024-03-05 15:00:00,2117.22,2127.31,2113.96,2123.64
2024-03-05 19:00:00,2123.64,2141.73,2121.17,2128.15
2024-03-05 23:00:00,2129.57,2139.54,2123.71,2130.73
2024-03-06 03:00:00,2130.81,2134.72,2127.08,2127.82
2024-03-06 07:00:00,2127.34,2128.43,2123.87,2126.37
2024-03-06 11:00:00,2126.38,2127.95,2123.66,2127.28
2024-03-06 15:00:00,2127.35,2131.53,2124.34,2125.61
2024-03-06 19:00:00,2125.62,2149.18,2125.58,2144.59
2024-03-06 23:00:00,2144.6,2152.18,2131.91,2147.14
2024-03-07 03:00:00,2147.1,2149.34,2139.45,2147.91
2024-03-07 07:00:00,2148.05,2152.08,2144.23,2150.72
2024-03-07 11:00:00,2150.65,2161.32,2149.64,2155.42
2024-03-07 15:00:00,2155.51,2159.74,2152.21,2157.66
2024-03-07 19:00:00,2157.67,2164.67,2147.97,2154.06
2024-03-07 23:00:00,2153.99,2159.29,2149.29,2157.07
2024-03-08 03:00:00,2157.16,2160.89,2156.14,2159.9
2024-03-08 07:00:00,2158.9,2163.54,2155.02,2155.33
2024-03-08 11:00:00,2155.34,2161.98,2154.02,2161.14
2024-03-08 15:00:00,2161.2,2171.07,2158.99,2168.49
2024-03-08 19:00:00,2168.5,2185.4,2156.12,2170.8
2024-03-08 23:00:00,2170.81,2195.11,2167.86,2174.33
2024-03-09 03:00:00,2174.38,2178.75,2168.32,2178.65
2024-03-11 06:00:00,2180.8,2189.01,2177.21,2180.21
2024-03-11 10:00:00,2180.23,2181.66,2176.83,2177.98
2024-03-11 14:00:00,2178.16,2183.11,2175.73,2180.47
2024-03-11 18:00:00,2180.41,2185.06,2174.79,2181.75
2024-03-11 22:00:00,2181.76,2185.67,2175.63,2179.66
2024-03-12 02:00:00,2179.75,2184.15,2177.18,2182.71
2024-03-12 06:00:00,2182.02,2184.73,2179.92,2182.79
2024-03-12 10:00:00,2182.79,2182.89,2174.19,2176.21
2024-03-12 14:00:00,2176.2,2179.07,2173.65,2176.97
2024-03-12 18:00:00,2176.97,2182.04,2156.16,2160.42
2024-03-12 22:00:00,2160.5,2166.57,2152.58,2154.99
2024-03-13 02:00:00,2154.99,2159.0,2150.6,2158.14
2024-03-13 06:00:00,2158.56,2161.47,2155.81,2158.63
2024-03-13 10:00:00,2158.6,2161.51,2157.23,2160.13
2024-03-13 14:00:00,2160.11,2161.52,2157.51,2158.48
2024-03-13 18:00:00,2158.5,2171.54,2158.06,2166.01
2024-03-13 22:00:00,2166.02,2179.81,2163.49,2174.46
2024-03-14 02:00:00,2174.51,2176.49,2171.72,2174.23
2024-03-14 06:00:00,2174.99,2176.96,2172.66,2174.71
2024-03-14 10:00:00,2174.71,2175.38,2168.6,2168.79
2024-03-14 14:00:00,2168.89,2171.98,2167.39,2170.0
2024-03-14 18:00:00,2170.0,2170.84,2158.47,2162.46
2024-03-14 22:00:00,2162.33,2164.98,2152.72,2160.17
2024-03-15 02:00:00,2160.22,2163.86,2160.16,2162.15
2024-03-15 06:00:00,2162.14,2165.9,2160.6,2162.64
2024-03-15 10:00:00,2162.65,2169.19,2161.54,2169.11
2024-03-15 14:00:00,2169.13,2172.66,2165.24,2171.81
2024-03-15 18:00:00,2171.83,2172.62,2156.46,2160.05
2024-03-15 22:00:00,2160.08,2166.66,2155.17,2156.77
2024-03-16 02:00:00,2156.81,2160.27,2155.4,2156.1
2024-03-18 06:00:00,2152.4,2157.52,2150.17,2152.3
2024-03-18 10:00:00,2152.33,2153.47,2146.08,2147.04
2024-03-18 14:00:00,2147.04,2155.87,2146.7,2154.84
2024-03-18 18:00:00,2154.89,2163.52,2154.63,2156.7
2024-03-18 22:00:00,2156.67,2161.32,2154.58,2159.94
2024-03-19 02:00:00,2159.94,2160.98,2159.1,2160.34
2024-03-19 06:00:00,2160.17,2162.78,2158.54,2160.49
2024-03-19 10:00:00,2160.49,2162.76,2157.04,2157.63
2024-03-19 14:00:00,2157.59,2157.75,2147.07,2153.24
2024-03-19 18:00:00,2153.26,2158.65,2150.39,2151.17
2024-03-19 22:00:00,2151.23,2157.33,2148.36,2156.86
2024-03-20 02:00:00,2156.86,2158.49,2155.46,2157.58
2024-03-20 06:00:00,2157.82,2160.0,2155.2,2158.66
2024-03-20 10:00:00,2158.64,2160.18,2156.54,2157.41
2024-03-20 14:00:00,2157.39,2159.46,2153.07,2154.71
2024-03-20 18:00:00,2154.63,2158.64,2149.57,2157.89
2024-03-20 22:00:00,2157.87,2164.83,2154.6,2156.83
2024-03-21 02:00:00,2156.69,2188.77,2156.34,2186.2
2024-03-21 06:00:00,2186.42,2222.68,2185.72,2204.82
2024-03-21 10:00:00,2204.81,2206.27,2201.71,2204.89
2024-03-21 14:00:00,2204.81,2210.18,2196.84,2205.37
2024-03-21 18:00:00,2205.36,2211.72,2191.56,2191.77
2024-03-21 22:00:00,2191.48,2191.87,2166.38,2180.86
2024-03-22 02:00:00,2180.87,2184.03,2180.28,2181.29
2024-03-22 06:00:00,2181.08,2186.04,2172.68,2173.42
2024-03-22 10:00:00,2173.45,2177.09,2171.79,2174.22
2024-03-22 14:00:00,2174.21,2176.27,2162.56,2166.62
2024-03-22 18:00:00,2166.64,2180.09,2165.2,2178.09
2024-03-22 22:00:00,2178.17,2179.86,2157.09,2159.12
2024-03-23 02:00:00,2159.14,2167.19,2158.71,2165.47
2024-03-25 06:00:00,2165.38,2176.9,2163.97,2175.16
2024-03-25 10:00:00,2175.15,2178.31,2167.78,2169.8
2024-03-25 14:00:00,2169.83,2170.54,2163.51,2168.41
2024-03-25 18:00:00,2168.42,2181.29,2167.6,2177.12
2024-03-25 22:00:00,2177.14,2180.49,2174.24,2174.7
2024-03-26 02:00:00,2174.68,2174.69,2170.69,2171.64
2024-03-26 06:00:00,2171.71,2174.5,2167.62,2169.44
2024-03-26 10:00:00,2169.54,2173.42,2169.29,2172.91
2024-03-26 14:00:00,2172.92,2195.11,2169.6,2190.88
2024-03-26 18:00:00,2190.87,2199.97,2178.29,2183.0
2024-03-26 22:00:00,2183.32,2186.26,2171.67,2176.78
2024-03-27 02:00:00,2176.74,2178.62,2174.66,2178.62
2024-03-27 06:00:00,2177.63,2180.31,2173.14,2175.14
2024-03-27 10:00:00,2175.14,2181.62,2174.74,2176.96
2024-03-27 14:00:00,2176.94,2193.83,2176.48,2189.24
2024-03-27 18:00:00,2189.16,2197.59,2183.55,2193.37
2024-03-27 22:00:00,2193.39,2195.26,2188.29,2190.37
2024-03-28 02:00:00,2190.42,2195.19,2189.05,2194.84
2024-03-28 06:00:00,2191.12,2193.88,2187.34,2189.36
2024-03-28 10:00:00,2189.43,2200.62,2189.08,2197.24
2024-03-28 14:00:00,2197.2,2198.92,2190.86,2197.81
2024-03-28 18:00:00,2197.85,2217.15,2197.15,2206.62
2024-03-28 22:00:00,2206.68,2225.51,2204.26,2221.97
2024-03-29 02:00:00,2221.9,2236.16,2217.93,2232.79
2024-04-01 06:00:00,2240.09,2259.59,2234.68,2255.77
2024-04-01 10:00:00,2255.82,2265.62,2254.95,2261.61
2024-04-01 14:00:00,2261.57,2263.13,2249.24,2251.72
2024-04-01 18:00:00,2251.72,2257.87,2239.11,2246.3
2024-04-01 22:00:00,2246.33,2246.33,2228.47,2239.11
2024-04-02 02:00:00,2239.1,2251.35,2238.09,2251.28
2024-04-02 06:00:00,2250.97,2255.83,2246.7,2248.96
2024-04-02 10:00:00,2248.93,2259.87,2247.78,2253.55
2024-04-02 14:00:00,2253.55,2266.81,2252.35,2260.66
2024-04-02 18:00:00,2260.67,2266.82,2253.31,2265.25
2024-04-02 22:00:00,2265.16,2276.96,2250.75,2265.94
2024-04-03 02:00:00,2265.92,2281.0,2265.5,2280.47
2024-04-03 06:00:00,2280.93,2288.28,2276.75,2282.56
2024-04-03 10:00:00,2282.54,2287.92,2280.96,2285.96
2024-04-03 14:00:00,2285.99,2285.99,2267.7,2272.0
2024-04-03 18:00:00,2272.03,2278.83,2265.4,2274.8
2024-04-03 22:00:00,2274.93,2295.53,2274.16,2295.05
2024-04-04 02:00:00,2294.93,2301.17,2293.88,2299.61
2024-04-04 06:00:00,2299.71,2304.79,2296.32,2301.04
2024-04-04 10:00:00,2301.09,2302.11,2294.99,2295.27
2024-04-04 14:00:00,2295.32,2298.15,2290.82,2293.26
2024-04-04 18:00:00,2293.31,2295.21,2282.73,2287.58
2024-04-04 22:00:00,2287.57,2299.35,2286.37,2294.03
2024-04-05 02:00:00,2294.0,2305.61,2279.68,2290.93
2024-04-05 06:00:00,2291.01,2293.33,2267.77,2271.83
2024-04-05 10:00:00,2271.71,2282.26,2270.82,2279.78
2024-04-05 14:00:00,2279.77,2293.57,2276.58,2291.03
2024-04-05 18:00:00,2291.02,2303.66,2280.25,2299.8
2024-04-05 22:00:00,2299.75,2330.47,2295.88,2326.21
2024-04-06 02:00:00,2326.22,2329.93,2320.63,2328.38
2024-04-08 06:00:00,2322.14,2328.27,2302.89,2324.18
2024-04-08 10:00:00,2324.14,2353.83,2321.69,2334.56
2024-04-08 14:00:00,2334.69,2341.43,2331.78,2337.59
2024-04-08 18:00:00,2337.58,2343.5,2322.67,2327.38
2024-04-08 22:00:00,2327.43,2339.28,2318.7,2338.02
2024-04-09 02:00:00,2338.07,2342.05,2337.04,2338.99
2024-04-09 06:00:00,2337.97,2348.41,2336.82,2339.96
2024-04-09 10:00:00,2339.84,2348.0,2338.42,2345.09
2024-04-09 14:00:00,2345.1,2365.34,2343.09,2363.23
2024-04-09 18:00:00,2363.23,2364.22,2345.72,2355.41
2024-04-09 22:00:00,2355.25,2364.29,2338.27,2347.33
2024-04-10 02:00:00,2347.34,2354.62,2345.28,2352.42
2024-04-10 06:00:00,2352.83,2355.58,2344.72,2349.41
2024-04-10 10:00:00,2349.47,2360.05,2348.9,2357.39
2024-04-10 14:00:00,2357.6,2359.94,2344.92,2347.67
2024-04-10 18:00:00,2347.61,2350.76,2319.41,2333.97
2024-04-10 22:00:00,2334.25,2352.35,2325.81,2337.65
2024-04-11 02:00:00,2337.65,2340.95,2326.19,2333.53
2024-04-11 06:00:00,2332.86,2342.24,2332.79,2340.68
2024-04-11 10:00:00,2340.52,2346.82,2338.9,2341.91
2024-04-11 14:00:00,2341.9,2342.15,2325.62,2330.79
2024-04-11 18:00:00,2330.77,2347.46,2330.69,2343.31
2024-04-11 22:00:00,2343.33,2357.23,2332.35,2356.3
2024-04-12 02:00:00,2356.33,2377.68,2355.75,2372.31
2024-04-12 06:00:00,2371.25,2391.4,2371.25,2390.75
2024-04-12 10:00:00,2390.66,2395.36,2382.8,2387.43
2024-04-12 14:00:00,2387.3,2400.55,2384.69,2398.1
2024-04-12 18:00:00,2398.14,2406.53,2390.43,2404.05
2024-04-12 22:00:00,2404.21,2431.47,2346.4,2355.1
2024-04-13 02:00:00,2354.94,2356.66,2333.79,2344.72
2024-04-15 06:00:00,2362.4,2372.4,2346.82,2355.61
2024-04-15 10:00:00,2355.64,2364.62,2351.99,2361.11
2024-04-15 14:00:00,2361.01,2361.5,2344.7,2349.69
2024-04-15 18:00:00,2349.74,2361.23,2343.12,2348.67
2024-04-15 22:00:00,2348.57,2370.64,2324.22,2365.51
2024-04-16 02:00:00,2365.51,2387.62,2363.73,2383.2
2024-04-16 06:00:00,2380.74,2392.11,2379.23,2383.72
2024-04-16 10:00:00,2383.83,2389.34,2379.49,2386.39
2024-04-16 14:00:00,2386.34,2388.13,2363.02,2372.3
2024-04-16 18:00:00,2372.32,2379.3,2365.31,2366.25
2024-04-16 22:00:00,2366.14,2398.32,2363.54,2384.63
2024-04-17 02:00:00,2384.76,2396.47,2378.39,2382.61
2024-04-17 06:00:00,2383.05,2386.9,2380.8,2384.63
2024-04-17 10:00:00,2384.63,2386.24,2374.22,2377.54
2024-04-17 14:00:00,2377.52,2394.32,2372.64,2392.11
2024-04-17 18:00:00,2392.14,2395.19,2378.38,2393.36
2024-04-17 22:00:00,2393.38,2395.59,2361.05,2372.21
2024-04-18 02:00:00,2372.5,2379.1,2354.38,2361.11
2024-04-18 06:00:00,2363.33,2372.04,2363.21,2367.3
2024-04-18 10:00:00,2367.29,2377.1,2366.67,2376.75
2024-04-18 14:00:00,2376.86,2381.01,2374.98,2379.61
2024-04-18 18:00:00,2379.61,2392.78,2375.41,2379.7
2024-04-18 22:00:00,2379.45,2389.35,2369.53,2384.87
2024-04-19 02:00:00,2384.81,2385.15,2376.87,2378.91
2024-04-19 06:00:00,2378.46,2417.81,2373.76,2409.34
2024-04-19 10:00:00,2409.47,2414.74,2379.4,2381.26
2024-04-19 14:00:00,2381.24,2393.87,2378.0,2380.99
2024-04-19 18:00:00,2380.85,2386.85,2372.84,2378.62
2024-04-19 22:00:00,2378.66,2401.93,2378.58,2393.65
2024-04-20 02:00:00,2393.77,2398.23,2386.64,2390.52
2024-04-22 06:00:00,2386.32,2388.44,2376.05,2378.06
2024-04-22 10:00:00,2378.06,2378.1,2360.87,2365.48
2024-04-22 14:00:00,2365.34,2367.04,2351.44,2361.28
2024-04-22 18:00:00,2361.21,2361.46,2331.16,2338.54
2024-04-22 22:00:00,2338.39,2343.81,2328.92,2329.98
2024-04-23 02:00:00,2329.99,2331.67,2324.85,2327.11
2024-04-23 06:00:00,2328.58,2334.44,2295.53,2298.93
2024-04-23 10:00:00,2298.89,2314.68,2298.3,2308.24
2024-04-23 14:00:00,2308.22,2311.3,2291.31,2295.68
2024-04-23 18:00:00,2295.67,2330.75,2295.35,2329.38
2024-04-23 22:00:00,2329.44,2332.16,2314.52,2326.33
2024-04-24 02:00:00,2326.41,2329.76,2321.24,2322.1
2024-04-24 06:00:00,2321.82,2324.29,2316.11,2318.27
2024-04-24 10:00:00,2318.29,2330.1,2315.76,2328.85
2024-04-24 14:00:00,2328.85,2331.32,2311.77,2314.99
2024-04-24 18:00:00,2314.96,2326.04,2312.12,2321.29
2024-04-24 22:00:00,2321.44,2337.29,2316.89,2324.4
2024-04-25 02:00:00,2324.47,2324.72,2313.62,2315.93
2024-04-25 06:00:00,2315.78,2320.68,2315.02,2319.19
2024-04-25 10:00:00,2319.19,2322.1,2304.81,2319.56
2024-04-25 14:00:00,2319.68,2328.88,2317.73,2324.92
2024-04-25 18:00:00,2324.96,2334.71,2312.75,2318.94
2024-04-25 22:00:00,2319.04,2344.86,2316.97,2332.21
2024-04-26 02:00:00,2332.25,2336.47,2330.67,2332.4
2024-04-26 06:00:00,2331.97,2333.37,2326.25,2332.14
2024-04-26 10:00:00,2332.14,2338.54,2331.12,2337.75
2024-04-26 14:00:00,2337.84,2352.59,2337.31,2349.33
2024-04-26 18:00:00,2349.37,2351.59,2336.84,2341.21
2024-04-26 22:00:00,2341.24,2345.27,2328.69,2338.56
2024-04-27 02:00:00,2338.62,2341.43,2336.11,2337.43
2024-04-29 06:00:00,2335.52,2336.97,2319.88,2331.03
2024-04-29 10:00:00,2331.05,2336.53,2323.58,2330.46
2024-04-29 14:00:00,2330.49,2344.41,2327.47,2343.23
2024-04-29 18:00:00,2343.23,2344.17,2325.56,2333.96
2024-04-29 22:00:00,2334.0,2346.71,2332.81,2342.18
2024-04-30 02:00:00,2342.18,2343.88,2332.97,2335.41
2024-04-30 06:00:00,2334.34,2336.21,2331.72,2333.96
2024-04-30 10:00:00,2334.06,2334.53,2321.67,2322.9
2024-04-30 14:00:00,2322.9,2323.57,2310.68,2314.82
2024-04-30 18:00:00,2314.81,2317.92,2302.83,2307.46
2024-04-30 22:00:00,2307.31,2310.53,2291.56,2295.9
2024-05-01 02:00:00,2295.9,2297.51,2285.12,2286.14
2024-05-01 06:00:00,2286.7,2293.16,2285.75,2287.94
2024-05-01 10:00:00,2287.94,2288.64,2281.62,2287.49
2024-05-01 14:00:00,2287.39,2293.12,2283.48,2291.9
2024-05-01 18:00:00,2292.04,2303.44,2289.12,2302.63
2024-05-01 22:00:00,2304.98,2310.48,2297.42,2299.36
2024-05-02 02:00:00,2295.54,2328.28,2295.52,2319.32
2024-05-02 06:00:00,2319.1,2326.5,2317.02,2324.14
2024-05-02 10:00:00,2324.12,2325.59,2312.97,2315.0
2024-05-02 14:00:00,2315.0,2319.08,2298.86,2301.86
2024-05-02 18:00:00,2301.83,2304.46,2285.43,2291.52
2024-05-02 22:00:00,2291.74,2308.54,2287.68,2308.07
2024-05-03 02:00:00,2308.07,2309.47,2300.69,2303.66
2024-05-03 06:00:00,2303.81,2306.37,2300.38,2302.58
2024-05-03 10:00:00,2302.46,2308.75,2299.89,2306.06
2024-05-03 14:00:00,2306.07,2306.41,2297.76,2301.51
2024-05-03 18:00:00,2301.5,2320.55,2277.09,2289.39
2024-05-03 22:00:00,2300.88,2303.17,2283.2,2302.06
2024-05-04 02:00:00,2302.1,2303.41,2296.06,2301.88
2024-05-06 06:00:00,2303.02,2309.11,2291.83,2308.36
2024-05-06 10:00:00,2308.37,2315.35,2307.52,2313.44
2024-05-06 14:00:00,2313.52,2324.21,2311.78,2321.12
2024-05-06 18:00:00,2321.12,2331.99,2314.56,2327.92
2024-05-06 22:00:00,2328.03,2330.61,2317.67,2324.65
2024-05-07 02:00:00,2324.67,2328.82,2323.52,2323.91
2024-05-07 06:00:00,2324.13,2329.98,2322.22,2322.78
2024-05-07 10:00:00,2322.79,2325.12,2319.68,2321.55
2024-05-07 14:00:00,2321.44,2322.0,2311.69,2313.8
2024-05-07 18:00:00,2313.76,2323.72,2309.92,2318.44
2024-05-07 22:00:00,2318.47,2322.46,2311.05,2314.27
2024-05-08 02:00:00,2314.09,2315.63,2311.85,2313.97
2024-05-08 06:00:00,2313.74,2316.84,2307.02,2307.76
2024-05-08 10:00:00,2307.74,2321.44,2307.29,2317.72
2024-05-08 14:00:00,2317.64,2318.89,2303.63,2310.81
2024-05-08 18:00:00,2310.86,2319.04,2306.78,2310.05
2024-05-08 22:00:00,2310.06,2321.09,2309.03,2313.83
2024-05-09 02:00:00,2313.81,2313.85,2307.83,2308.79
2024-05-09 06:00:00,2308.1,2312.29,2307.85,2309.9
2024-05-09 10:00:00,2309.87,2319.76,2307.89,2316.66
2024-05-09 14:00:00,2316.53,2317.02,2306.57,2307.61
2024-05-09 18:00:00,2307.58,2329.33,2307.32,2324.36
2024-05-09 22:00:00,2324.32,2338.79,2323.35,2334.85
2024-05-10 02:00:00,2334.82,2347.2,2333.83,2345.97
2024-05-10 06:00:00,2345.94,2355.86,2345.22,2350.32
2024-05-10 10:00:00,2350.31,2358.82,2347.14,2357.16
2024-05-10 14:00:00,2357.08,2375.4,2355.99,2372.53
2024-05-10 18:00:00,2372.54,2378.39,2360.19,2367.22
2024-05-10 22:00:00,2367.07,2372.98,2356.58,2369.62
2024-05-11 02:00:00,2369.7,2370.94,2359.7,2360.82
2024-05-13 06:00:00,2360.49,2364.46,2354.73,2359.17
2024-05-13 10:00:00,2359.19,2359.86,2351.26,2352.67
2024-05-13 14:00:00,2352.69,2354.41,2338.94,2340.19
2024-05-13 18:00:00,2340.15,2349.8,2338.25,2344.13
2024-05-13 22:00:00,2344.08,2346.05,2331.89,2335.9
2024-05-14 02:00:00,2336.03,2338.44,2335.19,2336.27
2024-05-14 06:00:00,2336.24,2342.09,2334.81,2342.0
2024-05-14 10:00:00,2342.02,2345.91,2339.89,2344.68
2024-05-14 14:00:00,2344.66,2348.23,2336.05,2345.87
2024-05-14 18:00:00,2345.91,2355.08,2336.24,2353.9
2024-05-14 22:00:00,2353.81,2356.86,2346.31,2355.89
2024-05-15 02:00:00,2355.87,2359.68,2355.05,2357.84
2024-05-15 06:00:00,2357.2,2359.03,2354.89,2357.41
2024-05-15 10:00:00,2357.38,2360.95,2355.67,2358.55
2024-05-15 14:00:00,2358.5,2374.3,2356.86,2369.26
2024-05-15 18:00:00,2369.32,2378.74,2351.8,2358.08
2024-05-15 22:00:00,2358.06,2390.19,2353.77,2389.16
2024-05-16 02:00:00,2389.18,2389.37,2383.56,2385.78
2024-05-16 06:00:00,2385.57,2397.37,2385.47,2391.57
2024-05-16 10:00:00,2391.57,2394.54,2386.54,2390.21
2024-05-16 14:00:00,2390.2,2391.41,2383.67,2385.42
2024-05-16 18:00:00,2385.41,2386.61,2371.66,2375.12
2024-05-16 22:00:00,2374.82,2383.78,2370.77,2381.41
2024-05-17 02:00:00,2381.45,2382.01,2375.85,2376.65
2024-05-17 06:00:00,2377.48,2379.72,2376.09,2378.11
2024-05-17 10:00:00,2378.3,2382.4,2373.94,2381.32
2024-05-17 14:00:00,2381.29,2387.79,2380.88,2382.53
2024-05-17 18:00:00,2382.5,2405.11,2381.82,2401.59
2024-05-17 22:00:00,2401.54,2419.11,2398.74,2414.2
2024-05-18 02:00:00,2414.31,2422.68,2411.5,2414.36
2024-05-20 06:00:00,2419.4,2440.57,2416.5,2434.64
2024-05-20 10:00:00,2434.82,2450.04,2428.78,2449.52
2024-05-20 14:00:00,2449.68,2449.73,2431.74,2441.65
2024-05-20 18:00:00,2441.7,2442.99,2407.31,2420.18
2024-05-20 22:00:00,2420.25,2436.68,2414.71,2435.36
2024-05-21 02:00:00,2435.34,2437.36,2423.3,2426.27
2024-05-21 06:00:00,2427.25,2433.03,2419.54,2420.39
2024-05-21 10:00:00,2420.37,2422.58,2406.04,2416.4
2024-05-21 14:00:00,2416.48,2422.12,2408.38,2416.32
2024-05-21 18:00:00,2416.27,2431.49,2414.92,2427.71
2024-05-21 22:00:00,2427.74,2433.88,2417.87,2419.89
2024-05-22 02:00:00,2419.87,2424.99,2417.31,2420.83
2024-05-22 06:00:00,2420.87,2423.33,2419.3,2421.96
2024-05-22 10:00:00,2421.98,2426.5,2411.45,2417.07
2024-05-22 14:00:00,2417.04,2418.49,2410.62,2417.28
2024-05-22 18:00:00,2417.34,2419.38,2404.64,2410.54
2024-05-22 22:00:00,2410.49,2411.05,2382.2,2388.2
2024-05-23 02:00:00,2388.19,2390.71,2374.91,2378.58
2024-05-23 06:00:00,2378.19,2383.68,2366.7,2373.06
2024-05-23 10:00:00,2373.02,2375.67,2358.0,2359.92
2024-05-23 14:00:00,2359.93,2367.13,2354.87,2364.07
2024-05-23 18:00:00,2364.16,2369.85,2350.52,2358.69
2024-05-23 22:00:00,2358.59,2363.87,2331.87,2332.18
2024-05-24 02:00:00,2332.24,2336.4,2326.91,2328.45
2024-05-24 06:00:00,2328.73,2335.19,2326.56,2333.87
2024-05-24 10:00:00,2333.87,2339.31,2325.36,2338.51
2024-05-24 14:00:00,2338.59,2343.24,2335.19,2337.57
2024-05-24 18:00:00,2337.55,2347.41,2335.11,2337.04
2024-05-24 22:00:00,2337.74,2343.2,2331.93,2332.66
2024-05-25 02:00:00,2332.67,2336.74,2331.88,2333.79
2024-05-27 06:00:00,2335.64,2340.71,2332.26,2339.67
2024-05-27 10:00:00,2339.64,2347.55,2338.76,2343.74
2024-05-27 14:00:00,2343.73,2346.19,2338.1,2343.27
2024-05-27 18:00:00,2343.29,2356.97,2342.32,2354.91
2024-05-27 22:00:00,2354.96,2358.5,2352.09,2355.05
2024-05-28 02:00:00,2355.03,2355.13,2350.71,2350.99
2024-05-28 06:00:00,2351.71,2356.34,2349.17,2354.75
2024-05-28 10:00:00,2354.77,2355.88,2349.64,2350.43
2024-05-28 14:00:00,2350.41,2350.41,2340.3,2343.88
2024-05-28 18:00:00,2343.88,2364.04,2343.18,2354.94
2024-05-28 22:00:00,2354.89,2362.19,2347.93,2356.91
2024-05-29 02:00:00,2356.86,2361.35,2352.8,2361.13
2024-05-29 06:00:00,2362.0,2362.49,2355.64,2356.48
2024-05-29 10:00:00,2356.42,2361.31,2354.41,2356.74
2024-05-29 14:00:00,2356.71,2356.75,2340.72,2345.8
2024-05-29 18:00:00,2345.68,2347.3,2334.32,2345.67
2024-05-29 22:00:00,2345.66,2346.47,2336.03,2343.66
2024-05-30 02:00:00,2343.64,2344.27,2335.99,2338.02
2024-05-30 06:00:00,2338.07,2339.86,2332.8,2334.08
2024-05-30 10:00:00,2334.03,2337.09,2322.58,2325.03
2024-05-30 14:00:00,2325.02,2337.96,2324.07,2333.16
2024-05-30 18:00:00,2333.16,2348.69,2330.57,2348.69
2024-05-30 22:00:00,2348.77,2351.84,2340.88,2344.44
2024-05-31 02:00:00,2344.34,2344.56,2339.85,2342.95
2024-05-31 06:00:00,2344.31,2347.68,2342.03,2346.56
2024-05-31 10:00:00,2346.55,2347.71,2336.83,2342.39
2024-05-31 14:00:00,2342.29,2347.06,2339.67,2342.11
2024-05-31 18:00:00,2342.01,2359.65,2341.52,2348.12
2024-05-31 22:00:00,2348.22,2349.02,2323.93,2325.96
2024-06-01 02:00:00,2325.96,2330.56,2320.59,2327.51
2024-06-03 06:00:00,2327.51,2331.01,2323.27,2330.77
2024-06-03 10:00:00,2330.76,2330.95,2315.25,2320.14
2024-06-03 14:00:00,2320.12,2328.83,2314.7,2327.72
2024-06-03 18:00:00,2327.73,2336.73,2325.69,2333.56
2024-06-03 22:00:00,2333.48,2354.7,2333.48,2348.4
2024-06-04 02:00:00,2348.44,2351.03,2344.7,2350.6
2024-06-04 06:00:00,2351.9,2352.79,2343.01,2347.05
2024-06-04 10:00:00,2347.07,2349.87,2344.12,2347.73
2024-06-04 14:00:00,2347.74,2351.82,2326.68,2329.88
2024-06-04 18:00:00,2329.94,2337.95,2321.92,2324.34
2024-06-04 22:00:00,2324.01,2332.41,2315.56,2328.79
2024-06-05 02:00:00,2328.81,2329.77,2326.0,2326.82
2024-06-05 06:00:00,2327.27,2330.91,2325.86,2330.49
2024-06-05 10:00:00,2330.53,2341.64,2329.92,2337.31
2024-06-05 14:00:00,2337.3,2338.41,2328.05,2332.32
2024-06-05 18:00:00,2332.31,2345.93,2329.45,2344.83
2024-06-05 22:00:00,2345.41,2357.39,2329.15,2355.06
2024-06-06 02:00:00,2355.07,2356.76,2352.65,2355.12
2024-06-06 06:00:00,2356.91,2373.21,2354.53,2367.43
2024-06-06 10:00:00,2367.44,2374.94,2365.12,2367.74
2024-06-06 14:00:00,2367.75,2368.38,2358.51,2361.56
2024-06-06 18:00:00,2361.55,2367.01,2353.32,2360.52
2024-06-06 22:00:00,2360.55,2378.48,2358.24,2373.13
2024-06-07 02:00:00,2373.12,2376.08,2368.95,2375.72
2024-06-07 06:00:00,2376.81,2380.01,2370.16,2371.03
2024-06-07 10:00:00,2371.0,2387.67,2369.39,2375.96
2024-06-07 14:00:00,2375.9,2379.35,2337.41,2339.31
2024-06-07 18:00:00,2339.29,2339.35,2304.77,2309.47
2024-06-07 22:00:00,2309.51,2321.05,2302.98,2305.43
2024-06-08 02:00:00,2305.55,2307.17,2286.72,2293.04
2024-06-10 06:00:00,2294.49,2300.09,2289.17,2297.61
2024-06-10 10:00:00,2297.6,2301.21,2292.11,2295.66
2024-06-10 14:00:00,2295.75,2297.54,2287.6,2295.34
2024-06-10 18:00:00,2295.36,2308.7,2295.29,2305.66
2024-06-10 22:00:00,2305.71,2313.75,2301.15,2311.86
2024-06-11 02:00:00,2311.87,2312.26,2308.43,2310.87
2024-06-11 06:00:00,2311.81,2312.12,2301.6,2302.84
2024-06-11 10:00:00,2302.79,2304.45,2297.72,2299.58
2024-06-11 14:00:00,2299.6,2307.75,2298.69,2306.4
2024-06-11 18:00:00,2306.41,2319.94,2305.24,2314.7
2024-06-11 22:00:00,2314.49,2317.82,2305.86,2312.79
2024-06-12 02:00:00,2312.78,2316.95,2312.12,2316.81
2024-06-12 06:00:00,2316.53,2317.6,2310.75,2314.45
2024-06-12 10:00:00,2314.44,2316.64,2310.64,2314.99
2024-06-12 14:00:00,2315.0,2317.76,2310.81,2314.03
2024-06-12 18:00:00,2314.04,2341.6,2311.59,2329.79
2024-06-12 22:00:00,2329.79,2339.54,2320.07,2334.36
2024-06-13 02:00:00,2334.27,2334.28,2315.83,2324.86
2024-06-13 06:00:00,2324.3,2324.97,2308.11,2312.67
2024-06-13 10:00:00,2312.68,2316.33,2308.96,2311.65
2024-06-13 14:00:00,2311.57,2318.6,2311.19,2315.47
2024-06-13 18:00:00,2315.5,2326.67,2303.9,2310.69
2024-06-13 22:00:00,2310.65,2317.02,2295.55,2301.4
2024-06-14 02:00:00,2301.39,2304.93,2300.06,2303.82
2024-06-14 06:00:00,2302.99,2307.14,2301.49,2306.02
2024-06-14 10:00:00,2306.02,2311.58,2303.48,2309.84
2024-06-14 14:00:00,2309.82,2322.72,2307.39,2322.61
2024-06-14 18:00:00,2322.67,2336.63,2320.94,2330.23
2024-06-14 22:00:00,2330.15,2335.55,2324.03,2334.12
2024-06-15 02:00:00,2334.13,2335.41,2330.97,2332.69
2024-06-17 06:00:00,2332.69,2332.69,2322.73,2326.27
2024-06-17 10:00:00,2326.24,2326.24,2317.81,2318.56
2024-06-17 14:00:00,2318.48,2322.65,2315.46,2320.06
2024-06-17 18:00:00,2320.08,2326.29,2316.8,2320.95
2024-06-17 22:00:00,2320.86,2327.57,2309.87,2316.71
2024-06-18 02:00:00,2316.76,2320.75,2316.19,2319.05
2024-06-18 06:00:00,2320.03,2325.51,2319.18,2322.51
2024-06-18 10:00:00,2322.53,2325.65,2319.42,2322.19
2024-06-18 14:00:00,2322.19,2322.69,2310.71,2311.08
2024-06-18 18:00:00,2311.09,2327.75,2306.55,2326.73
2024-06-18 22:00:00,2326.71,2333.11,2318.72,2329.69
2024-06-19 02:00:00,2329.68,2331.47,2327.41,2329.33
2024-06-19 06:00:00,2329.67,2330.95,2326.48,2330.11
2024-06-19 10:00:00,2330.15,2331.71,2326.83,2329.28
2024-06-19 14:00:00,2329.29,2334.91,2327.7,2328.14
2024-06-19 18:00:00,2328.1,2332.83,2325.25,2328.17
2024-06-19 22:00:00,2328.04,2331.33,2323.73,2329.99
2024-06-20 02:00:00,2330.06,2330.08,2328.01,2328.09
2024-06-20 06:00:00,2329.97,2338.97,2327.73,2336.31
2024-06-20 10:00:00,2336.28,2344.87,2332.37,2340.24
2024-06-20 14:00:00,2340.29,2345.64,2331.59,2334.62
2024-06-20 18:00:00,2334.62,2349.43,2333.5,2349.28
2024-06-20 22:00:00,2349.28,2365.47,2348.92,2357.4
2024-06-21 02:00:00,2357.46,2361.0,2357.3,2360.01
2024-06-21 06:00:00,2360.22,2364.81,2357.07,2359.6
2024-06-21 10:00:00,2359.61,2365.59,2358.13,2364.57
2024-06-21 14:00:00,2364.49,2368.09,2355.12,2363.88
2024-06-21 18:00:00,2363.87,2368.69,2334.67,2340.46
2024-06-21 22:00:00,2340.44,2340.47,2316.67,2319.28
2024-06-22 02:00:00,2319.31,2323.36,2316.69,2321.36
2024-06-24 06:00:00,2318.53,2326.38,2317.68,2323.66
2024-06-24 10:00:00,2323.65,2327.26,2319.62,2325.12
2024-06-24 14:00:00,2325.11,2332.8,2320.53,2325.13
2024-06-24 18:00:00,2325.08,2333.89,2323.32,2328.03
2024-06-24 22:00:00,2327.91,2333.66,2326.85,2332.04
2024-06-25 02:00:00,2332.08,2334.69,2330.89,2334.38
2024-06-25 06:00:00,2333.94,2334.29,2323.14,2325.84
2024-06-25 10:00:00,2325.78,2330.1,2322.7,2324.96
2024-06-25 14:00:00,2325.01,2333.97,2322.92,2333.04
2024-06-25 18:00:00,2333.05,2337.08,2320.09,2325.65
2024-06-25 22:00:00,2325.47,2328.2,2315.45,2319.11
2024-06-26 02:00:00,2319.2,2320.6,2317.02,2319.46
2024-06-26 06:00:00,2319.33,2324.02,2310.52,2312.96
2024-06-26 10:00:00,2312.95,2321.63,2311.82,2312.07
2024-06-26 14:00:00,2312.08,2318.44,2309.67,2316.33
2024-06-26 18:00:00,2316.34,2317.81,2293.45,2296.39
2024-06-26 22:00:00,2296.23,2304.16,2295.31,2301.92
2024-06-27 02:00:00,2301.93,2302.09,2296.94,2298.1
2024-06-27 06:00:00,2297.96,2300.13,2296.78,2297.78
2024-06-27 10:00:00,2297.8,2301.11,2296.81,2297.5
2024-06-27 14:00:00,2297.57,2313.79,2296.47,2312.58
2024-06-27 18:00:00,2312.57,2325.44,2312.3,2323.33
2024-06-27 22:00:00,2323.27,2330.89,2322.62,2325.81
2024-06-28 02:00:00,2325.83,2328.5,2322.44,2327.43
2024-06-28 06:00:00,2327.66,2328.23,2319.05,2320.29
2024-06-28 10:00:00,2320.26,2327.01,2319.68,2325.7
2024-06-28 14:00:00,2325.65,2331.91,2324.78,2330.32
2024-06-28 18:00:00,2330.33,2339.69,2326.6,2330.33
2024-06-28 22:00:00,2330.33,2333.73,2322.88,2326.83
2024-06-29 02:00:00,2326.87,2328.41,2322.85,2326.39
2024-07-01 06:00:00,2326.05,2328.57,2322.16,2327.88
2024-07-01 10:00:00,2327.81,2327.81,2318.52,2321.85
2024-07-01 14:00:00,2321.84,2329.47,2321.3,2327.39
2024-07-01 18:00:00,2327.48,2338.51,2325.43,2327.15
2024-07-01 22:00:00,2327.15,2334.28,2319.22,2329.2
2024-07-02 02:00:00,2329.21,2332.37,2327.01,2331.69
2024-07-02 06:00:00,2332.58,2334.2,2331.17,2334.1
2024-07-02 10:00:00,2334.09,2334.34,2324.91,2329.91
2024-07-02 14:00:00,2330.02,2332.48,2323.14,2324.89
2024-07-02 18:00:00,2324.9,2336.8,2318.81,2334.39
2024-07-02 22:00:00,2334.44,2335.52,2320.91,2324.66
2024-07-03 02:00:00,2324.65,2331.33,2324.51,2329.31
2024-07-03 06:00:00,2330.13,2332.13,2328.45,2329.07
2024-07-03 10:00:00,2329.11,2335.8,2326.88,2333.36
2024-07-03 14:00:00,2333.34,2347.55,2332.96,2346.3
2024-07-03 18:00:00,2346.32,2358.72,2342.39,2355.38
2024-07-03 22:00:00,2355.33,2364.94,2353.85,2356.64
2024-07-04 02:00:00,2356.59,2357.91,2353.68,2356.03
2024-07-04 06:00:00,2356.95,2362.52,2356.0,2361.97
2024-07-04 10:00:00,2361.97,2362.24,2355.5,2356.84
2024-07-04 14:00:00,2356.82,2359.61,2350.39,2357.78
2024-07-04 18:00:00,2357.76,2360.37,2356.41,2359.73
2024-07-04 22:00:00,2359.68,2361.88,2355.33,2356.26
2024-07-05 02:00:00,2356.26,2357.26,2356.11,2356.77
2024-07-05 06:00:00,2356.89,2360.27,2354.14,2358.38
2024-07-05 10:00:00,2358.39,2365.0,2358.08,2364.77
2024-07-05 14:00:00,2364.75,2368.06,2361.92,2362.44
2024-07-05 18:00:00,2362.35,2385.11,2348.73,2383.11
2024-07-05 22:00:00,2383.08,2389.85,2374.42,2385.8
2024-07-06 02:00:00,2385.8,2392.9,2385.14,2391.0
2024-07-08 06:00:00,2387.35,2391.07,2384.13,2386.48
2024-07-08 10:00:00,2386.45,2387.24,2380.71,2382.81
2024-07-08 14:00:00,2382.82,2384.19,2368.31,2370.18
2024-07-08 18:00:00,2370.03,2377.47,2369.68,2375.5
2024-07-08 22:00:00,2375.36,2379.52,2350.77,2357.22
2024-07-09 02:00:00,2357.21,2359.84,2354.86,2359.12
2024-07-09 06:00:00,2359.15,2365.27,2358.55,2363.41
2024-07-09 10:00:00,2363.33,2368.74,2360.46,2364.53
2024-07-09 14:00:00,2364.52,2365.51,2358.23,2364.25
2024-07-09 18:00:00,2364.28,2368.49,2356.1,2367.76
2024-07-09 22:00:00,2367.15,2371.49,2349.21,2361.86
2024-07-10 02:00:00,2361.86,2365.61,2361.04,2363.75
2024-07-10 06:00:00,2363.88,2369.84,2362.97,2368.18
2024-07-10 10:00:00,2368.17,2370.35,2366.41,2368.39
2024-07-10 14:00:00,2368.4,2374.97,2367.17,2371.86
2024-07-10 18:00:00,2371.87,2386.65,2371.75,2383.2
2024-07-10 22:00:00,2383.29,2385.12,2370.46,2373.02
2024-07-11 02:00:00,2373.03,2373.59,2369.91,2371.23
2024-07-11 06:00:00,2371.76,2376.29,2371.2,2375.94
2024-07-11 10:00:00,2375.93,2382.98,2374.32,2382.53
2024-07-11 14:00:00,2382.51,2384.57,2378.49,2384.04
2024-07-11 18:00:00,2384.09,2412.87,2377.7,2406.66
2024-07-11 22:00:00,2406.66,2424.52,2404.25,2413.67
2024-07-12 02:00:00,2413.64,2418.63,2412.85,2415.24
2024-07-12 06:00:00,2414.71,2416.26,2407.04,2407.95
2024-07-12 10:00:00,2407.95,2411.03,2405.4,2408.04
2024-07-12 14:00:00,2408.05,2408.28,2400.34,2404.91
2024-07-12 18:00:00,2404.83,2405.65,2391.35,2403.67
2024-07-12 22:00:00,2403.71,2418.24,2403.71,2417.84
2024-07-13 02:00:00,2417.85,2417.99,2411.22,2411.58
2024-07-15 06:00:00,2412.67,2415.09,2404.85,2410.04
2024-07-15 10:00:00,2410.05,2413.95,2407.96,2408.09
2024-07-15 14:00:00,2408.11,2412.6,2401.32,2410.68
2024-07-15 18:00:00,2410.7,2420.81,2410.68,2419.08
2024-07-15 22:00:00,2418.7,2439.72,2418.14,2421.55
2024-07-16 02:00:00,2421.53,2424.84,2419.75,2422.18
2024-07-16 06:00:00,2421.84,2427.77,2419.99,2427.23
2024-07-16 10:00:00,2427.32,2432.77,2425.1,2431.93
2024-07-16 14:00:00,2431.93,2443.33,2428.1,2442.48
2024-07-16 18:00:00,2442.48,2447.93,2429.42,2442.72
2024-07-16 22:00:00,2442.72,2466.29,2440.51,2464.61
2024-07-17 02:00:00,2464.67,2469.56,2462.44,2468.65
2024-07-17 06:00:00,2468.4,2481.23,2466.07,2479.47
2024-07-17 10:00:00,2479.49,2482.38,2463.98,2465.35
2024-07-17 14:00:00,2465.34,2478.88,2461.72,2475.12
2024-07-17 18:00:00,2475.13,2483.42,2466.59,2482.96
2024-07-17 22:00:00,2482.89,2483.64,2451.88,2452.58
2024-07-18 02:00:00,2452.48,2460.36,2451.46,2458.63
2024-07-18 06:00:00,2458.43,2464.14,2457.36,2462.4
2024-07-18 10:00:00,2462.4,2469.89,2460.31,2466.9
2024-07-18 14:00:00,2466.94,2474.89,2464.56,2465.68
2024-07-18 18:00:00,2465.62,2468.85,2457.4,2465.05
2024-07-18 22:00:00,2465.06,2469.9,2451.72,2456.29
2024-07-19 02:00:00,2456.27,2456.5,2440.32,2445.05
2024-07-19 06:00:00,2445.12,2445.29,2420.44,2426.15
2024-07-19 10:00:00,2426.16,2429.5,2421.07,2423.3
2024-07-19 14:00:00,2423.29,2424.0,2412.74,2416.12
2024-07-19 18:00:00,2416.11,2416.3,2393.62,2403.83
2024-07-19 22:00:00,2403.84,2408.43,2395.44,2399.13
2024-07-20 02:00:00,2399.14,2400.48,2397.09,2400.38
2024-07-22 06:00:00,2403.71,2412.14,2402.33,2406.41
2024-07-22 10:00:00,2406.4,2409.49,2402.9,2402.94
2024-07-22 14:00:00,2402.93,2405.73,2398.95,2404.45
2024-07-22 18:00:00,2404.58,2408.36,2388.58,2392.71
2024-07-22 22:00:00,2392.62,2396.33,2383.82,2394.0
2024-07-23 02:00:00,2394.01,2400.0,2392.46,2396.31
2024-07-23 06:00:00,2397.33,2403.96,2394.75,2401.06
2024-07-23 10:00:00,2401.02,2402.41,2390.73,2392.55
2024-07-23 14:00:00,2392.54,2408.12,2388.24,2406.82
2024-07-23 18:00:00,2406.87,2412.01,2399.51,2401.94
2024-07-23 22:00:00,2401.96,2408.2,2399.63,2404.91
2024-07-24 02:00:00,2405.01,2409.96,2403.76,2409.47
2024-07-24 06:00:00,2408.74,2412.13,2404.8,2408.18
2024-07-24 10:00:00,2408.11,2418.4,2407.13,2416.13
2024-07-24 14:00:00,2416.07,2419.16,2409.77,2413.4
2024-07-24 18:00:00,2413.4,2426.67,2410.58,2421.82
2024-07-24 22:00:00,2421.74,2431.98,2408.0,2409.17
2024-07-25 02:00:00,2409.17,2409.43,2396.72,2397.12
2024-07-25 06:00:00,2397.95,2401.16,2370.45,2376.45
2024-07-25 10:00:00,2376.18,2380.72,2366.74,2376.29
2024-07-25 14:00:00,2376.29,2378.71,2365.63,2373.67
2024-07-25 18:00:00,2373.68,2382.54,2362.09,2364.89
2024-07-25 22:00:00,2364.86,2368.47,2353.1,2356.12
2024-07-26 02:00:00,2356.12,2365.22,2354.25,2364.54
2024-07-26 06:00:00,2363.93,2373.96,2355.78,2373.59
2024-07-26 10:00:00,2373.58,2379.34,2368.2,2374.22
2024-07-26 14:00:00,2374.23,2374.48,2365.05,2373.79
2024-07-26 18:00:00,2373.77,2383.14,2370.28,2381.49
2024-07-26 22:00:00,2381.52,2390.75,2379.8,2383.45
2024-07-27 02:00:00,2383.45,2388.75,2382.66,2388.29
2024-07-29 06:00:00,2388.11,2403.07,2387.56,2392.84
2024-07-29 10:00:00,2392.84,2396.27,2390.18,2392.68
2024-07-29 14:00:00,2392.68,2395.45,2386.89,2392.77
2024-07-29 18:00:00,2392.76,2396.7,2385.36,2392.04
2024-07-29 22:00:00,2392.11,2394.05,2369.51,2378.21
2024-07-30 02:00:00,2378.23,2385.42,2376.88,2383.46
2024-07-30 06:00:00,2382.6,2384.89,2376.45,2379.66
2024-07-30 10:00:00,2379.67,2389.82,2378.48,2388.76
2024-07-30 14:00:00,2389.01,2391.98,2387.71,2389.13
2024-07-30 18:00:00,2389.14,2397.73,2385.75,2393.9
2024-07-30 22:00:00,2393.79,2410.86,2383.4,2405.7
2024-07-31 02:00:00,2405.76,2412.79,2403.64,2410.92
2024-07-31 06:00:00,2409.54,2412.25,2403.71,2409.08
2024-07-31 10:00:00,2409.03,2422.12,2404.01,2417.81
2024-07-31 14:00:00,2417.79,2425.45,2415.41,2420.88
2024-07-31 18:00:00,2420.88,2427.53,2417.31,2426.17
2024-07-31 22:00:00,2426.16,2429.0,2419.16,2425.36
2024-08-01 02:00:00,2425.31,2450.96,2421.43,2447.23
2024-08-01 06:00:00,2448.83,2458.36,2444.19,2451.28
2024-08-01 10:00:00,2451.37,2451.37,2437.22,2446.92
2024-08-01 14:00:00,2446.93,2448.84,2430.16,2433.03
2024-08-01 18:00:00,2433.02,2457.18,2431.99,2453.52
2024-08-01 22:00:00,2453.44,2462.29,2435.68,2439.35
2024-08-02 02:00:00,2439.34,2447.53,2434.72,2446.25
2024-08-02 06:00:00,2446.49,2452.28,2434.99,2447.11
2024-08-02 10:00:00,2447.22,2466.84,2446.68,2466.71
2024-08-02 14:00:00,2466.75,2468.42,2460.19,2463.88
2024-08-02 18:00:00,2463.91,2477.66,2455.46,2469.87
2024-08-02 22:00:00,2469.76,2474.34,2410.78,2427.8
2024-08-03 02:00:00,2427.8,2442.37,2425.61,2441.31
2024-08-05 06:00:00,2443.9,2447.17,2413.52,2439.42
2024-08-05 10:00:00,2439.43,2458.6,2432.34,2437.92
2024-08-05 14:00:00,2438.0,2445.61,2419.13,2424.15
2024-08-05 18:00:00,2424.12,2425.62,2364.15,2393.0
2024-08-05 22:00:00,2392.78,2412.03,2386.8,2404.97
2024-08-06 02:00:00,2404.96,2413.01,2403.74,2409.94
2024-08-06 06:00:00,2410.17,2418.31,2404.37,2412.41
2024-08-06 10:00:00,2412.46,2413.26,2398.12,2398.7
2024-08-06 14:00:00,2398.7,2415.5,2394.8,2413.34
2024-08-06 18:00:00,2413.33,2416.29,2388.79,2395.67
2024-08-06 22:00:00,2395.59,2403.16,2381.42,2391.88
2024-08-07 02:00:00,2391.89,2395.99,2386.44,2389.87
2024-08-07 06:00:00,2389.57,2390.53,2379.0,2384.08
2024-08-07 10:00:00,2384.09,2396.15,2380.83,2391.46
2024-08-07 14:00:00,2391.47,2397.58,2387.91,2394.31
2024-08-07 18:00:00,2394.31,2407.03,2393.08,2400.05
2024-08-07 22:00:00,2400.01,2403.38,2389.51,2389.83
2024-08-08 02:00:00,2389.82,2391.74,2381.74,2382.99
2024-08-08 06:00:00,2382.26,2391.36,2381.04,2386.81
2024-08-08 10:00:00,2386.73,2396.37,2386.24,2395.26
2024-08-08 14:00:00,2395.25,2400.72,2392.63,2396.22
2024-08-08 18:00:00,2396.21,2415.5,2396.21,2414.11
2024-08-08 22:00:00,2414.22,2424.9,2409.21,2423.49
2024-08-09 02:00:00,2423.48,2427.57,2421.6,2427.24
2024-08-09 06:00:00,2426.4,2427.92,2420.04,2427.22
2024-08-09 10:00:00,2427.2,2428.94,2417.15,2417.2
2024-08-09 14:00:00,2417.18,2427.02,2416.82,2423.58
2024-08-09 18:00:00,2423.57,2433.14,2420.97,2426.68
2024-08-09 22:00:00,2426.65,2437.03,2425.39,2430.6
2024-08-10 02:00:00,2430.68,2431.05,2427.1,2430.97
2024-08-12 06:00:00,2429.86,2433.39,2424.61,2426.05
2024-08-12 10:00:00,2426.04,2435.1,2423.7,2434.65
2024-08-12 14:00:00,2434.69,2445.09,2433.66,2442.67
2024-08-12 18:00:00,2442.68,2457.51,2439.67,2454.23
2024-08-12 22:00:00,2454.21,2468.58,2444.43,2467.17
2024-08-13 02:00:00,2467.18,2473.1,2466.46,2471.97
2024-08-13 06:00:00,2470.67,2476.91,2460.62,2466.4
2024-08-13 10:00:00,2466.31,2467.67,2458.45,2462.8
2024-08-13 14:00:00,2462.86,2466.18,2458.87,2460.67
2024-08-13 18:00:00,2460.69,2475.67,2458.79,2472.94
2024-08-13 22:00:00,2472.92,2473.31,2464.14,2467.66
2024-08-14 02:00:00,2467.68,2468.99,2462.3,2464.9
2024-08-14 06:00:00,2466.79,2472.53,2462.99,2465.48
2024-08-14 10:00:00,2465.49,2465.68,2455.27,2461.95
2024-08-14 14:00:00,2462.01,2478.61,2460.41,2472.89
2024-08-14 18:00:00,2472.88,2479.82,2449.36,2457.51
2024-08-14 22:00:00,2457.36,2458.36,2437.85,2441.47
2024-08-15 02:00:00,2441.49,2448.43,2440.57,2447.84
2024-08-15 06:00:00,2447.37,2454.27,2446.59,2450.64
2024-08-15 10:00:00,2450.65,2455.54,2449.87,2453.93
2024-08-15 14:00:00,2453.94,2458.8,2452.69,2456.79
2024-08-15 18:00:00,2456.84,2470.02,2432.05,2444.52
2024-08-15 22:00:00,2444.53,2459.93,2444.53,2455.44
2024-08-16 02:00:00,2455.45,2461.67,2454.1,2456.33
2024-08-16 06:00:00,2455.9,2460.11,2454.3,2457.38
2024-08-16 10:00:00,2457.26,2457.77,2450.78,2455.76
2024-08-16 14:00:00,2455.79,2464.54,2451.14,2463.31
2024-08-16 18:00:00,2463.33,2500.06,2462.8,2494.47
2024-08-16 22:00:00,2494.43,2500.06,2477.31,2499.79
2024-08-17 02:00:00,2499.8,2509.75,2498.38,2507.0
2024-08-19 06:00:00,2508.95,2509.98,2495.01,2498.17
2024-08-19 10:00:00,2498.17,2505.83,2496.17,2501.14
2024-08-19 14:00:00,2501.13,2507.2,2499.61,2499.96
2024-08-19 18:00:00,2499.95,2500.15,2485.38,2494.81
2024-08-19 22:00:00,2494.7,2507.49,2493.76,2503.09
2024-08-20 02:00:00,2502.95,2505.88,2502.44,2504.18
2024-08-20 06:00:00,2503.33,2508.14,2501.33,2501.98
2024-08-20 10:00:00,2501.98,2503.73,2498.63,2499.57
2024-08-20 14:00:00,2499.5,2525.26,2497.31,2521.71
2024-08-20 18:00:00,2521.74,2531.73,2519.66,2529.75
2024-08-20 22:00:00,2529.63,2530.15,2500.9,2510.65
2024-08-21 02:00:00,2510.64,2516.92,2509.23,2513.91
2024-08-21 06:00:00,2513.47,2517.09,2510.63,2516.86
2024-08-21 10:00:00,2516.84,2519.99,2513.03,2515.26
2024-08-21 14:00:00,2515.28,2519.63,2504.33,2505.65
2024-08-21 18:00:00,2505.6,2513.75,2497.89,2502.99
2024-08-21 22:00:00,2502.89,2511.39,2493.65,2509.59
2024-08-22 02:00:00,2509.6,2519.15,2509.3,2512.34
2024-08-22 06:00:00,2511.58,2514.67,2507.05,2507.58
2024-08-22 10:00:00,2507.56,2508.66,2499.07,2505.57
2024-08-22 14:00:00,2505.58,2510.64,2501.15,2507.23
2024-08-22 18:00:00,2507.29,2509.1,2483.0,2487.93
2024-08-22 22:00:00,2487.79,2487.85,2470.85,2482.29
2024-08-23 02:00:00,2482.3,2484.9,2478.52,2484.6
2024-08-23 06:00:00,2484.81,2492.18,2484.38,2490.84
2024-08-23 10:00:00,2490.85,2495.76,2486.61,2491.77
2024-08-23 14:00:00,2491.78,2501.91,2490.65,2498.99
2024-08-23 18:00:00,2498.98,2503.92,2494.38,2498.55
2024-08-23 22:00:00,2498.2,2518.39,2497.82,2510.91
2024-08-24 02:00:00,2510.93,2512.78,2507.88,2511.9
2024-08-26 06:00:00,2511.71,2516.96,2510.42,2513.37
2024-08-26 10:00:00,2513.36,2515.38,2508.74,2510.54
2024-08-26 14:00:00,2510.54,2525.81,2509.86,2524.99
2024-08-26 18:00:00,2524.99,2526.88,2515.38,2515.99
2024-08-26 22:00:00,2515.97,2523.33,2510.56,2518.13
2024-08-27 02:00:00,2518.21,2521.02,2515.58,2517.88
2024-08-27 06:00:00,2518.1,2518.1,2508.22,2509.76
2024-08-27 10:00:00,2509.74,2513.82,2505.76,2513.52
2024-08-27 14:00:00,2513.55,2517.5,2503.27,2508.85
2024-08-27 18:00:00,2508.86,2514.93,2503.31,2511.82
2024-08-27 22:00:00,2511.81,2521.76,2507.54,2519.99
2024-08-28 02:00:00,2519.97,2525.97,2519.87,2524.6
2024-08-28 06:00:00,2525.25,2528.96,2516.61,2517.18
2024-08-28 10:00:00,2517.17,2518.48,2505.54,2505.87
2024-08-28 14:00:00,2505.84,2511.39,2503.04,2510.19
2024-08-28 18:00:00,2510.22,2510.54,2493.43,2506.58
2024-08-28 22:00:00,2506.59,2510.23,2496.36,2505.41
2024-08-29 02:00:00,2505.44,2509.64,2502.79,2504.56
2024-08-29 06:00:00,2504.84,2515.34,2504.56,2513.23
2024-08-29 10:00:00,2513.15,2519.98,2511.75,2518.81
2024-08-29 14:00:00,2518.74,2524.34,2514.88,2523.01
2024-08-29 18:00:00,2523.07,2524.33,2503.49,2516.78
2024-08-29 22:00:00,2516.72,2528.67,2514.28,2525.81
2024-08-30 02:00:00,2525.93,2526.38,2520.63,2521.03
2024-08-30 06:00:00,2520.86,2521.73,2514.43,2516.13
2024-08-30 10:00:00,2516.12,2517.9,2512.13,2513.8
2024-08-30 14:00:00,2513.79,2526.9,2513.13,2524.22
2024-08-30 18:00:00,2524.21,2524.87,2512.7,2515.3
2024-08-30 22:00:00,2515.29,2518.45,2493.89,2499.65
2024-08-31 02:00:00,2499.64,2504.77,2498.25,2503.44
2024-09-02 06:00:00,2502.76,2505.02,2496.55,2497.91
2024-09-02 10:00:00,2497.84,2499.35,2489.86,2496.42
2024-09-02 14:00:00,2496.44,2507.33,2495.81,2499.04
2024-09-02 18:00:00,2499.02,2503.19,2496.93,2499.97
2024-09-02 22:00:00,2499.97,2502.46,2497.54,2499.52
2024-09-03 02:00:00,2499.52,2500.23,2498.76,2499.56
2024-09-03 06:00:00,2499.21,2499.9,2489.53,2493.81
2024-09-03 10:00:00,2493.79,2497.03,2492.38,2495.06
2024-09-03 14:00:00,2495.05,2506.12,2492.85,2500.98
2024-09-03 18:00:00,2500.97,2502.08,2475.34,2479.88
2024-09-03 22:00:00,2479.8,2492.08,2473.09,2489.52
2024-09-04 02:00:00,2489.42,2494.4,2487.07,2492.87
2024-09-04 06:00:00,2492.7,2494.99,2491.36,2493.4
2024-09-04 10:00:00,2493.39,2496.91,2492.43,2493.17
2024-09-04 14:00:00,2493.21,2493.44,2471.69,2481.58
2024-09-04 18:00:00,2481.57,2491.27,2481.14,2485.12
2024-09-04 22:00:00,2485.15,2500.2,2484.37,2493.97
2024-09-05 02:00:00,2493.96,2496.99,2491.43,2495.33
2024-09-05 06:00:00,2495.33,2499.25,2494.43,2496.35
2024-09-05 10:00:00,2496.29,2502.35,2493.78,2501.9
2024-09-05 14:00:00,2501.88,2517.31,2500.75,2515.45
2024-09-05 18:00:00,2515.42,2523.38,2512.27,2514.79
2024-09-05 22:00:00,2515.25,2520.59,2503.97,2515.07
2024-09-06 02:00:00,2515.09,2516.91,2513.6,2516.59
2024-09-06 06:00:00,2516.58,2517.99,2513.46,2513.86
2024-09-06 10:00:00,2513.83,2521.76,2512.93,2520.0
2024-09-06 14:00:00,2520.03,2521.35,2515.51,2519.19
2024-09-06 18:00:00,2519.09,2529.24,2502.0,2509.31
2024-09-06 22:00:00,2509.27,2518.55,2484.91,2495.48
2024-09-07 02:00:00,2495.49,2497.82,2490.68,2497.09
2024-09-09 06:00:00,2496.53,2498.63,2494.74,2497.78
2024-09-09 10:00:00,2497.81,2500.55,2487.53,2487.96
2024-09-09 14:00:00,2487.97,2497.59,2485.47,2496.39
2024-09-09 18:00:00,2496.4,2505.29,2493.15,2499.77
2024-09-09 22:00:00,2499.74,2506.51,2493.29,2499.92
2024-09-10 02:00:00,2499.97,2507.22,2499.45,2506.21
2024-09-10 06:00:00,2506.13,2507.68,2502.88,2503.79
2024-09-10 10:00:00,2503.83,2505.0,2500.71,2503.92
2024-09-10 14:00:00,2503.91,2507.76,2499.96,2505.86
2024-09-10 18:00:00,2505.88,2515.4,2504.13,2506.85
2024-09-10 22:00:00,2506.76,2518.31,2500.65,2513.09
2024-09-11 02:00:00,2513.2,2517.42,2512.02,2516.6
2024-09-11 06:00:00,2516.37,2522.55,2514.9,2518.78
2024-09-11 10:00:00,2518.71,2522.48,2516.82,2521.24
2024-09-11 14:00:00,2521.24,2528.9,2520.65,2523.29
2024-09-11 18:00:00,2523.27,2524.26,2502.12,2509.56
2024-09-11 22:00:00,2509.58,2520.0,2500.73,2514.57
2024-09-12 02:00:00,2514.58,2516.4,2509.62,2511.55
2024-09-12 06:00:00,2511.59,2515.22,2511.03,2513.19
2024-09-12 10:00:00,2513.2,2519.77,2510.89,2519.4
2024-09-12 14:00:00,2519.33,2522.2,2514.47,2518.73
2024-09-12 18:00:00,2518.72,2551.7,2512.78,2545.36
2024-09-12 22:00:00,2544.93,2555.15,2541.89,2554.09
2024-09-13 02:00:00,2554.0,2560.06,2552.0,2558.6
2024-09-13 06:00:00,2558.09,2568.02,2556.73,2563.23
2024-09-13 10:00:00,2563.22,2570.31,2561.55,2566.63
2024-09-13 14:00:00,2566.48,2572.97,2563.18,2568.64
2024-09-13 18:00:00,2568.61,2583.44,2563.77,2577.6
2024-09-13 22:00:00,2577.3,2586.09,2573.11,2582.67
2024-09-14 02:00:00,2582.65,2583.85,2578.63,2579.41
2024-09-16 06:00:00,2578.64,2582.84,2577.58,2581.76
2024-09-16 10:00:00,2581.68,2589.44,2581.53,2588.69
2024-09-16 14:00:00,2588.71,2589.68,2579.64,2585.56
2024-09-16 18:00:00,2585.54,2589.35,2575.13,2588.17
2024-09-16 22:00:00,2588.21,2588.43,2576.19,2582.56
2024-09-17 02:00:00,2582.67,2583.5,2579.56,2582.43
2024-09-17 06:00:00,2582.26,2584.45,2578.41,2582.52
2024-09-17 10:00:00,2582.53,2586.28,2574.55,2579.29
2024-09-17 14:00:00,2579.38,2586.96,2571.58,2573.55
2024-09-17 18:00:00,2573.35,2581.66,2568.16,2573.77
2024-09-17 22:00:00,2573.81,2582.24,2560.63,2569.87
2024-09-18 02:00:00,2569.89,2571.68,2567.03,2569.49
2024-09-18 06:00:00,2569.62,2576.43,2569.52,2572.3
2024-09-18 10:00:00,2572.37,2576.52,2565.65,2567.66
2024-09-18 14:00:00,2567.67,2571.96,2566.65,2571.9
2024-09-18 18:00:00,2572.0,2580.78,2568.66,2571.86
2024-09-18 22:00:00,2571.82,2575.15,2567.07,2567.22
2024-09-19 02:00:00,2567.21,2600.16,2546.92,2559.31
2024-09-19 06:00:00,2557.78,2561.64,2551.01,2555.33
2024-09-19 10:00:00,2555.39,2574.5,2555.34,2574.44
2024-09-19 14:00:00,2574.51,2594.88,2573.87,2591.78
2024-09-19 18:00:00,2591.78,2591.9,2569.77,2575.19
2024-09-19 22:00:00,2574.99,2592.73,2571.7,2590.57
2024-09-20 02:00:00,2590.56,2590.84,2585.91,2586.72
2024-09-20 06:00:00,2586.34,2589.55,2584.77,2588.26
2024-09-20 10:00:00,2588.15,2595.16,2587.34,2594.49
2024-09-20 14:00:00,2594.53,2612.75,2594.25,2606.28
2024-09-20 18:00:00,2606.36,2619.39,2602.71,2606.61
2024-09-20 22:00:00,2606.64,2625.8,2604.79,2619.5
2024-09-21 02:00:00,2619.62,2623.43,2617.79,2622.19
2024-09-23 06:00:00,2619.71,2621.98,2616.01,2620.08
2024-09-23 10:00:00,2620.08,2631.35,2618.86,2629.95
2024-09-23 14:00:00,2629.95,2630.08,2613.64,2621.55
2024-09-23 18:00:00,2621.54,2634.34,2620.02,2631.99
2024-09-23 22:00:00,2631.96,2634.81,2625.83,2627.98
2024-09-24 02:00:00,2628.04,2628.76,2625.65,2628.37
2024-09-24 06:00:00,2627.14,2630.13,2623.79,2629.13
2024-09-24 10:00:00,2629.05,2640.01,2624.96,2625.23
2024-09-24 14:00:00,2625.32,2630.9,2622.41,2630.83
2024-09-24 18:00:00,2630.92,2637.22,2623.35,2635.5
2024-09-24 22:00:00,2635.59,2655.03,2634.48,2654.03
2024-09-25 02:00:00,2654.14,2664.4,2653.37,2657.14
2024-09-25 06:00:00,2658.59,2662.85,2655.29,2660.14
2024-09-25 10:00:00,2660.12,2670.39,2654.24,2657.16
2024-09-25 14:00:00,2657.19,2659.83,2651.45,2656.91
2024-09-25 18:00:00,2657.21,2665.81,2653.9,2664.47
2024-09-25 22:00:00,2664.33,2667.52,2649.55,2660.56
2024-09-26 02:00:00,2660.57,2661.66,2656.24,2657.04
2024-09-26 06:00:00,2657.46,2661.44,2655.33,2660.86
2024-09-26 10:00:00,2660.87,2663.4,2657.01,2661.49
2024-09-26 14:00:00,2661.44,2670.45,2657.94,2668.83
2024-09-26 18:00:00,2668.8,2685.51,2654.76,2660.9
2024-09-26 22:00:00,2660.92,2673.06,2659.79,2670.9
2024-09-27 02:00:00,2670.95,2677.94,2670.11,2672.25
2024-09-27 06:00:00,2671.83,2673.26,2666.16,2669.49
2024-09-27 10:00:00,2669.52,2673.94,2662.32,2664.84
2024-09-27 14:00:00,2664.85,2669.5,2658.38,2663.69
2024-09-27 18:00:00,2663.65,2674.2,2661.99,2666.29
2024-09-27 22:00:00,2665.69,2666.92,2642.97,2645.2
2024-09-28 02:00:00,2645.28,2659.08,2643.16,2658.69
2024-09-30 06:00:00,2658.32,2665.99,2647.51,2652.68
2024-09-30 10:00:00,2652.64,2659.26,2650.22,2657.87
2024-09-30 14:00:00,2657.84,2660.66,2648.32,2649.77
2024-09-30 18:00:00,2649.74,2650.11,2630.49,2635.74
2024-09-30 22:00:00,2635.59,2641.86,2628.73,2637.78
2024-10-01 02:00:00,2637.77,2638.34,2624.65,2634.53
2024-10-01 06:00:00,2633.27,2639.78,2632.3,2639.78
2024-10-01 10:00:00,2639.86,2644.28,2634.5,2643.13
2024-10-01 14:00:00,2643.03,2649.28,2641.52,2648.73
2024-10-01 18:00:00,2648.62,2671.82,2646.71,2667.84
2024-10-01 22:00:00,2667.53,2673.17,2653.88,2662.53
2024-10-02 02:00:00,2662.5,2664.86,2657.65,2663.28
2024-10-02 06:00:00,2662.0,2662.91,2656.25,2660.54
2024-10-02 10:00:00,2660.48,2661.6,2644.5,2647.98
2024-10-02 14:00:00,2647.99,2655.77,2647.14,2652.85
2024-10-02 18:00:00,2652.86,2660.81,2643.82,2659.59
2024-10-02 22:00:00,2659.7,2663.17,2640.91,2652.23
2024-10-03 02:00:00,2652.21,2659.87,2651.08,2658.61
2024-10-03 06:00:00,2658.41,2662.73,2654.98,2658.17
2024-10-03 10:00:00,2658.21,2658.69,2651.79,2653.32
2024-10-03 14:00:00,2653.29,2657.48,2640.78,2644.82
2024-10-03 18:00:00,2644.81,2653.9,2641.6,2647.02
2024-10-03 22:00:00,2647.01,2662.15,2637.32,2656.78
2024-10-04 02:00:00,2656.78,2659.71,2655.45,2655.94
2024-10-04 06:00:00,2656.96,2659.19,2654.3,2658.33
2024-10-04 10:00:00,2658.44,2667.89,2657.91,2667.39
2024-10-04 14:00:00,2667.45,2667.55,2656.82,2657.52
2024-10-04 18:00:00,2657.5,2662.52,2631.92,2651.94
2024-10-04 22:00:00,2651.92,2670.22,2641.84,2650.1
2024-10-05 02:00:00,2650.1,2653.21,2642.81,2652.7
2024-10-07 06:00:00,2650.82,2652.8,2643.8,2646.23
2024-10-07 10:00:00,2646.22,2648.68,2640.03,2640.74
2024-10-07 14:00:00,2640.75,2657.28,2639.77,2656.52
2024-10-07 18:00:00,2656.53,2659.67,2637.8,2642.68
2024-10-07 22:00:00,2642.69,2650.08,2639.14,2648.03
2024-10-08 02:00:00,2648.04,2648.14,2639.76,2642.6
2024-10-08 06:00:00,2642.44,2649.07,2637.66,2647.22
2024-10-08 10:00:00,2647.19,2648.22,2633.78,2644.94
2024-10-08 14:00:00,2644.96,2646.42,2628.36,2641.46
2024-10-08 18:00:00,2641.48,2652.96,2636.69,2639.62
2024-10-08 22:00:00,2639.75,2640.38,2604.5,2614.53
2024-10-09 02:00:00,2614.59,2623.59,2613.84,2621.88
2024-10-09 06:00:00,2621.74,2624.26,2618.35,2620.06
2024-10-09 10:00:00,2620.01,2624.21,2614.87,2619.74
2024-10-09 14:00:00,2619.71,2619.71,2609.21,2618.11
2024-10-09 18:00:00,2618.14,2622.45,2606.8,2609.7
2024-10-09 22:00:00,2609.64,2617.91,2605.23,2609.75
2024-10-10 02:00:00,2609.86,2611.1,2605.16,2607.67
2024-10-10 06:00:00,2608.42,2612.43,2605.88,2609.18
2024-10-10 10:00:00,2609.14,2616.9,2607.98,2613.25
2024-10-10 14:00:00,2613.21,2618.36,2610.2,2617.15
2024-10-10 18:00:00,2617.16,2627.9,2601.78,2626.74
2024-10-10 22:00:00,2626.87,2629.86,2616.57,2623.82
2024-10-11 02:00:00,2623.84,2631.47,2623.4,2630.01
2024-10-11 06:00:00,2629.12,2638.03,2628.08,2637.79
2024-10-11 10:00:00,2637.74,2646.06,2635.29,2644.78
2024-10-11 14:00:00,2644.76,2647.09,2636.28,2637.84
2024-10-11 18:00:00,2637.81,2653.3,2637.03,2649.9
2024-10-11 22:00:00,2649.79,2661.43,2646.4,2659.61
2024-10-12 02:00:00,2659.59,2659.64,2654.66,2657.03
2024-10-14 06:00:00,2652.37,2653.71,2643.48,2646.1
2024-10-14 10:00:00,2646.02,2660.73,2643.2,2658.89
2024-10-14 14:00:00,2658.85,2666.56,2656.76,2658.48
2024-10-14 18:00:00,2658.38,2661.14,2647.76,2655.52
2024-10-14 22:00:00,2655.48,2657.05,2644.06,2648.56
2024-10-15 02:00:00,2648.54,2653.36,2646.03,2648.48
2024-10-15 06:00:00,2647.96,2651.25,2647.22,2648.4
2024-10-15 10:00:00,2648.31,2652.75,2638.1,2641.94
2024-10-15 14:00:00,2641.78,2655.64,2641.39,2653.5
2024-10-15 18:00:00,2653.59,2657.38,2645.7,2648.72
2024-10-15 22:00:00,2648.73,2668.95,2647.86,2663.64
2024-10-16 02:00:00,2663.72,2666.39,2659.45,2662.6
2024-10-16 06:00:00,2662.08,2668.05,2658.66,2668.03
2024-10-16 10:00:00,2668.02,2670.57,2665.23,2669.43
2024-10-16 14:00:00,2669.57,2682.7,2667.07,2680.22
2024-10-16 18:00:00,2680.27,2685.19,2672.55,2675.16
2024-10-16 22:00:00,2675.26,2681.33,2666.47,2675.27
2024-10-17 02:00:00,2675.26,2676.74,2672.78,2673.64
2024-10-17 06:00:00,2674.0,2682.96,2673.27,2682.96
2024-10-17 10:00:00,2682.99,2684.9,2674.64,2683.52
2024-10-17 14:00:00,2683.52,2685.74,2676.92,2679.52
2024-10-17 18:00:00,2679.46,2689.94,2673.07,2688.64
2024-10-17 22:00:00,2688.8,2696.77,2683.66,2691.93
2024-10-18 02:00:00,2691.94,2692.92,2688.85,2692.78
2024-10-18 06:00:00,2692.43,2706.83,2692.27,2704.65
2024-10-18 10:00:00,2704.59,2714.07,2703.95,2711.51
2024-10-18 14:00:00,2711.42,2713.11,2701.68,2711.14
2024-10-18 18:00:00,2711.17,2716.99,2704.85,2713.67
2024-10-18 22:00:00,2713.71,2720.12,2712.15,2715.82
2024-10-19 02:00:00,2715.89,2722.54,2715.55,2722.2
2024-10-21 06:00:00,2720.62,2729.35,2719.88,2726.29
2024-10-21 10:00:00,2726.32,2732.84,2724.51,2724.93
2024-10-21 14:00:00,2724.87,2736.9,2723.57,2734.58
2024-10-21 18:00:00,2734.46,2740.53,2727.81,2738.93
2024-10-21 22:00:00,2739.15,2739.47,2716.82,2722.78
2024-10-22 02:00:00,2722.86,2723.23,2714.13,2719.56
2024-10-22 06:00:00,2718.96,2730.17,2718.85,2728.2
2024-10-22 10:00:00,2728.08,2735.95,2727.81,2730.4
2024-10-22 14:00:00,2730.33,2738.29,2729.57,2731.54
2024-10-22 18:00:00,2731.49,2742.07,2729.53,2735.96
2024-10-22 22:00:00,2735.46,2748.32,2733.59,2746.73
2024-10-23 02:00:00,2746.76,2748.89,2743.89,2748.8
2024-10-23 06:00:00,2747.67,2748.11,2737.89,2738.66
2024-10-23 10:00:00,2738.64,2753.21,2737.99,2751.59
2024-10-23 14:00:00,2751.7,2758.45,2748.09,2750.65
2024-10-23 18:00:00,2750.64,2752.93,2731.4,2737.55
2024-10-23 22:00:00,2737.39,2738.76,2708.54,2716.64
2024-10-24 02:00:00,2716.61,2718.3,2711.93,2715.46
2024-10-24 06:00:00,2715.84,2726.75,2715.06,2723.72
2024-10-24 10:00:00,2723.82,2729.8,2720.05,2728.86
2024-10-24 14:00:00,2728.88,2739.11,2728.34,2736.57
2024-10-24 18:00:00,2736.58,2743.28,2729.65,2733.59
2024-10-24 22:00:00,2733.62,2737.08,2722.5,2735.45
2024-10-25 02:00:00,2735.52,2737.83,2733.49,2735.84
2024-10-25 06:00:00,2735.48,2736.03,2729.74,2730.07
2024-10-25 10:00:00,2729.99,2730.26,2723.84,2728.48
2024-10-25 14:00:00,2728.66,2732.55,2716.98,2721.25
2024-10-25 18:00:00,2721.27,2732.44,2717.17,2727.67
2024-10-25 22:00:00,2727.65,2745.05,2727.65,2744.39
2024-10-26 02:00:00,2744.42,2747.59,2740.29,2746.27
2024-10-28 06:00:00,2732.1,2740.13,2724.7,2732.43
2024-10-28 10:00:00,2732.43,2738.84,2729.13,2738.35
2024-10-28 14:00:00,2738.36,2744.57,2728.38,2729.32
2024-10-28 18:00:00,2729.26,2743.34,2727.87,2740.86
2024-10-28 22:00:00,2740.74,2745.97,2739.01,2743.4
2024-10-29 02:00:00,2743.41,2743.5,2740.2,2742.21
2024-10-29 06:00:00,2741.48,2752.3,2739.82,2752.02
2024-10-29 10:00:00,2752.03,2757.62,2748.63,2750.03
2024-10-29 14:00:00,2749.97,2756.69,2746.27,2752.35
2024-10-29 18:00:00,2752.36,2764.04,2746.26,2760.87
2024-10-29 22:00:00,2760.89,2772.56,2760.64,2769.74
2024-10-30 02:00:00,2769.76,2774.8,2768.21,2774.38
2024-10-30 06:00:00,2773.41,2782.17,2772.87,2781.57
2024-10-30 10:00:00,2781.58,2784.93,2776.11,2783.16
2024-10-30 14:00:00,2783.2,2789.68,2779.45,2784.52
2024-10-30 18:00:00,2784.63,2787.53,2770.67,2777.6
2024-10-30 22:00:00,2777.55,2789.62,2771.86,2788.62
2024-10-31 02:00:00,2788.63,2790.02,2784.38,2787.2
2024-10-31 06:00:00,2786.9,2790.12,2783.52,2784.67
2024-10-31 10:00:00,2784.66,2789.09,2782.13,2785.11
2024-10-31 14:00:00,2785.08,2786.05,2776.97,2778.16
2024-10-31 18:00:00,2778.14,2782.57,2754.47,2755.36
2024-10-31 22:00:00,2755.35,2756.88,2731.26,2739.64
2024-11-01 02:00:00,2739.66,2749.73,2739.53,2743.86
2024-11-01 06:00:00,2743.95,2750.02,2743.88,2749.68
2024-11-01 10:00:00,2749.7,2755.23,2745.78,2755.01
2024-11-01 14:00:00,2755.05,2757.64,2747.2,2751.34
2024-11-01 18:00:00,2751.41,2762.25,2744.83,2756.23
2024-11-01 22:00:00,2756.08,2758.89,2735.02,2736.24
2024-11-02 02:00:00,2736.25,2738.02,2732.97,2735.04
2024-11-04 07:00:00,2736.26,2741.24,2729.59,2739.84
2024-11-04 11:00:00,2739.85,2743.64,2735.74,2741.39
2024-11-04 15:00:00,2741.37,2745.2,2731.67,2738.65
2024-11-04 19:00:00,2738.56,2748.12,2736.47,2743.4
2024-11-04 23:00:00,2743.34,2745.56,2731.74,2738.22
2024-11-05 03:00:00,2738.24,2739.7,2735.87,2736.52
2024-11-05 07:00:00,2737.74,2737.76,2724.7,2728.45
2024-11-05 11:00:00,2728.44,2738.75,2727.73,2737.72
2024-11-05 15:00:00,2737.69,2744.96,2732.12,2737.95
2024-11-05 19:00:00,2738.02,2750.0,2736.25,2746.74
2024-11-05 23:00:00,2746.33,2746.33,2733.09,2741.24
2024-11-06 03:00:00,2741.24,2744.91,2739.5,2743.78
2024-11-06 07:00:00,2742.4,2749.73,2732.49,2737.39
2024-11-06 11:00:00,2737.39,2743.57,2701.24,2707.06
2024-11-06 15:00:00,2706.93,2733.75,2703.84,2720.19
2024-11-06 19:00:00,2720.08,2722.8,2652.48,2659.86
2024-11-06 23:00:00,2659.75,2678.22,2657.41,2665.6
2024-11-07 03:00:00,2665.58,2668.55,2658.72,2658.75
2024-11-07 07:00:00,2659.91,2664.32,2643.12,2657.45
2024-11-07 11:00:00,2657.48,2661.2,2652.76,2657.15
2024-11-07 15:00:00,2657.02,2668.43,2656.13,2666.62
2024-11-07 19:00:00,2666.57,2695.03,2663.76,2691.84
2024-11-07 23:00:00,2691.79,2700.38,2690.05,2695.18
2024-11-08 03:00:00,2695.11,2710.19,2687.49,2706.37
2024-11-08 07:00:00,2704.29,2710.42,2695.17,2697.49
2024-11-08 11:00:00,2697.4,2700.52,2685.8,2686.48
2024-11-08 15:00:00,2686.23,2691.81,2680.25,2688.63
2024-11-08 19:00:00,2688.62,2703.98,2686.19,2691.62
2024-11-08 23:00:00,2690.57,2692.8,2682.72,2685.05
2024-11-09 03:00:00,2685.15,2688.55,2682.8,2684.45
2024-11-11 07:00:00,2684.58,2686.18,2666.55,2671.91
2024-11-11 11:00:00,2671.87,2674.34,2666.82,2673.26
2024-11-11 15:00:00,2673.26,2675.2,2661.0,2661.91
2024-11-11 19:00:00,2661.87,2667.07,2617.51,2622.48
2024-11-11 23:00:00,2622.47,2626.3,2610.62,2618.94
2024-11-12 03:00:00,2618.96,2626.19,2617.87,2619.38
2024-11-12 07:00:00,2620.14,2626.91,2619.07,2621.96
2024-11-12 11:00:00,2621.97,2623.76,2603.36,2607.93
2024-11-12 15:00:00,2607.97,2609.13,2589.4,2596.67
2024-11-12 19:00:00,2596.6,2617.03,2592.57,2610.32
2024-11-12 23:00:00,2610.31,2611.78,2592.5,2599.15
2024-11-13 03:00:00,2599.11,2601.47,2595.15,2598.05
2024-11-13 07:00:00,2598.13,2612.58,2597.48,2612.16
2024-11-13 11:00:00,2612.28,2613.31,2603.64,2605.49
2024-11-13 15:00:00,2605.4,2611.74,2601.0,2609.14
2024-11-13 19:00:00,2609.11,2618.54,2600.87,2602.0
2024-11-13 23:00:00,2602.06,2606.83,2577.65,2582.82
2024-11-14 03:00:00,2582.81,2584.89,2572.53,2572.81
2024-11-14 07:00:00,2571.89,2581.37,2558.86,2560.54
2024-11-14 11:00:00,2560.54,2565.28,2551.82,2555.11
2024-11-14 15:00:00,2555.1,2559.85,2536.57,2547.15
2024-11-14 19:00:00,2547.16,2565.94,2545.05,2559.67
2024-11-14 23:00:00,2559.61,2577.45,2558.68,2569.87
2024-11-15 03:00:00,2569.86,2576.9,2563.87,2564.49
2024-11-15 07:00:00,2564.89,2571.7,2563.0,2570.11
2024-11-15 11:00:00,2570.12,2571.2,2554.27,2561.4
2024-11-15 15:00:00,2561.32,2570.5,2559.38,2567.97
2024-11-15 19:00:00,2567.93,2575.7,2561.08,2572.7
2024-11-15 23:00:00,2572.68,2576.03,2559.49,2567.56
2024-11-16 03:00:00,2567.61,2568.08,2559.88,2561.71
2024-11-18 07:00:00,2567.63,2597.21,2566.51,2591.02
2024-11-18 11:00:00,2590.94,2593.09,2580.32,2585.94
2024-11-18 15:00:00,2586.02,2597.3,2581.64,2594.08
2024-11-18 19:00:00,2594.1,2610.19,2590.35,2608.07
2024-11-18 23:00:00,2608.28,2615.01,2605.95,2611.18
2024-11-19 03:00:00,2611.21,2612.66,2608.16,2611.63
2024-11-19 07:00:00,2611.03,2624.15,2610.37,2622.47
2024-11-19 11:00:00,2622.6,2626.71,2620.69,2625.01
2024-11-19 15:00:00,2625.18,2636.55,2617.77,2635.13
2024-11-19 19:00:00,2635.15,2639.39,2622.53,2623.49
2024-11-19 23:00:00,2623.23,2633.14,2620.76,2630.24
2024-11-20 03:00:00,2630.28,2634.56,2628.87,2632.12
2024-11-20 07:00:00,2632.12,2641.82,2631.69,2640.24
2024-11-20 11:00:00,2640.23,2641.23,2628.53,2629.55
2024-11-20 15:00:00,2629.39,2630.25,2618.58,2625.07
2024-11-20 19:00:00,2625.06,2646.33,2621.4,2643.12
2024-11-20 23:00:00,2643.1,2655.44,2640.79,2648.67
2024-11-21 03:00:00,2648.62,2653.17,2647.21,2649.97
2024-11-21 07:00:00,2650.75,2660.35,2648.79,2653.76
2024-11-21 11:00:00,2653.78,2662.27,2650.23,2661.35
2024-11-21 15:00:00,2661.13,2671.72,2660.02,2669.88
2024-11-21 19:00:00,2669.9,2673.55,2660.16,2665.07
2024-11-21 23:00:00,2664.99,2673.14,2661.33,2672.49
2024-11-22 03:00:00,2672.48,2673.44,2667.78,2669.38
2024-11-22 07:00:00,2669.85,2686.43,2668.15,2685.99
2024-11-22 11:00:00,2686.0,2693.17,2681.46,2692.92
2024-11-22 15:00:00,2692.9,2708.59,2690.29,2707.64
2024-11-22 19:00:00,2707.69,2710.19,2684.26,2694.77
2024-11-22 23:00:00,2694.61,2711.48,2694.52,2710.94
2024-11-23 03:00:00,2711.01,2715.27,2705.0,2714.41
2024-11-25 07:00:00,2706.4,2721.38,2692.39,2695.35
2024-11-25 11:00:00,2695.29,2697.42,2658.08,2666.91
2024-11-25 15:00:00,2666.99,2678.09,2663.52,2677.82
2024-11-25 19:00:00,2677.72,2688.7,2633.33,2641.36
2024-11-25 23:00:00,2641.36,2641.68,2615.67,2618.92
2024-11-26 03:00:00,2618.81,2628.78,2618.36,2625.47
2024-11-26 07:00:00,2626.21,2632.2,2605.15,2625.45
2024-11-26 11:00:00,2625.44,2631.48,2617.97,2622.01
2024-11-26 15:00:00,2622.0,2633.0,2610.77,2631.28
2024-11-26 19:00:00,2631.31,2641.95,2616.66,2622.82
2024-11-26 23:00:00,2622.91,2632.81,2619.53,2623.46
2024-11-27 03:00:00,2623.47,2633.51,2622.73,2632.94
2024-11-27 07:00:00,2631.39,2640.49,2626.94,2637.5
2024-11-27 11:00:00,2637.51,2648.03,2635.89,2647.68
2024-11-27 15:00:00,2647.73,2653.77,2645.14,2648.54
2024-11-27 19:00:00,2648.65,2658.14,2643.07,2651.34
2024-11-27 23:00:00,2651.27,2651.54,2635.22,2638.96
2024-11-28 03:00:00,2638.99,2639.46,2633.92,2635.85
2024-11-28 07:00:00,2636.94,2638.47,2620.8,2628.22
2024-11-28 11:00:00,2628.27,2639.47,2625.73,2636.72
2024-11-28 15:00:00,2636.78,2649.61,2634.53,2647.55
2024-11-28 19:00:00,2647.59,2649.55,2640.75,2641.25
2024-11-28 23:00:00,2641.15,2643.13,2636.34,2640.11
2024-11-29 03:00:00,2640.1,2640.15,2637.32,2637.66
2024-11-29 07:00:00,2638.61,2662.6,2633.85,2657.38
2024-11-29 11:00:00,2657.39,2666.24,2654.79,2665.31
2024-11-29 15:00:00,2665.31,2665.84,2654.61,2662.72
2024-11-29 19:00:00,2662.68,2664.99,2651.67,2653.5
2024-11-29 23:00:00,2653.51,2662.31,2650.6,2652.68
2024-11-30 03:00:00,2652.53,2653.13,2648.59,2650.44
2024-12-02 07:00:00,2650.08,2650.99,2622.85,2626.71
2024-12-02 11:00:00,2626.6,2631.05,2621.59,2625.87
2024-12-02 15:00:00,2625.96,2637.68,2625.1,2635.82
2024-12-02 19:00:00,2635.84,2651.52,2635.79,2645.73
2024-12-02 23:00:00,2645.7,2649.35,2633.5,2637.09
2024-12-03 03:00:00,2637.14,2644.22,2635.37,2638.66
2024-12-03 07:00:00,2638.83,2645.31,2633.85,2637.02
2024-12-03 11:00:00,2636.95,2650.12,2636.14,2646.93
2024-12-03 15:00:00,2647.04,2648.12,2639.23,2642.78
2024-12-03 19:00:00,2642.74,2655.64,2637.74,2646.7
2024-12-03 23:00:00,2646.96,2649.19,2635.01,2645.75
2024-12-04 03:00:00,2645.91,2646.26,2640.18,2643.49
2024-12-04 07:00:00,2642.93,2648.1,2637.76,2645.89
2024-12-04 11:00:00,2645.9,2651.41,2643.15,2649.33
2024-12-04 15:00:00,2649.33,2649.4,2636.49,2644.33
2024-12-04 19:00:00,2644.33,2653.46,2632.19,2649.25
2024-12-04 23:00:00,2649.22,2657.18,2646.99,2648.78
2024-12-05 03:00:00,2648.9,2655.51,2646.81,2649.71
2024-12-05 07:00:00,2649.02,2651.65,2645.22,2646.51
2024-12-05 11:00:00,2646.5,2655.55,2644.46,2646.88
2024-12-05 15:00:00,2646.86,2650.89,2641.75,2648.67
2024-12-05 19:00:00,2648.61,2654.47,2639.52,2640.37
2024-12-05 23:00:00,2640.21,2643.3,2623.57,2629.65
2024-12-06 03:00:00,2629.69,2632.45,2627.89,2631.76
2024-12-06 07:00:00,2631.93,2633.86,2613.09,2625.42
2024-12-06 11:00:00,2625.41,2644.48,2624.98,2639.4
2024-12-06 15:00:00,2639.47,2645.71,2633.52,2634.2
2024-12-06 19:00:00,2634.18,2643.37,2624.12,2635.61
2024-12-06 23:00:00,2635.68,2641.69,2632.6,2637.26
2024-12-07 03:00:00,2637.39,2637.41,2631.1,2632.93
2024-12-09 07:00:00,2646.71,2650.32,2627.44,2646.05
2024-12-09 11:00:00,2646.07,2646.59,2634.72,2643.82
2024-12-09 15:00:00,2643.72,2658.37,2642.98,2657.55
2024-12-09 19:00:00,2657.6,2675.21,2653.34,2674.1
2024-12-09 23:00:00,2674.13,2676.42,2661.64,2662.99
2024-12-10 03:00:00,2662.89,2663.31,2656.5,2660.01
2024-12-10 07:00:00,2660.88,2671.51,2657.83,2669.1
2024-12-10 11:00:00,2669.08,2673.84,2665.46,2669.98
2024-12-10 15:00:00,2669.98,2676.86,2661.14,2675.6
2024-12-10 19:00:00,2675.62,2691.73,2669.7,2688.89
2024-12-10 23:00:00,2688.7,2695.52,2684.6,2692.46
2024-12-11 03:00:00,2692.45,2694.58,2690.88,2693.8
2024-12-11 07:00:00,2693.45,2704.46,2693.36,2699.08
2024-12-11 11:00:00,2699.02,2702.08,2675.32,2696.51
2024-12-11 15:00:00,2696.53,2699.83,2686.31,2694.39
2024-12-11 19:00:00,2694.48,2706.77,2690.36,2706.19
2024-12-11 23:00:00,2706.2,2721.17,2705.46,2714.12
2024-12-12 03:00:00,2714.11,2720.08,2713.28,2717.79
2024-12-12 07:00:00,2716.91,2726.05,2696.27,2706.03
2024-12-12 11:00:00,2706.04,2718.5,2705.05,2718.37
2024-12-12 15:00:00,2718.45,2720.49,2709.78,2711.44
2024-12-12 19:00:00,2711.5,2713.55,2680.93,2686.61
2024-12-12 23:00:00,2686.54,2688.28,2674.95,2684.22
2024-12-13 03:00:00,2684.22,2686.81,2679.38,2680.53
2024-12-13 07:00:00,2680.86,2692.79,2678.92,2686.73
2024-12-13 11:00:00,2686.68,2691.41,2683.45,2689.57
2024-12-13 15:00:00,2689.5,2690.2,2665.2,2666.7
2024-12-13 19:00:00,2666.69,2673.0,2657.24,2660.21
2024-12-13 23:00:00,2660.13,2664.54,2652.15,2654.22
2024-12-14 03:00:00,2654.37,2655.3,2646.04,2648.46
2024-12-16 07:00:00,2650.0,2655.6,2643.38,2652.02
2024-12-16 11:00:00,2652.01,2655.69,2649.61,2653.64
2024-12-16 15:00:00,2653.57,2662.1,2651.56,2658.75
2024-12-16 19:00:00,2658.8,2664.43,2653.99,2654.79
2024-12-16 23:00:00,2654.91,2656.95,2648.25,2655.34
2024-12-17 03:00:00,2655.37,2655.82,2651.39,2652.58
2024-12-17 07:00:00,2652.32,2658.68,2651.0,2654.99
2024-12-17 11:00:00,2654.99,2656.09,2646.49,2648.79
2024-12-17 15:00:00,2648.92,2657.12,2638.04,2638.17
2024-12-17 19:00:00,2638.17,2646.68,2632.91,2636.77
2024-12-17 23:00:00,2636.77,2649.1,2635.9,2647.29
2024-12-18 03:00:00,2647.33,2648.25,2643.08,2646.45
2024-12-18 07:00:00,2646.36,2651.75,2644.83,2647.46
2024-12-18 11:00:00,2647.47,2649.37,2642.59,2646.61
2024-12-18 15:00:00,2646.76,2649.65,2641.84,2648.52
2024-12-18 19:00:00,2648.6,2649.4,2637.1,2637.84
2024-12-18 23:00:00,2637.58,2640.01,2633.05,2636.19
2024-12-19 03:00:00,2636.12,2636.14,2583.6,2585.26
2024-12-19 07:00:00,2583.64,2618.07,2582.57,2612.14
2024-12-19 11:00:00,2612.04,2614.2,2603.13,2612.85
2024-12-19 15:00:00,2612.89,2626.45,2611.86,2619.47
2024-12-19 19:00:00,2619.39,2621.99,2591.89,2592.58
2024-12-19 23:00:00,2592.62,2599.99,2586.83,2599.8
2024-12-20 03:00:00,2599.82,2601.1,2593.14,2594.57
2024-12-20 07:00:00,2594.77,2604.03,2589.71,2597.0
2024-12-20 11:00:00,2596.98,2605.42,2595.7,2604.89
2024-12-20 15:00:00,2604.8,2607.75,2602.51,2604.19
2024-12-20 19:00:00,2604.18,2618.41,2600.01,2617.16
2024-12-20 23:00:00,2617.19,2631.98,2616.33,2626.24
2024-12-21 03:00:00,2626.13,2629.38,2619.32,2622.14
2024-12-23 07:00:00,2620.02,2636.64,2617.23,2625.94
2024-12-23 11:00:00,2626.06,2633.03,2622.32,2631.7
2024-12-23 15:00:00,2631.71,2633.35,2618.77,2619.52
2024-12-23 19:00:00,2619.37,2620.13,2613.05,2615.57
2024-12-23 23:00:00,2615.64,2616.7,2608.1,2610.44
2024-12-24 03:00:00,2610.45,2613.71,2609.06,2612.52
2024-12-24 07:00:00,2611.64,2619.89,2611.64,2616.95
2024-12-24 11:00:00,2616.96,2621.53,2615.63,2619.03
2024-12-24 15:00:00,2619.05,2621.41,2613.03,2615.59
2024-12-24 19:00:00,2615.55,2617.23,2610.21,2610.95
2024-12-24 23:00:00,2611.01,2619.37,2610.04,2616.49
2024-12-26 07:00:00,2615.63,2627.92,2614.13,2627.47
2024-12-26 11:00:00,2627.55,2629.23,2624.48,2625.87
2024-12-26 15:00:00,2626.0,2629.39,2623.52,2628.76
2024-12-26 19:00:00,2628.76,2631.04,2621.76,2630.03
2024-12-26 23:00:00,2630.04,2639.11,2627.86,2634.66
2024-12-27 03:00:00,2634.55,2636.2,2632.6,2633.45
2024-12-27 07:00:00,2632.68,2634.48,2628.85,2632.99
2024-12-27 11:00:00,2632.95,2637.03,2631.38,2634.65
2024-12-27 15:00:00,2634.59,2638.24,2623.36,2626.56
2024-12-27 19:00:00,2626.63,2631.64,2611.71,2615.71
2024-12-27 23:00:00,2615.66,2620.18,2612.89,2618.54
2024-12-28 03:00:00,2618.54,2621.45,2612.78,2620.97
2024-12-30 07:00:00,2619.8,2626.8,2619.38,2623.92
2024-12-30 11:00:00,2623.89,2628.08,2617.96,2619.16
2024-12-30 15:00:00,2619.13,2619.98,2609.35,2610.71
2024-12-30 19:00:00,2610.67,2622.56,2605.31,2611.52
2024-12-30 23:00:00,2611.63,2611.75,2596.07,2606.12
2024-12-31 03:00:00,2606.19,2609.55,2603.53,2605.9
2024-12-31 07:00:00,2606.02,2611.59,2603.72,2607.04
2024-12-31 11:00:00,2606.95,2608.51,2602.48,2607.74
2024-12-31 15:00:00,2607.78,2617.64,2607.26,2611.82
2024-12-31 19:00:00,2611.83,2617.89,2605.38,2613.82
2024-12-31 23:00:00,2613.7,2627.6,2612.32,2625.0
2025-01-01 03:00:00,2624.99,2627.19,2622.71,2623.8
2025-01-02 07:00:00,2624.91,2636.54,2621.58,2634.8
2025-01-02 11:00:00,2634.86,2636.54,2631.13,2634.24
2025-01-02 15:00:00,2634.26,2646.21,2631.04,2642.67
2025-01-02 19:00:00,2642.68,2651.06,2636.04,2647.47
2025-01-02 23:00:00,2647.51,2660.51,2645.05,2655.42
2025-01-03 03:00:00,2655.5,2660.48,2653.86,2657.96
2025-01-03 07:00:00,2657.53,2664.06,2656.17,2662.59
2025-01-03 11:00:00,2662.57,2665.12,2655.76,2659.68
2025-01-03 15:00:00,2659.55,2659.55,2649.82,2657.72
2025-01-03 19:00:00,2657.65,2659.36,2643.22,2647.89
2025-01-03 23:00:00,2645.14,2648.3,2639.02,2641.96
2025-01-04 03:00:00,2641.86,2643.01,2636.65,2639.44
2025-01-06 07:00:00,2641.41,2647.45,2638.55,2644.43
2025-01-06 11:00:00,2644.41,2645.33,2630.13,2631.57
2025-01-06 15:00:00,2631.53,2635.78,2625.12,2633.71
2025-01-06 19:00:00,2633.69,2649.4,2614.45,2631.68
2025-01-06 23:00:00,2631.54,2641.2,2629.29,2634.66
2025-01-07 03:00:00,2634.66,2637.0,2632.91,2635.93
2025-01-07 07:00:00,2636.04,2641.18,2632.87,2638.44
2025-01-07 11:00:00,2638.49,2646.82,2636.94,2640.28
2025-01-07 15:00:00,2640.3,2644.87,2637.78,2643.97
2025-01-07 19:00:00,2643.95,2664.26,2641.96,2658.34
2025-01-07 23:00:00,2653.19,2656.1,2642.09,2649.1
2025-01-08 03:00:00,2649.06,2651.45,2647.02,2648.49
2025-01-08 07:00:00,2648.51,2651.6,2645.74,2648.93
2025-01-08 11:00:00,2648.72,2653.07,2645.28,2652.13
2025-01-08 15:00:00,2652.15,2655.14,2649.66,2653.16
2025-01-08 19:00:00,2653.06,2667.61,2645.8,2661.35
2025-01-08 23:00:00,2661.3,2669.96,2649.47,2653.28
2025-01-09 03:00:00,2653.49,2664.14,2652.34,2661.53
2025-01-09 07:00:00,2661.56,2663.18,2656.36,2658.9
2025-01-09 11:00:00,2658.93,2666.95,2655.34,2666.59
2025-01-09 15:00:00,2666.63,2668.61,2660.36,2667.53
2025-01-09 19:00:00,2667.54,2678.15,2665.2,2672.33
2025-01-09 23:00:00,2672.36,2675.4,2662.56,2671.4
2025-01-10 03:00:00,2671.49,2671.73,2668.69,2670.23
2025-01-10 07:00:00,2670.98,2674.8,2668.5,2673.49
2025-01-10 11:00:00,2673.48,2678.4,2671.5,2678.21
2025-01-10 15:00:00,2678.21,2682.73,2673.52,2680.99
2025-01-10 19:00:00,2681.0,2693.29,2663.88,2688.02
2025-01-10 23:00:00,2684.44,2697.9,2682.47,2687.32
2025-01-11 03:00:00,2687.33,2693.36,2684.32,2689.04
2025-01-13 07:00:00,2688.79,2693.35,2679.25,2688.63
2025-01-13 11:00:00,2688.58,2691.18,2683.34,2689.81
2025-01-13 15:00:00,2689.75,2690.26,2677.29,2679.37
2025-01-13 19:00:00,2679.31,2680.6,2663.61,2671.76
2025-01-13 23:00:00,2671.67,2672.97,2657.51,2659.21
2025-01-14 03:00:00,2659.34,2664.15,2656.71,2662.9
2025-01-14 07:00:00,2663.22,2672.21,2663.22,2670.48
2025-01-14 11:00:00,2670.46,2675.31,2667.31,2668.94
2025-01-14 15:00:00,2669.1,2674.5,2664.66,2666.58
2025-01-14 19:00:00,2666.59,2674.31,2659.81,2665.1
2025-01-14 23:00:00,2665.21,2674.02,2665.17,2672.31
2025-01-15 03:00:00,2672.3,2678.18,2671.73,2677.15
2025-01-15 07:00:00,2677.93,2678.25,2669.26,2673.45
2025-01-15 11:00:00,2673.45,2683.3,2672.2,2681.01
2025-01-15 15:00:00,2681.14,2688.96,2680.08,2688.34
2025-01-15 19:00:00,2688.58,2695.98,2678.06,2682.1
2025-01-15 23:00:00,2682.09,2694.9,2676.45,2694.04
2025-01-16 03:00:00,2694.03,2697.32,2692.5,2696.18
2025-01-16 07:00:00,2694.43,2702.15,2692.74,2697.4
2025-01-16 11:00:00,2697.38,2698.36,2689.8,2694.01
2025-01-16 15:00:00,2693.98,2708.57,2693.37,2707.64
2025-01-16 19:00:00,2707.78,2719.13,2700.23,2718.23
2025-01-16 23:00:00,2718.33,2724.81,2712.44,2715.27
2025-01-17 03:00:00,2715.3,2717.3,2712.43,2714.34
2025-01-17 07:00:00,2714.05,2717.0,2709.74,2715.85
2025-01-17 11:00:00,2715.79,2717.4,2710.45,2712.64
2025-01-17 15:00:00,2712.65,2714.63,2702.59,2704.05
2025-01-17 19:00:00,2704.07,2712.55,2702.68,2711.74
2025-01-17 23:00:00,2711.52,2717.34,2705.31,2705.6
2025-01-18 03:00:00,2705.63,2707.27,2699.2,2702.37
2025-01-20 07:00:00,2702.37,2703.46,2689.36,2697.36
2025-01-20 11:00:00,2697.41,2713.6,2697.35,2711.68
2025-01-20 15:00:00,2711.67,2711.87,2702.71,2708.52
2025-01-20 19:00:00,2708.36,2712.44,2701.59,2710.46
2025-01-20 23:00:00,2710.46,2711.0,2703.02,2710.61
2025-01-21 03:00:00,2710.6,2711.01,2705.75,2706.2
2025-01-21 07:00:00,2706.81,2725.8,2702.95,2724.59
2025-01-21 11:00:00,2724.69,2729.4,2721.2,2724.37
2025-01-21 15:00:00,2724.19,2732.78,2718.05,2719.9
2025-01-21 19:00:00,2719.9,2738.47,2716.26,2738.17
2025-01-21 23:00:00,2738.12,2745.9,2734.58,2744.53
2025-01-22 03:00:00,2744.54,2745.72,2739.82,2744.66
2025-01-22 07:00:00,2744.8,2749.89,2741.89,2749.1
2025-01-22 11:00:00,2749.08,2758.59,2745.31,2747.05
2025-01-22 15:00:00,2747.02,2763.41,2746.57,2760.03
2025-01-22 19:00:00,2760.03,2761.61,2750.46,2754.0
2025-01-22 23:00:00,2753.95,2760.32,2750.43,2757.85
2025-01-23 03:00:00,2757.87,2757.89,2754.64,2756.04
2025-01-23 07:00:00,2755.7,2756.54,2750.72,2752.7
2025-01-23 11:00:00,2752.67,2755.48,2749.46,2753.2
2025-01-23 15:00:00,2753.22,2754.84,2740.93,2751.26
2025-01-23 19:00:00,2751.33,2754.42,2735.74,2746.11
2025-01-23 23:00:00,2746.2,2758.87,2742.24,2755.78
2025-01-24 03:00:00,2755.85,2758.06,2751.43,2754.48
2025-01-24 07:00:00,2754.8,2775.32,2753.43,2774.2
2025-01-24 11:00:00,2774.15,2778.28,2770.59,2773.89
2025-01-24 15:00:00,2773.91,2777.85,2769.83,2775.72
2025-01-24 19:00:00,2775.76,2784.61,2773.77,2778.42
2025-01-24 23:00:00,2778.43,2786.0,2770.01,2773.41
2025-01-25 03:00:00,2773.42,2775.39,2770.52,2771.6
2025-01-27 07:00:00,2767.59,2772.62,2753.81,2756.33
2025-01-27 11:00:00,2756.31,2762.65,2750.68,2754.59
2025-01-27 15:00:00,2754.59,2770.98,2747.32,2768.08
2025-01-27 19:00:00,2768.06,2772.03,2744.83,2751.43
2025-01-27 23:00:00,2751.33,2751.42,2730.31,2736.98
2025-01-28 03:00:00,2737.01,2743.93,2736.84,2740.62
2025-01-28 07:00:00,2740.74,2745.28,2738.33,2739.35
2025-01-28 11:00:00,2739.36,2744.75,2737.78,2739.49
2025-01-28 15:00:00,2739.47,2745.24,2734.69,2743.21
2025-01-28 19:00:00,2743.24,2756.32,2741.27,2753.64
2025-01-28 23:00:00,2753.58,2763.58,2751.15,2762.11
2025-01-29 03:00:00,2762.06,2764.98,2761.26,2763.26
2025-01-29 07:00:00,2762.93,2766.22,2762.05,2764.24
2025-01-29 11:00:00,2764.28,2764.49,2759.12,2759.28
2025-01-29 15:00:00,2759.26,2765.95,2756.92,2758.17
2025-01-29 19:00:00,2758.16,2761.15,2752.04,2759.24
2025-01-29 23:00:00,2759.29,2759.63,2748.2,2750.39
2025-01-30 03:00:00,2750.3,2759.79,2744.83,2759.72
2025-01-30 07:00:00,2759.22,2762.67,2757.91,2760.36
2025-01-30 11:00:00,2760.3,2766.52,2758.8,2765.45
2025-01-30 15:00:00,2765.49,2779.38,2764.9,2778.42
2025-01-30 19:00:00,2778.38,2788.99,2776.14,2787.63
2025-01-30 23:00:00,2787.61,2798.32,2786.75,2795.04
2025-01-31 03:00:00,2795.09,2798.36,2788.86,2794.1
2025-01-31 07:00:00,2794.98,2799.4,2791.38,2796.05
2025-01-31 11:00:00,2795.96,2798.14,2792.11,2792.82
2025-01-31 15:00:00,2792.84,2800.93,2790.84,2794.31
2025-01-31 19:00:00,2794.2,2812.48,2792.36,2812.15
2025-01-31 23:00:00,2812.25,2817.21,2795.48,2798.94
2025-02-01 03:00:00,2798.94,2802.99,2794.27,2800.57
2025-02-03 07:00:00,2802.07,2813.7,2773.49,2778.09
2025-02-03 11:00:00,2778.08,2788.15,2772.1,2786.84
2025-02-03 15:00:00,2787.04,2800.69,2785.3,2798.05
2025-02-03 19:00:00,2798.02,2830.64,2797.86,2830.5
2025-02-03 23:00:00,2830.51,2830.51,2812.79,2820.99
2025-02-04 03:00:00,2820.74,2823.01,2812.49,2814.56
2025-02-04 07:00:00,2813.06,2824.59,2811.61,2821.28
2025-02-04 11:00:00,2821.27,2824.24,2810.78,2813.29
2025-02-04 15:00:00,2813.32,2821.81,2807.22,2814.78
2025-02-04 19:00:00,2814.73,2841.41,2813.08,2838.45
2025-02-04 23:00:00,2838.52,2845.4,2832.7,2842.73
2025-02-05 03:00:00,2842.71,2844.87,2840.88,2841.89
2025-02-05 07:00:00,2840.9,2853.84,2839.65,2851.11
2025-02-05 11:00:00,2851.11,2861.89,2849.63,2859.31
2025-02-05 15:00:00,2859.29,2876.95,2854.88,2867.81
2025-02-05 19:00:00,2867.92,2872.65,2858.61,2870.74
2025-02-05 23:00:00,2870.75,2882.3,2863.1,2865.66
2025-02-06 03:00:00,2865.67,2869.04,2859.85,2867.08
2025-02-06 07:00:00,2867.46,2873.25,2863.78,2870.56
2025-02-06 11:00:00,2870.48,2872.27,2858.22,2859.25
2025-02-06 15:00:00,2859.27,2861.88,2848.77,2859.21
2025-02-06 19:00:00,2858.77,2870.31,2841.27,2842.05
2025-02-06 23:00:00,2842.0,2854.71,2833.96,2852.64
2025-02-07 03:00:00,2852.66,2857.25,2850.32,2855.66
2025-02-07 07:00:00,2855.86,2869.12,2855.57,2868.76
2025-02-07 11:00:00,2868.73,2870.39,2858.78,2860.71
2025-02-07 15:00:00,2860.71,2870.74,2860.09,2867.51
2025-02-07 19:00:00,2867.48,2878.22,2852.17,2876.31
2025-02-07 23:00:00,2875.94,2886.86,2853.41,2861.16
2025-02-08 03:00:00,2861.35,2863.86,2858.92,2861.82
2025-02-10 07:00:00,2855.81,2876.64,2855.7,2873.91
2025-02-10 11:00:00,2873.9,2892.13,2871.23,2888.4
2025-02-10 15:00:00,2888.42,2906.21,2886.56,2902.35
2025-02-10 19:00:00,2902.47,2910.78,2896.42,2908.6
2025-02-10 23:00:00,2908.59,2911.47,2896.45,2905.16
2025-02-11 03:00:00,2905.16,2908.18,2902.59,2907.79
2025-02-11 07:00:00,2907.56,2942.65,2905.34,2918.54
2025-02-11 11:00:00,2918.82,2929.38,2911.3,2917.86
2025-02-11 15:00:00,2917.91,2918.38,2901.76,2902.62
2025-02-11 19:00:00,2902.61,2906.68,2881.34,2896.48
2025-02-11 23:00:00,2896.49,2908.67,2890.61,2905.93
2025-02-12 03:00:00,2905.93,2906.52,2894.02,2897.37
2025-02-12 07:00:00,2897.08,2900.76,2883.3,2892.34
2025-02-12 11:00:00,2892.33,2894.54,2883.8,2892.5
2025-02-12 15:00:00,2892.51,2895.82,2878.99,2882.75
2025-02-12 19:00:00,2882.74,2898.0,2864.23,2894.55
2025-02-12 23:00:00,2894.61,2909.16,2886.78,2900.96
2025-02-13 03:00:00,2901.02,2904.25,2893.44,2903.81
2025-02-13 07:00:00,2904.35,2909.05,2900.52,2908.8
2025-02-13 11:00:00,2908.79,2922.85,2907.2,2916.06
2025-02-13 15:00:00,2916.1,2920.56,2909.32,2917.97
2025-02-13 19:00:00,2917.9,2921.36,2905.73,2915.07
2025-02-13 23:00:00,2915.14,2925.36,2912.83,2924.2
2025-02-14 03:00:00,2924.18,2929.35,2923.85,2928.29
2025-02-14 07:00:00,2928.13,2933.89,2925.83,2927.41
2025-02-14 11:00:00,2927.45,2936.86,2923.17,2934.23
2025-02-14 15:00:00,2934.26,2939.94,2930.64,2935.89
2025-02-14 19:00:00,2935.88,2937.54,2914.11,2920.96
2025-02-14 23:00:00,2920.95,2921.71,2882.09,2883.79
2025-02-15 03:00:00,2883.85,2886.22,2876.73,2882.9
2025-02-17 07:00:00,2885.9,2899.81,2878.53,2899.16
2025-02-17 11:00:00,2899.18,2905.2,2888.06,2896.68
2025-02-17 15:00:00,2896.72,2906.44,2895.05,2902.83
2025-02-17 19:00:00,2902.87,2903.9,2895.31,2902.9
2025-02-17 23:00:00,2902.9,2904.13,2896.58,2898.24
2025-02-18 03:00:00,2898.23,2899.09,2896.88,2899.05
2025-02-18 07:00:00,2898.6,2905.19,2891.78,2903.19
2025-02-18 11:00:00,2903.25,2915.6,2902.82,2913.6
2025-02-18 15:00:00,2913.61,2915.47,2907.05,2911.19
2025-02-18 19:00:00,2911.21,2928.63,2909.72,2927.85
2025-02-18 23:00:00,2927.94,2933.76,2923.52,2933.29
2025-02-19 03:00:00,2933.26,2936.97,2931.95,2935.11
2025-02-19 07:00:00,2934.34,2939.71,2923.98,2929.2
2025-02-19 11:00:00,2929.24,2935.85,2924.72,2931.62
2025-02-19 15:00:00,2931.4,2946.97,2930.38,2944.89
2025-02-19 19:00:00,2944.88,2946.08,2929.85,2938.05
2025-02-19 23:00:00,2938.06,2939.15,2918.48,2924.77
2025-02-20 03:00:00,2924.82,2937.31,2923.5,2932.99
2025-02-20 07:00:00,2933.25,2942.45,2933.25,2941.01
2025-02-20 11:00:00,2940.9,2948.91,2939.28,2947.88
2025-02-20 15:00:00,2947.9,2954.96,2946.39,2952.31
2025-02-20 19:00:00,2952.34,2952.95,2924.02,2935.09
2025-02-20 23:00:00,2935.07,2946.98,2931.73,2941.62
2025-02-21 03:00:00,2941.74,2941.89,2933.59,2939.06
2025-02-21 07:00:00,2938.17,2949.68,2926.17,2939.12
2025-02-21 11:00:00,2939.06,2939.8,2924.24,2929.74
2025-02-21 15:00:00,2929.73,2933.0,2916.64,2930.46
2025-02-21 19:00:00,2930.49,2938.98,2926.85,2933.78
2025-02-21 23:00:00,2933.53,2942.8,2921.64,2941.82
2025-02-22 03:00:00,2941.9,2942.64,2932.04,2935.98
2025-02-24 07:00:00,2934.27,2940.9,2921.07,2940.79
2025-02-24 11:00:00,2940.61,2944.52,2935.19,2938.67
2025-02-24 15:00:00,2938.66,2948.84,2934.76,2938.36
2025-02-24 19:00:00,2938.42,2956.18,2934.7,2938.54
2025-02-24 23:00:00,2938.38,2947.97,2930.64,2947.43
2025-02-25 03:00:00,2947.42,2953.05,2946.76,2952.43
2025-02-25 07:00:00,2952.94,2953.67,2945.09,2948.68
2025-02-25 11:00:00,2948.49,2949.47,2933.28,2935.92
2025-02-25 15:00:00,2935.95,2942.38,2929.36,2937.37
2025-02-25 19:00:00,2937.45,2944.78,2923.98,2932.77
2025-02-25 23:00:00,2932.83,2934.61,2887.94,2909.47
2025-02-26 03:00:00,2909.48,2917.23,2905.63,2914.85
2025-02-26 07:00:00,2915.2,2929.91,2913.56,2921.09
2025-02-26 11:00:00,2921.06,2921.78,2906.6,2906.71
2025-02-26 15:00:00,2906.74,2919.11,2905.78,2912.74
2025-02-26 19:00:00,2912.74,2915.57,2890.76,2901.59
2025-02-26 23:00:00,2901.63,2916.72,2898.56,2914.84
2025-02-27 03:00:00,2914.85,2918.79,2911.87,2916.3
2025-02-27 07:00:00,2916.74,2920.75,2904.39,2906.63
2025-02-27 11:00:00,2906.74,2909.09,2888.34,2894.27
2025-02-27 15:00:00,2894.2,2896.55,2876.85,2892.2
2025-02-27 19:00:00,2892.21,2894.79,2867.72,2872.4
2025-02-27 23:00:00,2872.34,2887.38,2870.39,2887.38
2025-02-28 03:00:00,2887.39,2887.73,2871.22,2876.86
2025-02-28 07:00:00,2877.32,2885.01,2870.27,2873.36
2025-02-28 11:00:00,2873.35,2876.37,2856.68,2863.58
2025-02-28 15:00:00,2863.51,2865.29,2851.1,2862.79
2025-02-28 19:00:00,2862.85,2864.98,2833.51,2833.98
2025-02-28 23:00:00,2833.94,2853.94,2832.47,2845.35
2025-03-01 03:00:00,2845.43,2859.11,2844.2,2858.82
2025-03-03 07:00:00,2860.06,2876.77,2860.02,2868.08
2025-03-03 11:00:00,2868.05,2868.47,2859.32,2865.47
2025-03-03 15:00:00,2865.47,2873.65,2858.66,2871.92
2025-03-03 19:00:00,2871.94,2882.9,2868.68,2877.35
2025-03-03 23:00:00,2877.07,2893.11,2873.78,2890.02
2025-03-04 03:00:00,2890.04,2895.19,2878.37,2892.95
2025-03-04 07:00:00,2891.94,2893.71,2881.87,2885.5
2025-03-04 11:00:00,2885.51,2894.3,2884.23,2887.27
2025-03-04 15:00:00,2887.34,2921.14,2886.95,2914.7
2025-03-04 19:00:00,2914.66,2927.85,2903.45,2903.53
2025-03-04 23:00:00,2903.1,2916.36,2900.13,2911.3
2025-03-05 03:00:00,2911.3,2920.38,2911.21,2917.81
2025-03-05 07:00:00,2917.82,2918.12,2901.75,2904.36
2025-03-05 11:00:00,2904.35,2921.71,2903.54,2916.89
2025-03-05 15:00:00,2916.97,2922.48,2908.84,2913.01
2025-03-05 19:00:00,2912.98,2919.19,2894.29,2911.88
2025-03-05 23:00:00,2911.78,2929.97,2908.16,2917.44
2025-03-06 03:00:00,2917.5,2923.04,2916.24,2918.85
2025-03-06 07:00:00,2918.78,2926.6,2915.73,2925.63
2025-03-06 11:00:00,2925.61,2925.65,2914.33,2920.54
2025-03-06 15:00:00,2920.55,2922.53,2891.01,2899.21
2025-03-06 19:00:00,2899.24,2916.64,2898.53,2915.24
2025-03-06 23:00:00,2915.2,2922.66,2909.09,2916.17
2025-03-07 03:00:00,2916.27,2917.79,2908.36,2910.86
2025-03-07 07:00:00,2911.6,2913.55,2896.93,2908.02
2025-03-07 11:00:00,2907.89,2914.79,2903.94,2913.56
2025-03-07 15:00:00,2913.57,2922.96,2911.7,2917.96
2025-03-07 19:00:00,2917.97,2928.68,2903.65,2926.89
2025-03-07 23:00:00,2926.62,2930.27,2902.12,2906.56
2025-03-08 03:00:00,2906.55,2912.51,2904.57,2912.13
2025-03-10 06:00:00,2911.56,2918.11,2909.82,2912.12
2025-03-10 10:00:00,2912.13,2914.47,2906.89,2909.91
2025-03-10 14:00:00,2909.91,2915.42,2896.56,2911.36
2025-03-10 18:00:00,2911.31,2911.42,2895.27,2903.7
2025-03-10 22:00:00,2903.62,2910.48,2882.85,2886.12
2025-03-11 02:00:00,2886.16,2890.96,2880.15,2889.14
2025-03-11 06:00:00,2888.09,2890.91,2879.84,2890.64
2025-03-11 10:00:00,2890.61,2900.48,2889.78,2895.91
2025-03-11 14:00:00,2896.15,2912.41,2893.51,2911.82
2025-03-11 18:00:00,2911.72,2922.02,2906.67,2918.11
2025-03-11 22:00:00,2918.13,2920.72,2911.72,2917.68
2025-03-12 02:00:00,2917.7,2921.33,2915.1,2915.61
2025-03-12 06:00:00,2915.62,2919.77,2910.78,2914.88
2025-03-12 10:00:00,2914.83,2920.06,2912.02,2916.07
2025-03-12 14:00:00,2916.08,2925.23,2908.84,2914.76
2025-03-12 18:00:00,2914.57,2923.08,2905.92,2915.65
2025-03-12 22:00:00,2915.63,2940.49,2914.21,2936.16
2025-03-13 02:00:00,2936.16,2937.47,2930.83,2933.29
2025-03-13 06:00:00,2933.5,2941.33,2933.37,2937.96
2025-03-13 10:00:00,2938.01,2947.02,2937.59,2940.03
2025-03-13 14:00:00,2940.0,2948.84,2932.66,2947.66
2025-03-13 18:00:00,2947.69,2952.5,2938.87,2950.49
2025-03-13 22:00:00,2950.52,2985.23,2949.9,2979.36
2025-03-14 02:00:00,2979.29,2989.19,2978.97,2988.76
2025-03-14 06:00:00,2988.26,2990.12,2981.82,2987.78
2025-03-14 10:00:00,2987.74,2993.94,2981.84,2986.43
2025-03-14 14:00:00,2986.45,2999.47,2980.76,2998.7
2025-03-14 18:00:00,2998.67,3004.83,2982.98,2985.74
2025-03-14 22:00:00,2985.39,2993.37,2978.25,2986.51
2025-03-15 02:00:00,2986.67,2988.69,2981.71,2988.31
2025-03-17 06:00:00,2984.59,2994.14,2983.87,2990.75
2025-03-17 10:00:00,2990.8,2991.94,2982.27,2986.18
2025-03-17 14:00:00,2986.16,2996.88,2983.11,2995.63
2025-03-17 18:00:00,2995.65,3001.22,2984.67,2988.38
2025-03-17 22:00:00,2987.98,3000.48,2987.26,2997.78
2025-03-18 02:00:00,2997.79,3001.89,2996.71,3000.86
2025-03-18 06:00:00,3001.38,3008.35,2999.39,3005.75
2025-03-18 10:00:00,3005.77,3017.2,3002.93,3011.96
2025-03-18 14:00:00,3011.96,3028.47,3010.38,3020.3
2025-03-18 18:00:00,3020.06,3038.1,3019.66,3033.29
2025-03-18 22:00:00,3033.11,3036.87,3024.41,3032.6
2025-03-19 02:00:00,3032.61,3038.03,3032.32,3033.83
2025-03-19 06:00:00,3033.92,3034.99,3027.32,3029.53
2025-03-19 10:00:00,3029.42,3045.31,3029.13,3044.38
2025-03-19 14:00:00,3044.39,3044.79,3022.48,3030.3
2025-03-19 18:00:00,3030.29,3041.09,3027.64,3033.22
2025-03-19 22:00:00,3033.18,3038.41,3025.69,3029.92
2025-03-20 02:00:00,3029.89,3051.72,3029.25,3047.16
2025-03-20 06:00:00,3048.55,3056.16,3046.85,3049.68
2025-03-20 10:00:00,3049.65,3057.42,3044.9,3046.99
2025-03-20 14:00:00,3047.0,3051.43,3038.69,3041.46
2025-03-20 18:00:00,3041.45,3042.29,3025.77,3032.9
2025-03-20 22:00:00,3032.87,3043.17,3030.63,3041.67
2025-03-21 02:00:00,3041.77,3045.97,3040.8,3044.61
2025-03-21 06:00:00,3044.78,3047.51,3035.71,3035.82
2025-03-21 10:00:00,3035.84,3037.01,3021.57,3028.14
2025-03-21 14:00:00,3028.19,3034.82,3027.18,3029.54
2025-03-21 18:00:00,3029.5,3038.24,3004.26,3006.65
2025-03-21 22:00:00,3006.45,3018.23,2999.11,3013.79
2025-03-22 02:00:00,3013.78,3024.11,3013.49,3023.03
2025-03-24 06:00:00,3023.82,3026.44,3017.02,3020.94
2025-03-24 10:00:00,3021.13,3024.31,3013.77,3021.99
2025-03-24 14:00:00,3022.06,3030.95,3017.19,3023.63
2025-03-24 18:00:00,3023.67,3033.33,3019.06,3022.45
2025-03-24 22:00:00,3022.26,3024.09,3005.78,3007.06
2025-03-25 02:00:00,3007.06,3014.27,3002.45,3011.88
2025-03-25 06:00:00,3011.05,3014.91,3008.9,3011.76
2025-03-25 10:00:00,3011.76,3021.0,3007.41,3018.23
2025-03-25 14:00:00,3018.3,3023.42,3010.5,3023.26
2025-03-25 18:00:00,3023.18,3030.51,3014.25,3028.77
2025-03-25 22:00:00,3028.79,3035.96,3017.65,3022.7
2025-03-26 02:00:00,3022.64,3022.81,3017.7,3019.81
2025-03-26 06:00:00,3019.47,3025.48,3016.34,3024.75
2025-03-26 10:00:00,3024.78,3027.13,3013.06,3022.59
2025-03-26 14:00:00,3022.48,3032.01,3017.56,3018.7
2025-03-26 18:00:00,3018.71,3030.35,3015.98,3016.66
2025-03-26 22:00:00,3016.54,3021.71,3012.0,3018.61
2025-03-27 02:00:00,3018.6,3021.81,3015.75,3019.14
2025-03-27 06:00:00,3019.31,3028.21,3017.53,3023.65
2025-03-27 10:00:00,3023.66,3038.54,3023.29,3029.76
2025-03-27 14:00:00,3029.75,3041.06,3026.68,3039.9
2025-03-27 18:00:00,3039.9,3055.93,3033.3,3040.62
2025-03-27 22:00:00,3040.59,3059.62,3040.59,3052.8
2025-03-28 02:00:00,3052.77,3057.84,3052.68,3056.72
2025-03-28 06:00:00,3055.9,3074.08,3054.15,3073.92
2025-03-28 10:00:00,3073.8,3082.11,3069.56,3077.87
2025-03-28 14:00:00,3077.88,3085.98,3065.81,3072.84
2025-03-28 18:00:00,3072.88,3083.98,3067.43,3083.28
2025-03-28 22:00:00,3083.05,3086.74,3067.39,3077.4
2025-03-29 02:00:00,3077.43,3085.88,3073.51,3083.97
2025-03-31 06:00:00,3087.9,3097.55,3076.68,3094.8
2025-03-31 10:00:00,3094.79,3119.69,3093.9,3116.49
2025-03-31 14:00:00,3116.16,3127.71,3111.83,3114.93
2025-03-31 18:00:00,3115.02,3126.39,3099.75,3113.57
2025-03-31 22:00:00,3113.5,3127.09,3110.88,3117.9
2025-04-01 02:00:00,3117.89,3124.76,3117.27,3123.99
2025-04-01 06:00:00,3124.73,3138.0,3119.9,3135.45
2025-04-01 10:00:00,3135.49,3148.94,3130.6,3131.97
2025-04-01 14:00:00,3132.16,3138.16,3123.99,3132.25
2025-04-01 18:00:00,3132.39,3138.97,3127.52,3134.02
2025-04-01 22:00:00,3133.93,3135.38,3100.78,3113.65
2025-04-02 02:00:00,3113.69,3120.73,3113.17,3114.06
2025-04-02 06:00:00,3114.01,3135.19,3107.68,3133.0
2025-04-02 10:00:00,3133.06,3135.6,3109.79,3118.12
2025-04-02 14:00:00,3118.1,3133.83,3111.85,3131.11
2025-04-02 18:00:00,3131.12,3132.15,3110.13,3121.94
2025-04-02 22:00:00,3121.9,3134.34,3119.25,3123.63
2025-04-03 02:00:00,3123.59,3141.91,3105.1,3130.97
2025-04-03 06:00:00,3131.52,3167.68,3123.34,3153.5
2025-04-03 10:00:00,3153.31,3155.42,3123.87,3131.87
2025-04-03 14:00:00,3131.89,3134.04,3116.69,3121.44
2025-04-03 18:00:00,3121.54,3123.06,3054.07,3085.82
2025-04-03 22:00:00,3086.96,3135.6,3086.96,3109.56
2025-04-04 02:00:00,3109.46,3119.29,3101.49,3114.27
2025-04-04 06:00:00,3114.01,3116.72,3105.84,3109.84
2025-04-04 10:00:00,3109.83,3112.94,3086.82,3108.86
2025-04-04 14:00:00,3108.89,3109.9,3078.36,3090.64
2025-04-04 18:00:00,3090.66,3136.35,3059.71,3061.73
2025-04-04 22:00:00,3061.73,3061.73,3015.69,3025.74
2025-04-05 02:00:00,3025.73,3041.01,3017.85,3036.78
2025-04-07 06:00:00,3028.8,3054.63,2970.65,3038.37
2025-04-07 10:00:00,3038.42,3055.42,3017.06,3031.73
2025-04-07 14:00:00,3031.64,3035.44,3013.27,3024.9
2025-04-07 18:00:00,3024.93,3046.03,3001.95,3015.39
2025-04-07 22:00:00,3015.3,3037.86,2956.57,2970.1
2025-04-08 02:00:00,2970.08,2986.15,2964.02,2981.85
2025-04-08 06:00:00,2982.28,3003.14,2978.42,2999.8
2025-04-08 10:00:00,2999.76,3008.43,2990.53,3005.63
2025-04-08 14:00:00,3005.32,3015.72,2994.9,3006.82
2025-04-08 18:00:00,3006.78,3022.7,3002.21,3010.18
2025-04-08 22:00:00,3010.01,3018.26,2974.83,2985.14
2025-04-09 02:00:00,2985.14,2992.0,2976.63,2982.02
2025-04-09 06:00:00,2983.85,3009.82,2970.1,3008.58
2025-04-09 10:00:00,3008.58,3020.35,2999.44,3015.62
2025-04-09 14:00:00,3015.53,3052.21,3014.84,3045.04
2025-04-09 18:00:00,3045.02,3078.04,3035.99,3075.04
2025-04-09 22:00:00,3074.98,3098.9,3050.93,3059.69
2025-04-10 02:00:00,3059.7,3099.53,3048.56,3082.77
2025-04-10 06:00:00,3080.68,3101.27,3071.4,3094.15
2025-04-10 10:00:00,3094.19,3132.52,3094.0,3122.27
2025-04-10 14:00:00,3122.05,3126.54,3103.16,3116.5
2025-04-10 18:00:00,3116.63,3136.45,3113.19,3117.08
2025-04-10 22:00:00,3117.23,3175.05,3116.9,3162.68
2025-04-11 02:00:00,3162.81,3176.43,3158.0,3175.38
2025-04-11 06:00:00,3176.87,3219.61,3175.95,3207.15
2025-04-11 10:00:00,3207.2,3220.04,3187.39,3195.9
2025-04-11 14:00:00,3195.92,3230.18,3190.19,3227.69
2025-04-11 18:00:00,3227.79,3244.2,3210.03,3223.66
2025-04-11 22:00:00,3223.85,3245.13,3219.67,3233.95
2025-04-12 02:00:00,3234.0,3238.3,3227.48,3237.94
2025-04-14 06:00:00,3219.1,3243.56,3209.81,3239.76
2025-04-14 10:00:00,3239.75,3245.67,3221.25,3234.55
2025-04-14 14:00:00,3234.5,3238.02,3216.48,3223.89
2025-04-14 18:00:00,3223.88,3227.8,3193.65,3204.7
2025-04-14 22:00:00,3204.69,3216.38,3195.45,3214.07
2025-04-15 02:00:00,3214.11,3214.82,3201.42,3210.66
2025-04-15 06:00:00,3211.92,3225.99,3209.77,3223.62
2025-04-15 10:00:00,3223.64,3232.62,3218.79,3224.65
2025-04-15 14:00:00,3224.66,3232.15,3217.24,3222.59
2025-04-15 18:00:00,3222.61,3226.95,3211.66,3212.98
2025-04-15 22:00:00,3212.95,3230.64,3212.95,3227.86
2025-04-16 02:00:00,3227.91,3233.66,3225.58,3229.43
2025-04-16 06:00:00,3230.45,3274.99,3229.68,3269.99
2025-04-16 10:00:00,3270.01,3291.81,3266.23,3289.74
2025-04-16 14:00:00,3289.88,3317.78,3286.13,3303.47
2025-04-16 18:00:00,3303.52,3316.49,3292.91,3311.52
2025-04-16 22:00:00,3311.62,3332.99,3305.19,3327.55
2025-04-17 02:00:00,3328.0,3342.85,3326.34,3342.79
2025-04-17 06:00:00,3343.17,3357.78,3320.47,3324.04
2025-04-17 10:00:00,3324.01,3345.5,3321.01,3329.48
2025-04-17 14:00:00,3329.48,3332.96,3312.5,3321.66
2025-04-17 18:00:00,3321.54,3341.67,3312.04,3315.18
2025-04-17 22:00:00,3315.0,3322.51,3283.79,3319.05
2025-04-18 02:00:00,3319.07,3328.7,3310.84,3327.12
2025-04-21 06:00:00,3331.29,3378.61,3328.96,3377.59
2025-04-21 10:00:00,3377.6,3385.97,3369.27,3385.52
2025-04-21 14:00:00,3385.55,3397.14,3381.79,3394.74
2025-04-21 18:00:00,3394.81,3426.81,3386.55,3420.42
2025-04-21 22:00:00,3420.39,3430.36,3406.01,3422.31
2025-04-22 02:00:00,3422.43,3430.39,3417.54,3424.13
2025-04-22 06:00:00,3423.85,3455.04,3412.23,3452.95
2025-04-22 10:00:00,3452.99,3495.53,3442.29,3494.12
2025-04-22 14:00:00,3494.34,3499.97,3443.15,3454.54
2025-04-22 18:00:00,3454.49,3468.28,3408.56,3418.63
2025-04-22 22:00:00,3418.62,3438.83,3372.09,3401.87
2025-04-23 02:00:00,3401.88,3402.55,3366.71,3381.0
2025-04-23 06:00:00,3321.96,3386.56,3315.54,3379.11
2025-04-23 10:00:00,3378.9,3379.89,3316.0,3319.23
2025-04-23 14:00:00,3319.26,3340.5,3291.75,3317.61
2025-04-23 18:00:00,3317.48,3339.31,3271.22,3277.18
2025-04-23 22:00:00,3277.19,3305.61,3259.96,3281.26
2025-04-24 02:00:00,3281.35,3297.18,3277.8,3288.35
2025-04-24 06:00:00,3290.74,3367.23,3290.74,3357.24
2025-04-24 10:00:00,3357.16,3363.35,3320.4,3323.7
2025-04-24 14:00:00,3323.62,3342.68,3314.68,3335.65
2025-04-24 18:00:00,3335.66,3344.69,3312.28,3315.34
2025-04-24 22:00:00,3315.37,3338.68,3306.33,3336.81
2025-04-25 02:00:00,3336.77,3350.01,3333.34,3348.68
2025-04-25 06:00:00,3354.47,3370.97,3340.56,3345.67
2025-04-25 10:00:00,3345.7,3354.33,3286.5,3294.55
2025-04-25 14:00:00,3294.24,3314.39,3287.59,3292.15
2025-04-25 18:00:00,3292.08,3306.41,3265.05,3280.88
2025-04-25 22:00:00,3280.52,3295.19,3270.17,3293.18
2025-04-26 02:00:00,3293.23,3316.43,3287.85,3316.31
2025-04-28 06:00:00,3329.58,3331.25,3279.13,3280.92
2025-04-28 10:00:00,3281.28,3300.99,3267.98,3294.89
2025-04-28 14:00:00,3294.98,3296.6,3274.53,3274.57
2025-04-28 18:00:00,3274.58,3302.33,3273.09,3293.21
2025-04-28 22:00:00,3293.34,3340.04,3293.34,3335.4
2025-04-29 02:00:00,3335.41,3353.06,3333.91,3344.13
2025-04-29 06:00:00,3345.19,3348.61,3322.64,3326.54
2025-04-29 10:00:00,3326.44,3333.88,3305.23,3310.35
2025-04-29 14:00:00,3310.3,3324.89,3308.53,3309.25
2025-04-29 18:00:00,3309.12,3321.35,3299.42,3306.67
2025-04-29 22:00:00,3306.92,3330.01,3299.57,3314.43
2025-04-30 02:00:00,3314.41,3325.05,3313.14,3316.93
2025-04-30 06:00:00,3315.82,3328.01,3307.66,3307.98
2025-04-30 10:00:00,3307.73,3314.61,3301.22,3309.48
2025-04-30 14:00:00,3309.57,3314.72,3275.11,3275.87
2025-04-30 18:00:00,3275.86,3319.72,3266.58,3309.13
2025-04-30 22:00:00,3308.95,3314.71,3292.86,3305.11
2025-05-01 02:00:00,3305.14,3307.8,3283.2,3288.61
2025-05-01 06:00:00,3287.66,3290.04,3234.4,3238.89
2025-05-01 10:00:00,3238.92,3251.77,3221.34,3236.66
2025-05-01 14:00:00,3236.68,3243.21,3215.61,3218.52
2025-05-01 18:00:00,3218.58,3233.33,3201.67,3224.92
2025-05-01 22:00:00,3223.98,3231.54,3204.67,3214.55
2025-05-02 02:00:00,3214.56,3239.61,3212.77,3237.61
2025-05-02 06:00:00,3240.73,3244.3,3227.48,3236.52
2025-05-02 10:00:00,3236.56,3258.66,3235.82,3251.67
2025-05-02 14:00:00,3251.73,3266.99,3246.28,3265.33
2025-05-02 18:00:00,3265.38,3269.17,3239.32,3250.37
2025-05-02 22:00:00,3250.31,3264.51,3222.64,3231.42
2025-05-03 02:00:00,3231.43,3241.2,3224.33,3240.62
2025-05-05 06:00:00,3241.79,3270.97,3237.67,3264.68
2025-05-05 10:00:00,3264.79,3272.37,3253.14,3259.7
2025-05-05 14:00:00,3259.73,3308.89,3256.73,3308.71
2025-05-05 18:00:00,3308.81,3322.55,3308.5,3315.57
2025-05-05 22:00:00,3313.21,3328.47,3305.57,3317.05
2025-05-06 02:00:00,3316.98,3337.52,3313.98,3333.56
2025-05-06 06:00:00,3335.68,3381.44,3323.09,3379.54
2025-05-06 10:00:00,3380.09,3387.0,3350.09,3361.95
2025-05-06 14:00:00,3361.18,3383.17,3358.65,3383.12
2025-05-06 18:00:00,3383.14,3397.62,3373.09,3391.78
2025-05-06 22:00:00,3391.79,3417.78,3377.95,3414.07
2025-05-07 02:00:00,3413.94,3434.68,3410.14,3430.51
2025-05-07 06:00:00,3425.84,3430.24,3360.0,3374.65
2025-05-07 10:00:00,3374.63,3393.81,3369.61,3387.8
2025-05-07 14:00:00,3387.83,3397.48,3369.68,3370.16
2025-05-07 18:00:00,3370.04,3398.05,3369.32,3394.37
2025-05-07 22:00:00,3394.4,3394.7,3375.36,3384.4
2025-05-08 02:00:00,3384.65,3397.87,3363.42,3364.24
2025-05-08 06:00:00,3366.96,3409.68,3366.74,3408.73
2025-05-08 10:00:00,3408.44,3414.7,3354.38,3354.91
2025-05-08 14:00:00,3355.1,3361.82,3319.97,3332.02
2025-05-08 18:00:00,3332.0,3369.5,3330.35,3356.07
2025-05-08 22:00:00,3356.11,3362.89,3297.55,3308.35
2025-05-09 02:00:00,3308.33,3310.96,3288.76,3305.78
2025-05-09 06:00:00,3307.84,3324.01,3286.66,3291.25
2025-05-09 10:00:00,3291.27,3330.34,3274.81,3321.6
2025-05-09 14:00:00,3321.6,3332.32,3315.35,3325.1
2025-05-09 18:00:00,3324.97,3340.44,3321.89,3330.79
2025-05-09 22:00:00,3330.76,3347.48,3320.26,3340.84
2025-05-10 02:00:00,3340.86,3342.99,3325.17,3325.42
2025-05-12 06:00:00,3287.71,3291.71,3258.72,3271.92
2025-05-12 10:00:00,3271.91,3284.74,3268.43,3276.09
2025-05-12 14:00:00,3276.09,3281.57,3212.96,3215.25
2025-05-12 18:00:00,3215.22,3248.6,3207.71,3240.61
2025-05-12 22:00:00,3240.3,3247.81,3221.12,3223.26
2025-05-13 02:00:00,3223.26,3238.84,3220.28,3234.72
2025-05-13 06:00:00,3238.96,3243.37,3215.51,3225.11
2025-05-13 10:00:00,3225.17,3260.62,3223.14,3256.56
2025-05-13 14:00:00,3256.86,3265.43,3247.25,3253.41
2025-05-13 18:00:00,3253.4,3258.58,3227.14,3227.42
2025-05-13 22:00:00,3227.35,3257.87,3225.26,3247.13
2025-05-14 02:00:00,3247.13,3254.88,3245.74,3250.12
2025-05-14 06:00:00,3252.02,3257.01,3237.04,3238.72
2025-05-14 10:00:00,3238.63,3241.51,3221.33,3233.86
2025-05-14 14:00:00,3233.93,3243.7,3224.2,3232.3
2025-05-14 18:00:00,3232.28,3239.13,3174.89,3191.46
2025-05-14 22:00:00,3191.44,3194.23,3173.48,3181.82
2025-05-15 02:00:00,3181.83,3183.26,3167.67,3177.43
2025-05-15 06:00:00,3178.06,3192.69,3171.07,3172.43
2025-05-15 10:00:00,3172.46,3175.59,3123.65,3128.92
2025-05-15 14:00:00,3128.96,3171.7,3120.44,3165.35
2025-05-15 18:00:00,3165.21,3199.64,3164.04,3192.18
2025-05-15 22:00:00,3192.23,3229.09,3190.46,3221.11
2025-05-16 02:00:00,3221.2,3240.62,3219.7,3239.9
2025-05-16 06:00:00,3239.29,3252.27,3215.12,3222.24
2025-05-16 10:00:00,3222.04,3227.34,3206.57,3218.51
2025-05-16 14:00:00,3218.67,3231.23,3195.57,3209.26
2025-05-16 18:00:00,3209.29,3211.07,3154.11,3180.25
2025-05-16 22:00:00,3180.35,3192.25,3165.55,3189.47
2025-05-17 02:00:00,3189.59,3202.85,3184.78,3201.36
2025-05-19 06:00:00,3212.17,3249.79,3206.23,3218.39
2025-05-19 10:00:00,3218.27,3230.58,3206.58,3224.09
2025-05-19 14:00:00,3224.15,3247.5,3220.37,3241.93
2025-05-19 18:00:00,3241.94,3248.4,3224.43,3230.07
2025-05-19 22:00:00,3230.1,3239.78,3217.06,3226.34
2025-05-20 02:00:00,3226.32,3235.84,3225.32,3230.17
2025-05-20 06:00:00,3228.87,3232.75,3214.1,3221.11
2025-05-20 10:00:00,3221.33,3223.08,3204.57,3213.9
2025-05-20 14:00:00,3213.5,3239.41,3207.8,3236.33
2025-05-20 18:00:00,3236.31,3261.71,3231.87,3261.09
2025-05-20 22:00:00,3261.37,3287.93,3260.38,3286.42
2025-05-21 02:00:00,3286.47,3295.7,3284.12,3289.89
2025-05-21 06:00:00,3291.3,3314.24,3285.4,3294.55
2025-05-21 10:00:00,3294.52,3319.72,3289.49,3316.35
2025-05-21 14:00:00,3316.59,3320.64,3303.91,3313.61
2025-05-21 18:00:00,3313.69,3318.29,3290.39,3303.65
2025-05-21 22:00:00,3303.36,3316.35,3295.27,3316.29
2025-05-22 02:00:00,3316.3,3324.89,3311.86,3315.09
2025-05-22 06:00:00,3319.25,3342.94,3315.58,3338.02
2025-05-22 10:00:00,3337.67,3345.35,3326.25,3332.28
2025-05-22 14:00:00,3332.27,3335.7,3304.0,3304.75
2025-05-22 18:00:00,3304.69,3315.82,3282.96,3287.75
2025-05-22 22:00:00,3287.74,3305.01,3279.18,3296.53
2025-05-23 02:00:00,3296.51,3298.9,3289.05,3294.81
2025-05-23 06:00:00,3295.46,3308.89,3286.92,3305.25
2025-05-23 10:00:00,3305.37,3325.66,3290.96,3323.87
2025-05-23 14:00:00,3323.89,3334.49,3322.62,3328.69
2025-05-23 18:00:00,3328.67,3364.71,3323.57,3340.08
2025-05-23 22:00:00,3340.1,3365.88,3336.52,3362.78
2025-05-24 02:00:00,3362.77,3365.85,3356.75,3360.07
2025-05-26 06:00:00,3352.87,3356.25,3331.55,3345.11
2025-05-26 10:00:00,3345.06,3356.59,3343.35,3347.47
2025-05-26 14:00:00,3347.46,3347.61,3323.56,3328.72
2025-05-26 18:00:00,3328.71,3339.07,3326.3,3338.33
2025-05-26 22:00:00,3338.34,3343.69,3335.56,3341.28
2025-05-27 02:00:00,3341.31,3343.22,3341.01,3342.19
2025-05-27 06:00:00,3343.45,3349.87,3331.95,3335.88
2025-05-27 10:00:00,3335.91,3347.32,3315.57,3323.46
2025-05-27 14:00:00,3323.49,3328.35,3292.27,3296.38
2025-05-27 18:00:00,3296.28,3304.63,3287.69,3295.27
2025-05-27 22:00:00,3295.14,3304.37,3285.13,3301.32
2025-05-28 02:00:00,3301.35,3308.06,3299.12,3300.51
2025-05-28 06:00:00,3301.67,3315.88,3297.06,3301.85
2025-05-28 10:00:00,3301.86,3313.55,3291.42,3307.35
2025-05-28 14:00:00,3307.39,3325.51,3298.46,3324.11
2025-05-28 18:00:00,3324.12,3324.68,3297.51,3305.18
2025-05-28 22:00:00,3305.19,3309.11,3288.62,3296.75
2025-05-29 02:00:00,3296.64,3302.97,3276.55,3288.45
2025-05-29 06:00:00,3286.59,3294.76,3245.46,3263.66
2025-05-29 10:00:00,3263.75,3279.95,3261.16,3272.61
2025-05-29 14:00:00,3272.61,3289.39,3268.04,3282.17
2025-05-29 18:00:00,3282.18,3321.97,3282.02,3312.35
2025-05-29 22:00:00,3312.6,3330.96,3304.88,3324.32
2025-05-30 02:00:00,3324.14,3325.71,3315.27,3317.65
2025-05-30 06:00:00,3319.51,3322.77,3308.07,3309.98
2025-05-30 10:00:00,3309.76,3312.25,3289.93,3303.93
2025-05-30 14:00:00,3303.8,3304.24,3287.16,3295.69
2025-05-30 18:00:00,3295.7,3308.16,3274.98,3276.78
2025-05-30 22:00:00,3277.16,3295.67,3271.18,3291.05
2025-05-31 02:00:00,3291.06,3295.79,3289.81,3291.15
2025-06-02 06:00:00,3298.03,3316.57,3298.03,3303.72
2025-06-02 10:00:00,3303.74,3325.6,3303.24,3323.59
2025-06-02 14:00:00,3323.61,3359.13,3323.61,3348.4
2025-06-02 18:00:00,3348.41,3376.25,3344.64,3371.03
2025-06-02 22:00:00,3374.53,3379.36,3367.51,3374.34
2025-06-03 02:00:00,3374.34,3382.95,3370.86,3381.68
2025-06-03 06:00:00,3383.66,3392.18,3363.32,3372.83
2025-06-03 10:00:00,3372.78,3378.11,3356.15,3365.02
2025-06-03 14:00:00,3365.26,3367.39,3351.09,3356.92
2025-06-03 18:00:00,3356.91,3363.17,3340.84,3345.73
2025-06-03 22:00:00,3345.92,3354.6,3333.18,3353.22
2025-06-04 02:00:00,3353.25,3355.53,3350.37,3353.41
2025-06-04 06:00:00,3355.56,3372.44,3346.26,3370.65
2025-06-04 10:00:00,3370.83,3372.64,3347.84,3350.98
2025-06-04 14:00:00,3351.1,3365.1,3349.11,3362.9
2025-06-04 18:00:00,3362.91,3363.99,3343.43,3352.76
2025-06-04 22:00:00,3352.62,3384.58,3351.08,3379.17
2025-06-05 02:00:00,3379.19,3382.2,3370.65,3372.32
2025-06-05 06:00:00,3373.13,3384.2,3370.41,3373.81
2025-06-05 10:00:00,3373.71,3377.27,3361.12,3364.25
2025-06-05 14:00:00,3364.26,3391.27,3363.78,3389.55
2025-06-05 18:00:00,3389.47,3403.57,3370.99,3378.23
2025-06-05 22:00:00,3378.55,3383.31,3339.27,3354.01
2025-06-06 02:00:00,3354.03,3361.29,3350.44,3352.61
2025-06-06 06:00:00,3354.47,3368.66,3353.13,3363.92
2025-06-06 10:00:00,3363.93,3375.49,3359.27,3366.22
2025-06-06 14:00:00,3366.12,3367.8,3352.74,3356.82
2025-06-06 18:00:00,3356.74,3364.36,3342.46,3343.22
2025-06-06 22:00:00,3343.2,3345.0,3316.32,3323.51
2025-06-07 02:00:00,3323.52,3323.91,3307.12,3311.93
2025-06-09 06:00:00,3315.33,3321.11,3294.63,3295.82
2025-06-09 10:00:00,3295.91,3316.61,3293.22,3314.72
2025-06-09 14:00:00,3314.71,3328.58,3312.35,3318.59
2025-06-09 18:00:00,3318.6,3322.49,3310.63,3319.31
2025-06-09 22:00:00,3319.24,3338.29,3316.03,3333.58
2025-06-10 02:00:00,3333.57,3337.02,3325.0,3325.58
2025-06-10 06:00:00,3326.92,3328.0,3302.88,3306.21
2025-06-10 10:00:00,3306.09,3319.19,3301.74,3317.57
2025-06-10 14:00:00,3317.81,3335.01,3315.34,3329.79
2025-06-10 18:00:00,3329.79,3349.11,3328.27,3343.58
2025-06-10 22:00:00,3343.56,3343.76,3319.68,3324.84
2025-06-11 02:00:00,3324.86,3334.55,3319.19,3322.52
2025-06-11 06:00:00,3321.42,3337.5,3315.56,3328.41
2025-06-11 10:00:00,3328.54,3343.18,3327.08,3339.61
2025-06-11 14:00:00,3339.68,3348.54,3330.94,3333.73
2025-06-11 18:00:00,3333.91,3360.73,3326.19,3329.9
2025-06-11 22:00:00,3329.41,3342.73,3319.35,3324.31
2025-06-12 02:00:00,3324.37,3355.69,3323.8,3355.14
2025-06-12 06:00:00,3358.36,3376.99,3356.06,3371.16
2025-06-12 10:00:00,3371.01,3377.79,3367.54,3374.55
2025-06-12 14:00:00,3374.52,3375.67,3338.78,3365.46
2025-06-12 18:00:00,3365.48,3398.88,3362.55,3392.2
2025-06-12 22:00:00,3392.09,3392.99,3377.8,3382.51
2025-06-13 02:00:00,3382.51,3389.25,3381.94,3386.97
2025-06-13 06:00:00,3386.13,3433.26,3379.71,3427.66
2025-06-13 10:00:00,3427.4,3444.51,3418.07,3426.1
2025-06-13 14:00:00,3426.07,3428.68,3407.84,3424.39
2025-06-13 18:00:00,3424.39,3446.76,3411.66,3436.94
2025-06-13 22:00:00,3436.5,3440.0,3419.26,3430.32
2025-06-14 02:00:00,3430.39,3439.44,3428.6,3432.55
2025-06-16 06:00:00,3442.76,3451.34,3433.09,3441.53
2025-06-16 10:00:00,3441.58,3446.29,3417.51,3421.46
2025-06-16 14:00:00,3421.47,3421.48,3409.16,3412.09
2025-06-16 18:00:00,3412.09,3422.69,3382.61,3387.76
2025-06-16 22:00:00,3388.09,3405.82,3387.51,3392.8
2025-06-17 02:00:00,3392.72,3394.05,3382.9,3385.38
2025-06-17 06:00:00,3386.4,3403.35,3386.25,3393.73
2025-06-17 10:00:00,3393.76,3400.48,3373.68,3392.69
2025-06-17 14:00:00,3392.59,3392.59,3375.61,3385.54
2025-06-17 18:00:00,3385.53,3400.19,3383.4,3390.72
2025-06-17 22:00:00,3390.24,3391.91,3366.28,3390.3
2025-06-18 02:00:00,3390.42,3392.52,3382.33,3388.63
2025-06-18 06:00:00,3392.22,3396.16,3378.48,3379.02
2025-06-18 10:00:00,3379.01,3400.01,3370.42,3386.51
2025-06-18 14:00:00,3386.58,3388.46,3375.19,3378.22
2025-06-18 18:00:00,3378.21,3396.7,3375.68,3392.32
2025-06-18 22:00:00,3392.19,3394.6,3373.67,3385.2
2025-06-19 02:00:00,3384.96,3395.6,3362.41,3369.42
2025-06-19 06:00:00,3370.71,3387.8,3369.85,3374.87
2025-06-19 10:00:00,3374.88,3379.52,3360.35,3364.7
2025-06-19 14:00:00,3364.69,3373.67,3347.34,3370.33
2025-06-19 18:00:00,3370.38,3379.02,3361.28,3369.58
2025-06-19 22:00:00,3369.49,3375.43,3361.55,3368.28
2025-06-20 02:00:00,3368.22,3371.43,3366.72,3370.35
2025-06-20 06:00:00,3369.16,3370.51,3356.18,3356.44
2025-06-20 10:00:00,3356.42,3360.6,3342.47,3344.68
2025-06-20 14:00:00,3344.57,3359.25,3340.04,3355.34
2025-06-20 18:00:00,3355.43,3373.86,3341.85,3370.35
2025-06-20 22:00:00,3370.35,3374.49,3365.23,3367.51
2025-06-21 02:00:00,3367.55,3370.75,3364.49,3368.99
2025-06-23 06:00:00,3391.29,3394.68,3351.84,3355.29
2025-06-23 10:00:00,3355.36,3366.2,3347.13,3356.75
2025-06-23 14:00:00,3356.75,3369.06,3351.52,3366.64
2025-06-23 18:00:00,3366.63,3387.68,3355.72,3380.73
2025-06-23 22:00:00,3380.6,3393.42,3369.83,3382.46
2025-06-24 02:00:00,3382.51,3387.6,3367.27,3369.24
2025-06-24 06:00:00,3368.31,3368.81,3333.18,3347.7
2025-06-24 10:00:00,3347.77,3357.81,3326.8,3332.16
2025-06-24 14:00:00,3332.29,3333.14,3315.94,3318.45
2025-06-24 18:00:00,3318.47,3328.99,3295.41,3302.16
2025-06-24 22:00:00,3302.12,3321.25,3298.77,3318.05
2025-06-25 02:00:00,3318.05,3325.16,3315.76,3323.13
2025-06-25 06:00:00,3324.06,3334.9,3320.9,3334.54
2025-06-25 10:00:00,3334.59,3335.25,3325.71,3331.66
2025-06-25 14:00:00,3331.69,3336.99,3321.45,3325.27
2025-06-25 18:00:00,3325.18,3329.54,3311.8,3314.58
2025-06-25 22:00:00,3314.56,3335.35,3312.03,3327.95
2025-06-26 02:00:00,3327.95,3336.09,3326.18,3332.18
2025-06-26 06:00:00,3334.67,3340.03,3329.23,3330.12
2025-06-26 10:00:00,3330.39,3343.27,3329.36,3334.06
2025-06-26 14:00:00,3334.23,3350.28,3330.85,3340.65
2025-06-26 18:00:00,3340.66,3344.07,3309.54,3319.82
2025-06-26 22:00:00,3319.73,3336.32,3311.63,3332.61
2025-06-27 02:00:00,3332.79,3334.9,3327.51,3327.89
2025-06-27 06:00:00,3327.17,3327.57,3313.12,3316.43
2025-06-27 10:00:00,3316.41,3320.45,3289.41,3297.41
2025-06-27 14:00:00,3297.4,3299.76,3281.96,3282.77
2025-06-27 18:00:00,3282.79,3290.94,3255.55,3274.35
2025-06-27 22:00:00,3274.39,3282.87,3263.43,3277.37
2025-06-28 02:00:00,3277.38,3278.45,3268.44,3274.65
2025-06-30 06:00:00,3280.46,3280.69,3246.35,3273.9
2025-06-30 10:00:00,3273.91,3291.49,3273.72,3288.99
2025-06-30 14:00:00,3288.98,3296.86,3277.41,3287.82
2025-06-30 18:00:00,3287.84,3289.01,3274.62,3284.86
2025-06-30 22:00:00,3285.14,3298.46,3279.27,3294.05
2025-07-01 02:00:00,3294.07,3309.44,3292.54,3302.95
2025-07-01 06:00:00,3303.12,3321.01,3302.36,3317.87
2025-07-01 10:00:00,3317.73,3332.35,3314.34,3328.54
2025-07-01 14:00:00,3328.63,3348.0,3325.13,3345.76
2025-07-01 18:00:00,3345.77,3358.05,3344.12,3351.79
2025-07-01 22:00:00,3350.89,3354.36,3336.95,3339.8
2025-07-02 02:00:00,3339.66,3340.39,3336.89,3339.02
2025-07-02 06:00:00,3337.59,3345.04,3330.86,3332.3
2025-07-02 10:00:00,3332.14,3343.89,3328.31,3338.73
2025-07-02 14:00:00,3338.76,3342.39,3327.56,3341.72
2025-07-02 18:00:00,3341.67,3351.19,3334.73,3337.45
2025-07-02 22:00:00,3337.59,3350.51,3333.92,3349.65
2025-07-03 02:00:00,3349.64,3360.04,3348.47,3356.98
2025-07-03 06:00:00,3358.87,3365.77,3341.89,3346.11
2025-07-03 10:00:00,3346.11,3360.38,3345.39,3359.3
2025-07-03 14:00:00,3359.42,3363.65,3343.83,3345.64
2025-07-03 18:00:00,3345.65,3355.54,3311.42,3332.23
2025-07-03 22:00:00,3332.2,3334.92,3323.1,3329.14
2025-07-04 02:00:00,3329.12,3330.26,3325.18,3326.11
2025-07-04 06:00:00,3326.22,3334.35,3323.61,3330.01
2025-07-04 10:00:00,3329.9,3342.24,3326.1,3339.61
2025-07-04 14:00:00,3339.72,3345.13,3333.02,3334.59
2025-07-04 18:00:00,3334.58,3338.21,3331.49,3333.78
2025-07-04 22:00:00,3333.72,3337.41,3330.83,3337.13
2025-07-07 06:00:00,3337.36,3342.68,3306.62,3316.66
2025-07-07 10:00:00,3316.69,3317.78,3305.04,3313.39
2025-07-07 14:00:00,3313.24,3315.31,3300.68,3309.0
2025-07-07 18:00:00,3309.06,3317.13,3296.5,3316.52
2025-07-07 22:00:00,3316.73,3335.88,3313.36,3332.15
2025-07-08 02:00:00,3332.07,3340.33,3328.4,3336.32
2025-07-08 06:00:00,3339.55,3345.83,3329.59,3334.85
2025-07-08 10:00:00,3334.85,3338.12,3327.21,3334.0
2025-07-08 14:00:00,3334.0,3339.43,3320.97,3322.13
2025-07-08 18:00:00,3322.12,3329.9,3314.79,3315.21
2025-07-08 22:00:00,3315.08,3315.81,3286.69,3306.09
2025-07-09 02:00:00,3306.05,3308.12,3299.46,3301.71
2025-07-09 06:00:00,3302.93,3307.91,3297.08,3301.66
2025-07-09 10:00:00,3301.61,3302.91,3284.59,3289.46
2025-07-09 14:00:00,3289.51,3295.94,3282.41,3289.23
2025-07-09 18:00:00,3289.09,3305.14,3283.19,3300.34
2025-07-09 22:00:00,3300.27,3314.71,3299.88,3309.37
2025-07-10 02:00:00,3309.48,3316.88,3308.12,3313.65
2025-07-10 06:00:00,3314.02,3326.24,3313.9,3322.2
2025-07-10 10:00:00,3322.15,3325.02,3314.82,3321.09
2025-07-10 14:00:00,3321.08,3330.31,3319.63,3326.41
2025-07-10 18:00:00,3326.54,3330.26,3311.77,3312.93
2025-07-10 22:00:00,3312.84,3321.53,3310.23,3317.4
2025-07-11 02:00:00,3317.39,3326.03,3316.42,3323.86
2025-07-11 06:00:00,3325.14,3336.17,3321.92,3329.65
2025-07-11 10:00:00,3329.57,3341.69,3327.04,3334.09
2025-07-11 14:00:00,3334.12,3343.86,3330.79,3339.38
2025-07-11 18:00:00,3339.4,3359.31,3339.39,3351.82
2025-07-11 22:00:00,3351.92,3368.73,3349.2,3353.48
2025-07-12 02:00:00,3353.49,3359.79,3353.36,3357.32
2025-07-14 06:00:00,3362.93,3374.06,3356.87,3358.64
2025-07-14 10:00:00,3358.57,3361.71,3353.59,3357.65
2025-07-14 14:00:00,3357.72,3374.99,3356.54,3370.16
2025-07-14 18:00:00,3370.17,3374.63,3346.99,3355.21
2025-07-14 22:00:00,3355.23,3356.22,3341.1,3350.95
2025-07-15 02:00:00,3350.98,3351.27,3341.18,3343.34
2025-07-15 06:00:00,3342.78,3350.7,3341.14,3346.44
2025-07-15 10:00:00,3346.46,3365.2,3345.51,3362.21
2025-07-15 14:00:00,3362.07,3365.65,3356.49,3363.4
2025-07-15 18:00:00,3363.39,3366.35,3334.53,3346.51
2025-07-15 22:00:00,3346.88,3352.17,3320.31,3328.22
2025-07-16 02:00:00,3328.14,3331.86,3324.89,3324.99
2025-07-16 06:00:00,3324.02,3335.1,3324.02,3330.98
2025-07-16 10:00:00,3331.15,3339.92,3324.93,3338.09
2025-07-16 14:00:00,3338.04,3343.08,3336.03,3340.06
2025-07-16 18:00:00,3340.0,3340.66,3322.09,3326.92
2025-07-16 22:00:00,3326.88,3376.98,3319.4,3354.88
2025-07-17 02:00:00,3354.89,3357.55,3346.08,3347.56
2025-07-17 06:00:00,3349.52,3352.23,3336.85,3344.1
2025-07-17 10:00:00,3344.09,3344.77,3335.58,3339.49
2025-07-17 14:00:00,3339.46,3339.79,3324.73,3325.72
2025-07-17 18:00:00,3325.57,3331.2,3309.67,3319.14
2025-07-17 22:00:00,3318.97,3341.13,3318.13,3337.51
2025-07-18 02:00:00,3337.54,3340.86,3335.64,3339.18
2025-07-18 06:00:00,3339.57,3344.0,3335.23,3337.75
2025-07-18 10:00:00,3337.75,3344.27,3333.4,3333.44
2025-07-18 14:00:00,3333.45,3354.93,3331.75,3352.38
2025-07-18 18:00:00,3352.38,3361.26,3347.94,3355.49
2025-07-18 22:00:00,3356.32,3359.07,3350.56,3352.18
2025-07-19 02:00:00,3352.28,3353.32,3347.63,3350.68
2025-07-21 06:00:00,3348.84,3358.58,3344.97,3356.41
2025-07-21 10:00:00,3356.51,3369.69,3350.68,3366.68
2025-07-21 14:00:00,3366.68,3370.76,3362.64,3366.22
2025-07-21 18:00:00,3366.23,3395.08,3362.92,3388.53
2025-07-21 22:00:00,3388.44,3401.57,3386.34,3393.25
2025-07-22 02:00:00,3393.25,3399.83,3393.1,3397.16
2025-07-22 06:00:00,3398.33,3402.65,3385.2,3385.86
2025-07-22 10:00:00,3385.92,3393.72,3384.64,3385.49
2025-07-22 14:00:00,3385.48,3390.65,3383.37,3386.22
2025-07-22 18:00:00,3386.18,3420.13,3385.91,3412.33
2025-07-22 22:00:00,3412.3,3433.53,3404.97,3429.3
2025-07-23 02:00:00,3429.29,3432.78,3427.8,3431.66
2025-07-23 06:00:00,3431.25,3438.98,3420.99,3421.06
2025-07-23 10:00:00,3421.01,3428.71,3416.35,3420.35
2025-07-23 14:00:00,3420.43,3433.76,3419.35,3431.21
2025-07-23 18:00:00,3431.18,3431.39,3405.37,3413.49
2025-07-23 22:00:00,3413.42,3419.82,3381.32,3393.31
2025-07-24 02:00:00,3393.36,3396.01,3386.21,3387.22
2025-07-24 06:00:00,3389.65,3393.33,3383.71,3387.59
2025-07-24 10:00:00,3387.58,3389.01,3374.33,3379.27
2025-07-24 14:00:00,3379.27,3379.74,3361.82,3363.74
2025-07-24 18:00:00,3363.71,3372.09,3351.0,3366.75
2025-07-24 22:00:00,3366.69,3377.47,3365.76,3369.96
2025-07-25 02:00:00,3370.07,3373.48,3367.35,3368.56
2025-07-25 06:00:00,3368.42,3373.55,3365.09,3370.39
2025-07-25 10:00:00,3370.44,3370.55,3355.12,3358.75
2025-07-25 14:00:00,3358.72,3360.14,3343.02,3345.95
2025-07-25 18:00:00,3345.95,3348.07,3336.37,3343.99
2025-07-25 22:00:00,3343.85,3344.94,3325.06,3336.03
2025-07-26 02:00:00,3336.0,3340.32,3335.84,3336.63
2025-07-28 06:00:00,3329.34,3338.76,3323.38,3332.03
2025-07-28 10:00:00,3332.03,3344.22,3330.45,3343.34
2025-07-28 14:00:00,3343.35,3345.33,3332.13,3337.74
2025-07-28 18:00:00,3337.79,3338.79,3301.35,3301.95
2025-07-28 22:00:00,3301.83,3317.14,3301.55,3310.78
2025-07-29 02:00:00,3310.8,3318.78,3310.2,3314.6
2025-07-29 06:00:00,3313.86,3320.87,3307.7,3319.05
2025-07-29 10:00:00,3319.07,3320.33,3308.89,3320.01
2025-07-29 14:00:00,3320.01,3329.9,3310.99,3324.53
2025-07-29 18:00:00,3324.52,3326.42,3312.46,3317.94
2025-07-29 22:00:00,3317.26,3334.13,3311.89,3328.32
2025-07-30 02:00:00,3328.31,3330.85,3322.65,3326.62
2025-07-30 06:00:00,3326.82,3333.67,3321.9,3323.41
2025-07-30 10:00:00,3323.27,3332.34,3323.27,3324.94
2025-07-30 14:00:00,3324.93,3334.02,3323.19,3331.13
2025-07-30 18:00:00,3331.03,3333.05,3298.17,3302.76
2025-07-30 22:00:00,3302.9,3308.32,3288.5,3301.34
2025-07-31 02:00:00,3301.53,3305.01,3267.95,3275.02
2025-07-31 06:00:00,3275.29,3294.04,3273.9,3293.82
2025-07-31 10:00:00,3293.84,3301.63,3290.25,3299.68
2025-07-31 14:00:00,3299.66,3314.87,3297.78,3306.71
2025-07-31 18:00:00,3306.7,3311.12,3293.64,3301.25
2025-07-31 22:00:00,3300.96,3303.11,3289.63,3295.0
2025-08-01 02:00:00,3294.94,3297.08,3289.85,3290.03
2025-08-01 06:00:00,3289.89,3295.17,3281.43,3283.49
2025-08-01 10:00:00,3283.43,3300.18,3283.09,3296.69
2025-08-01 14:00:00,3296.7,3297.43,3285.02,3294.38
2025-08-01 18:00:00,3294.47,3354.79,3293.4,3342.13
2025-08-01 22:00:00,3342.5,3355.03,3340.47,3348.15
2025-08-02 02:00:00,3348.14,3363.47,3345.96,3363.21
2025-08-04 06:00:00,3364.55,3365.67,3344.95,3352.17
2025-08-04 10:00:00,3352.24,3362.18,3350.15,3357.6
2025-08-04 14:00:00,3357.63,3362.64,3351.64,3358.08
2025-08-04 18:00:00,3358.08,3385.45,3353.02,3383.44
2025-08-04 22:00:00,3383.48,3384.69,3370.42,3374.08
2025-08-05 02:00:00,3374.1,3377.2,3373.18,3373.69
2025-08-05 06:00:00,3374.31,3382.45,3373.78,3378.94
2025-08-05 10:00:00,3378.95,3381.45,3367.61,3373.95
2025-08-05 14:00:00,3373.97,3375.57,3358.68,3359.72
2025-08-05 18:00:00,3359.61,3379.69,3349.86,3373.39
2025-08-05 22:00:00,3373.94,3390.46,3370.4,3379.99
2025-08-06 02:00:00,3379.99,3381.42,3378.15,3380.74
2025-08-06 06:00:00,3380.97,3385.38,3373.11,3376.01
2025-08-06 10:00:00,3375.9,3378.34,3370.49,3374.25
2025-08-06 14:00:00,3374.23,3378.58,3358.34,3358.9
2025-08-06 18:00:00,3358.77,3373.6,3358.07,3371.77
2025-08-06 22:00:00,3371.73,3379.91,3369.46,3374.46
2025-08-07 02:00:00,3374.48,3374.63,3367.09,3369.28
2025-08-07 06:00:00,3370.56,3382.51,3365.23,3382.27
2025-08-07 10:00:00,3382.27,3384.02,3371.51,3375.42
2025-08-07 14:00:00,3375.56,3397.28,3372.47,3376.75
2025-08-07 18:00:00,3376.83,3393.77,3371.68,3385.0
2025-08-07 22:00:00,3384.77,3393.02,3374.44,3392.16
2025-08-08 02:00:00,3392.28,3401.79,3387.34,3396.16
2025-08-08 06:00:00,3401.26,3407.86,3381.19,3383.52
2025-08-08 10:00:00,3383.55,3399.34,3383.15,3392.22
2025-08-08 14:00:00,3392.16,3404.26,3388.68,3400.61
2025-08-08 18:00:00,3400.55,3401.66,3380.44,3400.28
2025-08-08 22:00:00,3400.31,3401.42,3380.95,3381.24
2025-08-09 02:00:00,3381.24,3404.24,3376.25,3397.02
2025-08-11 06:00:00,3403.61,3405.07,3367.44,3377.46
2025-08-11 10:00:00,3377.46,3380.15,3369.84,3376.97
2025-08-11 14:00:00,3377.01,3377.01,3352.91,3353.35
2025-08-11 18:00:00,3353.38,3363.89,3344.25,3358.53
2025-08-11 22:00:00,3358.51,3359.33,3341.03,3357.45
2025-08-12 02:00:00,3357.68,3358.64,3342.22,3342.93
2025-08-12 06:00:00,3342.83,3357.55,3342.51,3349.87
2025-08-12 10:00:00,3349.66,3355.77,3348.09,3354.48
2025-08-12 14:00:00,3354.52,3357.98,3342.04,3345.64
2025-08-12 18:00:00,3345.6,3357.78,3335.96,3345.39
2025-08-12 22:00:00,3345.38,3358.96,3330.81,3348.88
2025-08-13 02:00:00,3348.89,3350.76,3345.53,3348.2
2025-08-13 06:00:00,3349.76,3353.8,3342.51,3350.96
2025-08-13 10:00:00,3350.99,3354.3,3345.67,3349.19
2025-08-13 14:00:00,3349.23,3366.69,3348.91,3364.57
2025-08-13 18:00:00,3364.58,3366.93,3353.94,3364.91
2025-08-13 22:00:00,3365.01,3370.47,3352.73,3353.59
2025-08-14 02:00:00,3353.58,3358.76,3349.76,3356.02
2025-08-14 06:00:00,3357.18,3374.82,3356.71,3367.37
2025-08-14 10:00:00,3367.38,3369.35,3355.64,3359.02
2025-08-14 14:00:00,3358.96,3366.35,3341.29,3356.4
2025-08-14 18:00:00,3356.37,3359.16,3341.95,3344.05
2025-08-14 22:00:00,3344.0,3346.55,3329.74,3337.65
2025-08-15 02:00:00,3337.79,3341.06,3334.46,3335.38
2025-08-15 06:00:00,3337.02,3340.36,3332.36,3339.5
2025-08-15 10:00:00,3339.48,3348.79,3336.6,3343.72
2025-08-15 14:00:00,3343.75,3348.15,3338.33,3342.8
2025-08-15 18:00:00,3342.82,3345.93,3332.82,3335.52
2025-08-15 22:00:00,3335.53,3345.02,3335.06,3336.05
2025-08-16 02:00:00,3336.13,3339.66,3334.25,3335.94
2025-08-18 06:00:00,3336.39,3347.45,3323.5,3346.77
2025-08-18 10:00:00,3346.68,3358.45,3342.36,3349.39
2025-08-18 14:00:00,3349.31,3355.6,3344.6,3348.15
2025-08-18 18:00:00,3348.02,3351.3,3335.81,3336.66
2025-08-18 22:00:00,3336.76,3338.78,3331.63,3333.59
2025-08-19 02:00:00,3333.57,3334.31,3330.28,3332.88
2025-08-19 06:00:00,3333.86,3338.9,3325.87,3332.88
2025-08-19 10:00:00,3332.87,3341.62,3329.28,3336.15
2025-08-19 14:00:00,3336.14,3341.7,3334.45,3339.26
2025-08-19 18:00:00,3339.36,3345.31,3325.71,3333.98
2025-08-19 22:00:00,3334.17,3337.01,3315.03,3317.47
2025-08-20 02:00:00,3317.42,3320.11,3314.84,3315.57
2025-08-20 06:00:00,3316.5,3317.85,3311.42,3315.3
2025-08-20 10:00:00,3315.29,3323.69,3312.3,3323.32
2025-08-20 14:00:00,3323.33,3327.51,3320.9,3326.18
2025-08-20 18:00:00,3326.17,3348.22,3323.83,3344.92
2025-08-20 22:00:00,3345.0,3350.21,3332.03,3346.75
2025-08-21 02:00:00,3346.76,3349.35,3343.89,3348.16
2025-08-21 06:00:00,3350.09,3352.27,3340.72,3342.88
2025-08-21 10:00:00,3342.78,3344.97,3336.82,3338.84
2025-08-21 14:00:00,3338.85,3342.23,3334.31,3340.74
2025-08-21 18:00:00,3340.83,3347.65,3325.16,3339.44
2025-08-21 22:00:00,3339.5,3348.09,3336.93,3337.11
2025-08-22 02:00:00,3337.17,3341.98,3336.49,3338.52
2025-08-22 06:00:00,3339.07,3340.68,3333.54,3334.15
2025-08-22 10:00:00,3334.25,3336.21,3326.93,3330.07
2025-08-22 14:00:00,3330.11,3334.98,3325.11,3330.19
2025-08-22 18:00:00,3330.21,3335.75,3321.29,3333.68
2025-08-22 22:00:00,3333.66,3378.85,3333.66,3374.18
2025-08-23 02:00:00,3374.25,3375.02,3368.88,3371.95
2025-08-25 06:00:00,3371.25,3371.29,3360.74,3362.91
2025-08-25 10:00:00,3362.81,3368.12,3359.51,3364.69
2025-08-25 14:00:00,3364.61,3369.77,3361.95,3367.41
2025-08-25 18:00:00,3367.56,3371.57,3362.11,3370.79
2025-08-25 22:00:00,3370.81,3376.22,3369.35,3371.19
2025-08-26 02:00:00,3371.16,3373.24,3364.17,3365.55
2025-08-26 06:00:00,3365.83,3386.35,3351.37,3376.78
2025-08-26 10:00:00,3376.71,3379.12,3369.85,3376.63
2025-08-26 14:00:00,3376.56,3379.91,3367.15,3372.12
2025-08-26 18:00:00,3372.11,3380.06,3367.27,3375.81
2025-08-26 22:00:00,3375.51,3389.14,3370.4,3381.8
2025-08-27 02:00:00,3381.82,3393.67,3380.32,3393.62
2025-08-27 06:00:00,3394.1,3394.13,3383.37,3386.18
2025-08-27 10:00:00,3386.18,3387.14,3373.86,3377.16
2025-08-27 14:00:00,3377.29,3385.5,3373.51,3378.21
2025-08-27 18:00:00,3378.27,3384.72,3373.86,3377.83
2025-08-27 22:00:00,3377.81,3398.54,3376.14,3395.25
2025-08-28 02:00:00,3395.24,3398.05,3392.18,3397.45
2025-08-28 06:00:00,3398.31,3399.25,3385.47,3386.01
2025-08-28 10:00:00,3385.9,3392.49,3384.37,3389.08
2025-08-28 14:00:00,3389.32,3401.73,3388.65,3399.26
2025-08-28 18:00:00,3399.3,3410.37,3393.88,3407.24
2025-08-28 22:00:00,3407.28,3418.8,3404.37,3417.91
2025-08-29 02:00:00,3417.96,3423.15,3416.23,3416.89
2025-08-29 06:00:00,3416.67,3418.14,3407.8,3409.94
2025-08-29 10:00:00,3409.91,3414.03,3406.86,3410.49
2025-08-29 14:00:00,3410.5,3414.86,3406.6,3407.51
2025-08-29 18:00:00,3407.52,3429.04,3404.16,3428.56
2025-08-29 22:00:00,3429.05,3450.1,3428.97,3443.67
2025-08-30 02:00:00,3443.66,3453.99,3440.94,3448.12
2025-09-01 06:00:00,3444.29,3459.27,3437.04,3457.1
2025-09-01 10:00:00,3457.12,3486.11,3454.96,3477.34
2025-09-01 14:00:00,3477.1,3489.89,3467.1,3469.4
2025-09-01 18:00:00,3469.43,3479.09,3466.18,3475.37
2025-09-01 22:00:00,3475.34,3481.44,3472.19,3477.94
2025-09-02 02:00:00,3477.93,3478.06,3476.13,3476.39
2025-09-02 06:00:00,3474.73,3508.53,3474.06,3497.53
2025-09-02 10:00:00,3497.57,3500.6,3490.02,3493.12
2025-09-02 14:00:00,3493.1,3495.73,3470.04,3476.83
2025-09-02 18:00:00,3476.77,3494.1,3474.1,3489.65
2025-09-02 22:00:00,3489.6,3530.11,3488.99,3529.41
2025-09-03 02:00:00,3529.4,3539.96,3525.2,3533.33
2025-09-03 06:00:00,3530.61,3546.51,3526.35,3538.63
2025-09-03 10:00:00,3538.67,3545.85,3526.63,3530.03
2025-09-03 14:00:00,3530.07,3541.91,3529.17,3534.4
2025-09-03 18:00:00,3534.32,3561.5,3532.22,3553.77
2025-09-03 22:00:00,3554.06,3575.96,3551.34,3574.37
2025-09-04 02:00:00,3574.65,3578.54,3558.89,3559.2
2025-09-04 06:00:00,3559.97,3564.14,3543.76,3546.4
2025-09-04 10:00:00,3546.39,3550.65,3511.22,3527.16
2025-09-04 14:00:00,3527.25,3545.64,3524.29,3538.65
2025-09-04 18:00:00,3538.62,3558.75,3536.56,3546.88
2025-09-04 22:00:00,3546.97,3556.14,3535.01,3542.91
2025-09-05 02:00:00,3542.9,3551.17,3542.71,3545.75
2025-09-05 06:00:00,3543.92,3556.57,3540.14,3552.61
2025-09-05 10:00:00,3552.58,3561.0,3545.92,3557.72
2025-09-05 14:00:00,3557.77,3558.05,3544.7,3552.48
2025-09-05 18:00:00,3552.47,3595.33,3547.82,3594.36
2025-09-05 22:00:00,3594.34,3599.99,3573.05,3596.36
2025-09-06 02:00:00,3596.4,3597.32,3586.16,3587.32
2025-09-08 06:00:00,3583.72,3597.17,3583.72,3589.6
2025-09-08 10:00:00,3589.59,3594.37,3579.47,3591.2
2025-09-08 14:00:00,3591.25,3616.92,3589.27,3613.84
2025-09-08 18:00:00,3613.9,3636.92,3612.64,3633.32
2025-09-08 22:00:00,3633.42,3646.5,3628.99,3633.36
2025-09-09 02:00:00,3633.4,3637.95,3631.81,3636.01
2025-09-09 06:00:00,3634.8,3647.61,3628.14,3646.36
2025-09-09 10:00:00,3646.34,3659.08,3642.71,3655.13
2025-09-09 14:00:00,3655.22,3656.69,3636.79,3653.66
2025-09-09 18:00:00,3653.81,3668.19,3643.76,3666.19
2025-09-09 22:00:00,3666.02,3674.63,3626.73,3642.83
2025-09-10 02:00:00,3642.86,3645.1,3625.84,3626.21
2025-09-10 06:00:00,3625.04,3640.66,3620.13,3630.68
2025-09-10 10:00:00,3630.69,3645.41,3630.09,3642.99
2025-09-10 14:00:00,3643.02,3656.03,3640.57,3655.26
2025-09-10 18:00:00,3655.25,3657.55,3640.33,3651.14
2025-09-10 22:00:00,3651.18,3655.43,3638.39,3647.54
2025-09-11 02:00:00,3647.54,3649.67,3635.27,3640.5
2025-09-11 06:00:00,3642.71,3649.19,3637.99,3641.02
2025-09-11 10:00:00,3641.01,3643.43,3623.15,3625.18
2025-09-11 14:00:00,3625.18,3638.07,3614.08,3621.94
2025-09-11 18:00:00,3621.95,3643.98,3613.13,3630.15
2025-09-11 22:00:00,3630.15,3641.99,3626.05,3635.1
2025-09-12 02:00:00,3635.18,3637.72,3630.3,3633.81
2025-09-12 06:00:00,3634.55,3647.52,3630.46,3646.46
2025-09-12 10:00:00,3646.4,3656.7,3644.84,3653.18
2025-09-12 14:00:00,3653.18,3654.18,3637.63,3646.45
2025-09-12 18:00:00,3646.49,3652.61,3638.23,3650.53
2025-09-12 22:00:00,3650.12,3654.23,3641.85,3648.71
2025-09-13 02:00:00,3648.72,3649.56,3641.35,3643.41
2025-09-15 06:00:00,3644.67,3646.4,3626.51,3634.37
2025-09-15 10:00:00,3634.38,3646.98,3634.28,3643.71
2025-09-15 14:00:00,3643.51,3645.93,3633.65,3641.2
2025-09-15 18:00:00,3641.24,3664.2,3636.88,3657.19
2025-09-15 22:00:00,3657.17,3685.52,3653.98,3681.8
2025-09-16 02:00:00,3681.8,3682.8,3675.81,3678.89
2025-09-16 06:00:00,3680.72,3689.61,3676.18,3679.47
2025-09-16 10:00:00,3679.35,3685.48,3674.45,3682.67
2025-09-16 14:00:00,3682.68,3698.98,3681.68,3698.3
2025-09-16 18:00:00,3698.23,3699.34,3684.92,3695.65
2025-09-16 22:00:00,3695.55,3702.99,3678.69,3687.81
2025-09-17 02:00:00,3687.81,3693.71,3686.48,3689.89
2025-09-17 06:00:00,3689.58,3695.24,3675.89,3679.56
2025-09-17 10:00:00,3679.54,3685.92,3674.3,3679.23
2025-09-17 14:00:00,3679.31,3680.1,3662.57,3667.85
2025-09-17 18:00:00,3667.8,3682.55,3659.84,3678.77
2025-09-17 22:00:00,3678.65,3688.52,3676.84,3686.5
2025-09-18 02:00:00,3686.53,3707.42,3646.25,3659.92
2025-09-18 06:00:00,3661.25,3671.9,3651.89,3657.23
2025-09-18 10:00:00,3657.17,3666.13,3649.45,3651.62
2025-09-18 14:00:00,3651.67,3672.99,3633.88,3671.7
2025-09-18 18:00:00,3671.67,3672.53,3627.74,3642.26
2025-09-18 22:00:00,3642.02,3647.23,3634.44,3643.6
2025-09-19 02:00:00,3643.61,3647.18,3640.43,3644.39
2025-09-19 06:00:00,3643.29,3651.0,3632.18,3639.92
2025-09-19 10:00:00,3639.89,3661.28,3638.87,3652.45
2025-09-19 14:00:00,3652.43,3658.8,3643.42,3658.58
2025-09-19 18:00:00,3658.6,3664.4,3643.51,3663.27
2025-09-19 22:00:00,3663.26,3679.51,3656.35,3678.54
2025-09-20 02:00:00,3678.64,3685.25,3678.1,3685.11
2025-09-22 06:00:00,3684.78,3696.72,3683.66,3689.47
2025-09-22 10:00:00,3689.38,3700.23,3685.51,3697.0
2025-09-22 14:00:00,3697.0,3726.59,3695.6,3723.23
2025-09-22 18:00:00,3723.25,3728.41,3712.21,3722.37
2025-09-22 22:00:00,3722.36,3747.19,3716.83,3746.62
2025-09-23 02:00:00,3746.55,3748.85,3742.45,3746.87
2025-09-23 06:00:00,3745.46,3759.26,3738.24,3754.64
2025-09-23 10:00:00,3754.68,3758.76,3736.45,3753.01
2025-09-23 14:00:00,3752.93,3791.14,3748.87,3784.87
2025-09-23 18:00:00,3785.01,3788.9,3774.16,3783.9
2025-09-23 22:00:00,3783.86,3785.76,3765.18,3777.47
2025-09-24 02:00:00,3777.6,3781.46,3751.96,3764.04
2025-09-24 06:00:00,3766.03,3771.75,3755.09,3756.44
2025-09-24 10:00:00,3756.42,3776.9,3750.57,3774.93
2025-09-24 14:00:00,3774.96,3779.23,3762.97,3768.5
2025-09-24 18:00:00,3768.47,3772.92,3758.87,3761.47
2025-09-24 22:00:00,3761.21,3765.07,3732.33,3733.11
2025-09-25 02:00:00,3733.07,3737.45,3717.39,3736.08
2025-09-25 06:00:00,3738.94,3751.55,3733.11,3735.95
2025-09-25 10:00:00,3735.81,3742.46,3729.68,3738.58
2025-09-25 14:00:00,3738.58,3761.61,3737.66,3757.04
2025-09-25 18:00:00,3757.08,3760.87,3722.09,3733.61
2025-09-25 22:00:00,3733.72,3744.29,3723.61,3741.72
2025-09-26 02:00:00,3741.75,3758.28,3736.59,3749.4
2025-09-26 06:00:00,3748.66,3753.23,3737.69,3739.11
2025-09-26 10:00:00,3739.09,3749.65,3734.45,3742.0
2025-09-26 14:00:00,3741.99,3755.21,3739.13,3751.57
2025-09-26 18:00:00,3751.56,3766.22,3742.88,3761.74
2025-09-26 22:00:00,3761.77,3783.78,3761.71,3782.93
2025-09-27 02:00:00,3783.05,3783.24,3760.63,3761.24
2025-09-29 06:00:00,3760.57,3788.85,3760.57,3778.67
2025-09-29 10:00:00,3778.67,3814.64,3777.6,3813.69
2025-09-29 14:00:00,3813.73,3819.85,3805.09,3807.5
2025-09-29 18:00:00,3807.49,3831.44,3806.35,3821.34
2025-09-29 22:00:00,3821.24,3833.57,3816.5,3828.97
2025-09-30 02:00:00,3829.04,3834.17,3822.61,3833.78
2025-09-30 06:00:00,3830.94,3850.77,3825.59,3848.09
2025-09-30 10:00:00,3848.18,3870.46,3842.69,3869.73
2025-09-30 14:00:00,3869.85,3871.74,3793.11,3798.68
2025-09-30 18:00:00,3798.48,3829.9,3798.14,3823.81
2025-09-30 22:00:00,3823.3,3854.51,3820.16,3844.07
2025-10-01 02:00:00,3844.06,3860.83,3839.72,3858.25
2025-10-01 06:00:00,3857.44,3868.98,3854.79,3868.88
2025-10-01 10:00:00,3868.84,3875.4,3855.51,3863.34
2025-10-01 14:00:00,3863.33,3895.28,3853.28,3888.86
2025-10-01 18:00:00,3888.95,3891.06,3863.51,3872.95
2025-10-01 22:00:00,3872.94,3878.65,3856.02,3860.79
2025-10-02 02:00:00,3860.7,3870.95,3854.99,3865.49
2025-10-02 06:00:00,3869.01,3869.49,3852.87,3865.16
2025-10-02 10:00:00,3865.14,3871.24,3861.37,3867.78
2025-10-02 14:00:00,3867.77,3879.65,3861.67,3879.17
2025-10-02 18:00:00,3879.21,3896.91,3873.47,3874.94
2025-10-02 22:00:00,3874.96,3876.86,3819.08,3844.29
2025-10-03 02:00:00,3844.32,3859.3,3843.44,3856.14
2025-10-03 06:00:00,3857.48,3863.8,3847.32,3858.52
2025-10-03 10:00:00,3858.51,3859.25,3838.0,3855.0
2025-10-03 14:00:00,3854.58,3865.73,3850.87,3864.37
2025-10-03 18:00:00,3864.39,3890.45,3854.65,3882.64
2025-10-03 22:00:00,3883.04,3891.64,3866.44,3882.0
2025-10-04 02:00:00,3881.99,3889.37,3880.03,3886.75
2025-10-06 06:00:00,3887.05,3920.68,3884.24,3917.93
2025-10-06 10:00:00,3918.03,3944.85,3917.5,3932.49
2025-10-06 14:00:00,3932.53,3949.63,3922.39,3942.51
2025-10-06 18:00:00,3942.47,3946.92,3926.21,3944.6
2025-10-06 22:00:00,3944.28,3969.9,3940.03,3957.82
2025-10-07 02:00:00,3957.99,3965.02,3955.85,3961.04
2025-10-07 06:00:00,3958.39,3977.43,3955.65,3958.13
2025-10-07 10:00:00,3958.06,3977.04,3957.31,3964.77
2025-10-07 14:00:00,3964.82,3966.22,3940.64,3955.19
2025-10-07 18:00:00,3955.18,3985.69,3954.05,3979.3
2025-10-07 22:00:00,3979.35,3991.11,3961.88,3980.91
2025-10-08 02:00:00,3980.8,3986.53,3974.06,3984.49
2025-10-08 06:00:00,3985.08,4000.33,3983.52,4000.26
2025-10-08 10:00:00,4000.32,4037.0,3995.47,4029.03
2025-10-08 14:00:00,4029.24,4049.64,4021.14,4049.16
2025-10-08 18:00:00,4049.21,4049.61,4026.22,4038.0
2025-10-08 22:00:00,4037.83,4059.15,4035.52,4051.25
2025-10-09 02:00:00,4051.35,4054.7,4032.15,4041.67
2025-10-09 06:00:00,4040.39,4040.96,4001.41,4019.84
2025-10-09 10:00:00,4019.83,4043.8,4002.45,4039.83
2025-10-09 14:00:00,4039.82,4042.15,4022.52,4037.57
2025-10-09 18:00:00,4037.8,4057.94,4017.33,4017.33
2025-10-09 22:00:00,4017.78,4029.27,3944.49,3950.48
2025-10-10 02:00:00,3950.41,3982.09,3949.52,3976.03
2025-10-10 06:00:00,3979.47,3994.36,3958.49,3973.4
2025-10-10 10:00:00,3973.26,3986.8,3946.65,3974.86
2025-10-10 14:00:00,3974.81,4006.74,3952.51,3995.61
2025-10-10 18:00:00,3995.55,4000.24,3975.81,3980.73
2025-10-10 22:00:00,3980.73,4022.89,3970.62,3990.0
2025-10-11 02:00:00,3990.1,4021.41,3984.11,4018.46
2025-10-13 06:00:00,4012.06,4059.82,4007.39,4053.21
2025-10-13 10:00:00,4053.22,4078.21,4041.58,4063.2
2025-10-13 14:00:00,4063.64,4079.81,4059.4,4077.17
2025-10-13 18:00:00,4077.16,4095.67,4071.42,4094.02
2025-10-13 22:00:00,4093.89,4116.9,4090.74,4103.75
2025-10-14 02:00:00,4103.76,4112.78,4090.89,4110.6
2025-10-14 06:00:00,4110.64,4149.88,4106.5,4137.16
2025-10-14 10:00:00,4137.36,4179.72,4111.22,4121.35
2025-10-14 14:00:00,4121.42,4145.0,4090.5,4127.43
2025-10-14 18:00:00,4127.46,4144.2,4097.64,4124.18
2025-10-14 22:00:00,4123.98,4155.19,4121.31,4148.14
2025-10-15 02:00:00,4148.23,4152.47,4134.37,4142.15
2025-10-15 06:00:00,4143.01,4186.74,4140.75,4181.58
2025-10-15 10:00:00,4181.65,4193.55,4167.03,4185.99
2025-10-15 14:00:00,4185.88,4218.32,4164.04,4192.6
2025-10-15 18:00:00,4192.53,4205.98,4176.32,4192.07
2025-10-15 22:00:00,4192.06,4212.41,4179.84,4197.51
2025-10-16 02:00:00,4197.54,4213.5,4195.06,4208.27
2025-10-16 06:00:00,4209.54,4233.03,4199.93,4230.27
2025-10-16 10:00:00,4230.31,4242.13,4203.61,4204.94
2025-10-16 14:00:00,4204.77,4241.77,4203.76,4239.43
2025-10-16 18:00:00,4239.16,4258.69,4227.66,4246.25
2025-10-16 22:00:00,4245.51,4298.68,4245.43,4293.93
2025-10-17 02:00:00,4294.0,4330.75,4273.56,4326.26
2025-10-17 06:00:00,4335.41,4379.22,4278.84,4314.39
2025-10-17 10:00:00,4314.24,4378.67,4312.57,4365.5
2025-10-17 14:00:00,4365.96,4369.64,4312.04,4340.04
2025-10-17 18:00:00,4340.08,4342.21,4258.66,4273.91
2025-10-17 22:00:00,4273.81,4274.37,4186.44,4221.05
2025-10-18 02:00:00,4221.04,4250.58,4212.76,4246.86
2025-10-20 06:00:00,4243.5,4274.08,4218.95,4262.38
2025-10-20 10:00:00,4262.42,4271.05,4239.64,4239.87
2025-10-20 14:00:00,4240.04,4266.1,4221.23,4260.79
2025-10-20 18:00:00,4260.82,4327.08,4245.68,4300.89
2025-10-20 22:00:00,4300.69,4355.66,4292.6,4347.41
2025-10-21 02:00:00,4347.72,4381.38,4344.51,4356.45
2025-10-21 06:00:00,4358.7,4375.26,4332.43,4350.83
2025-10-21 10:00:00,4350.86,4355.4,4317.48,4323.32
2025-10-21 14:00:00,4323.21,4344.25,4244.23,4265.11
2025-10-21 18:00:00,4265.59,4272.4,4167.53,4174.24
2025-10-21 22:00:00,4173.58,4188.07,4081.34,4111.19
2025-10-22 02:00:00,4111.36,4131.04,4100.83,4124.93
2025-10-22 06:00:00,4125.52,4132.28,4004.06,4087.25
2025-10-22 10:00:00,4087.81,4147.07,4087.46,4134.87
2025-10-22 14:00:00,4134.91,4161.5,4056.36,4069.76
2025-10-22 18:00:00,4069.62,4090.92,4015.04,4075.69
2025-10-22 22:00:00,4075.55,4078.45,4011.34,4070.07
2025-10-23 02:00:00,4070.22,4113.52,4066.74,4098.22
2025-10-23 06:00:00,4104.99,4115.88,4066.18,4073.19
2025-10-23 10:00:00,4072.96,4110.41,4071.88,4110.14
2025-10-23 14:00:00,4110.41,4137.87,4091.81,4124.24
2025-10-23 18:00:00,4124.34,4151.04,4099.98,4144.85
2025-10-23 22:00:00,4144.53,4154.89,4124.74,4137.7
2025-10-24 02:00:00,4137.75,4143.48,4107.3,4126.0
2025-10-24 06:00:00,4128.98,4144.39,4105.74,4118.64
2025-10-24 10:00:00,4118.59,4123.61,4102.79,4104.51
2025-10-24 14:00:00,4104.65,4104.99,4047.32,4060.75
2025-10-24 18:00:00,4060.84,4121.62,4044.19,4106.52
2025-10-24 22:00:00,4106.39,4138.67,4102.33,4107.6
2025-10-25 02:00:00,4107.72,4117.59,4096.54,4112.84
2025-10-27 06:00:00,4076.86,4109.12,4058.15,4081.97
2025-10-27 10:00:00,4081.83,4084.42,4053.46,4079.67
2025-10-27 14:00:00,4079.52,4084.83,4022.83,4039.67
2025-10-27 18:00:00,4039.68,4050.27,4013.3,4021.82
2025-10-27 22:00:00,4021.78,4023.15,3971.27,4006.43
2025-10-28 02:00:00,4006.56,4010.29,3978.99,3981.35
2025-10-28 06:00:00,3980.96,4019.69,3973.12,4010.93
2025-10-28 10:00:00,4011.09,4013.95,3959.27,3966.69
2025-10-28 14:00:00,3966.8,3968.59,3886.62,3904.71
2025-10-28 18:00:00,3904.72,3940.39,3899.82,3938.71
2025-10-28 22:00:00,3938.88,3970.41,3934.74,3962.39
2025-10-29 02:00:00,3962.38,3964.15,3945.11,3952.47
2025-10-29 06:00:00,3955.53,3982.43,3915.66,3973.57
2025-10-29 10:00:00,3973.44,3974.48,3944.04,3962.59
2025-10-29 14:00:00,3962.44,4029.68,3959.71,4024.09
2025-10-29 18:00:00,4024.2,4030.32,4002.47,4012.29
2025-10-29 22:00:00,4012.27,4022.48,3985.92,3994.74
2025-10-30 02:00:00,3994.76,4007.02,3927.9,3930.47
2025-10-30 06:00:00,3926.48,3966.59,3917.11,3947.94
2025-10-30 10:00:00,3947.94,3982.47,3915.33,3963.56
2025-10-30 14:00:00,3963.58,4011.8,3955.8,3998.9
2025-10-30 18:00:00,3998.4,4001.16,3960.3,3995.51
2025-10-30 22:00:00,3995.53,4017.99,3987.05,4004.69
2025-10-31 02:00:00,4004.75,4027.14,4000.05,4024.17
2025-10-31 06:00:00,4022.54,4046.2,4012.81,4018.7
2025-10-31 10:00:00,4018.38,4019.22,3988.94,4005.11
2025-10-31 14:00:00,4005.3,4026.71,3998.42,4008.5
2025-10-31 18:00:00,4008.74,4036.26,4001.71,4016.58
2025-10-31 22:00:00,4016.79,4027.34,3972.24,3997.75
2025-11-01 02:00:00,3997.71,4009.94,3991.32,4003.18
2025-11-03 07:00:00,3983.73,4006.58,3962.52,4003.98
2025-11-03 11:00:00,4004.07,4018.61,3997.83,4017.44
2025-11-03 15:00:00,4017.31,4028.05,3992.99,3998.71
2025-11-03 19:00:00,3998.71,4026.03,3994.58,4022.74
2025-11-03 23:00:00,4022.7,4030.55,3995.24,4006.46
2025-11-04 03:00:00,4006.44,4014.98,3995.22,4001.2
2025-11-04 07:00:00,4002.42,4005.74,3975.9,3986.67
2025-11-04 11:00:00,3986.81,3999.16,3966.61,3985.1
2025-11-04 15:00:00,3985.18,4000.82,3982.16,3993.89
2025-11-04 19:00:00,3994.01,4000.14,3928.52,3957.07
2025-11-04 23:00:00,3957.49,3975.44,3932.22,3937.87
2025-11-05 03:00:00,3937.87,3944.2,3930.32,3931.74
2025-11-05 07:00:00,3933.71,3951.0,3929.71,3948.4
2025-11-05 11:00:00,3948.32,3978.65,3947.47,3966.45
2025-11-05 15:00:00,3966.5,3987.19,3955.89,3964.51
2025-11-05 19:00:00,3964.57,3985.65,3957.5,3973.22
2025-11-05 23:00:00,3967.24,3990.48,3963.92,3982.44
2025-11-06 03:00:00,3982.45,3990.21,3977.76,3979.24
2025-11-06 07:00:00,3977.21,3985.14,3964.48,3983.33
2025-11-06 11:00:00,3983.37,3992.85,3979.46,3991.88
2025-11-06 15:00:00,3991.68,4016.74,3991.29,4008.23
2025-11-06 19:00:00,4008.35,4019.63,3989.14,3993.41
2025-11-06 23:00:00,3993.1,3993.75,3965.82,3987.88
2025-11-07 03:00:00,3987.79,3995.29,3976.54,3976.79
2025-11-07 07:00:00,3975.12,4003.3,3974.85,3995.52
2025-11-07 11:00:00,3995.48,4008.54,3985.56,4006.86
2025-11-07 15:00:00,4006.96,4014.12,4002.79,4007.94
2025-11-07 19:00:00,4007.96,4011.98,3984.25,3993.27
2025-11-07 23:00:00,3993.44,4027.48,3983.87,4005.57
2025-11-08 03:00:00,4005.63,4009.09,3994.54,4001.15
2025-11-10 07:00:00,3999.21,4053.16,3999.11,4048.3
2025-11-10 11:00:00,4048.28,4078.46,4044.92,4074.98
2025-11-10 15:00:00,4074.76,4086.45,4071.44,4080.83
2025-11-10 19:00:00,4080.86,4106.03,4074.15,4083.33
2025-11-10 23:00:00,4083.56,4115.91,4077.74,4110.14
2025-11-11 03:00:00,4110.22,4116.67,4106.66,4115.96
2025-11-11 07:00:00,4116.61,4141.03,4115.29,4138.13
2025-11-11 11:00:00,4138.04,4148.98,4124.53,4129.98
2025-11-11 15:00:00,4130.06,4145.92,4124.79,4141.71
2025-11-11 19:00:00,4141.73,4146.75,4119.87,4125.1
2025-11-11 23:00:00,4124.91,4126.17,4096.95,4113.79
2025-11-12 03:00:00,4113.77,4131.88,4112.03,4126.97
2025-11-12 07:00:00,4129.54,4145.53,4118.74,4123.95
2025-11-12 11:00:00,4124.02,4125.4,4098.71,4118.4
2025-11-12 15:00:00,4118.45,4133.67,4112.11,4127.73
2025-11-12 19:00:00,4127.71,4140.1,4122.64,4136.74
2025-11-12 23:00:00,4136.44,4211.77,4134.6,4206.79
2025-11-13 03:00:00,4206.79,4210.22,4190.59,4195.61
2025-11-13 07:00:00,4203.15,4209.25,4179.8,4190.23
2025-11-13 11:00:00,4190.25,4219.56,4190.2,4210.49
2025-11-13 15:00:00,4210.51,4240.05,4208.23,4225.24
2025-11-13 19:00:00,4225.53,4245.12,4184.41,4195.6
2025-11-13 23:00:00,4195.35,4210.84,4145.33,4157.97
2025-11-14 03:00:00,4157.94,4181.34,4145.77,4171.32
2025-11-14 07:00:00,4172.25,4210.37,4171.87,4206.96
2025-11-14 11:00:00,4207.02,4211.27,4169.73,4174.77
2025-11-14 15:00:00,4175.07,4186.99,4158.83,4168.02
2025-11-14 19:00:00,4168.05,4170.02,4032.27,4082.64
2025-11-14 23:00:00,4082.62,4111.14,4068.6,4098.18
2025-11-15 03:00:00,4098.1,4099.98,4075.41,4084.73
2025-11-17 07:00:00,4082.52,4106.61,4070.32,4081.89
2025-11-17 11:00:00,4081.89,4088.13,4049.64,4066.04
2025-11-17 15:00:00,4066.05,4095.89,4065.17,4070.34
2025-11-17 19:00:00,4070.31,4092.29,4060.67,4076.13
2025-11-17 23:00:00,4076.22,4080.88,4052.27,4062.67
2025-11-18 03:00:00,4062.73,4065.09,4006.91,4045.52
2025-11-18 07:00:00,4051.34,4055.22,4015.1,4017.63
2025-11-18 11:00:00,4017.49,4026.46,4004.95,4009.04
2025-11-18 15:00:00,4009.01,4050.45,3997.7,4044.26
2025-11-18 19:00:00,4044.35,4081.99,4029.0,4065.89
2025-11-18 23:00:00,4065.89,4075.9,4040.07,4072.68
2025-11-19 03:00:00,4072.7,4082.22,4064.86,4067.63
2025-11-19 07:00:00,4068.81,4080.66,4055.57,4075.52
2025-11-19 11:00:00,4075.54,4098.65,4064.44,4090.86
2025-11-19 15:00:00,4090.78,4118.92,4078.19,4108.86
2025-11-19 19:00:00,4109.01,4128.88,4100.68,4128.05
2025-11-19 23:00:00,4128.03,4132.81,4055.67,4087.24
2025-11-20 03:00:00,4087.2,4087.34,4065.64,4077.97
2025-11-20 07:00:00,4080.02,4110.06,4041.34,4067.1
2025-11-20 11:00:00,4067.04,4085.6,4058.56,4068.4
2025-11-20 15:00:00,4068.13,4076.7,4038.76,4060.04
2025-11-20 19:00:00,4060.05,4107.19,4050.97,4093.12
2025-11-20 23:00:00,4092.99,4098.86,4043.65,4060.53
2025-11-21 03:00:00,4060.52,4087.15,4058.98,4077.26
2025-11-21 07:00:00,4074.6,4088.66,4056.71,4057.37
2025-11-21 11:00:00,4057.03,4064.96,4029.69,4032.75
2025-11-21 15:00:00,4032.76,4063.5,4022.39,4037.13
2025-11-21 19:00:00,4037.14,4083.99,4030.94,4071.83
2025-11-21 23:00:00,4071.71,4101.16,4055.2,4082.83
2025-11-22 03:00:00,4082.86,4092.21,4054.5,4065.8
2025-11-24 07:00:00,4068.96,4077.74,4040.59,4043.71
2025-11-24 11:00:00,4043.85,4061.21,4039.91,4053.32
2025-11-24 15:00:00,4053.31,4077.15,4051.39,4063.85
2025-11-24 19:00:00,4063.98,4085.96,4062.95,4081.37
2025-11-24 23:00:00,4081.29,4125.84,4081.29,4120.45
2025-11-25 03:00:00,4120.53,4139.99,4113.9,4134.78
2025-11-25 07:00:00,4133.73,4155.91,4122.77,4150.83
2025-11-25 11:00:00,4150.79,4152.07,4138.47,4141.75
2025-11-25 15:00:00,4141.62,4146.0,4109.49,4131.31
2025-11-25 19:00:00,4131.3,4150.83,4110.92,4125.36
2025-11-25 23:00:00,4125.45,4159.25,4117.87,4134.37
2025-11-26 03:00:00,4134.33,4140.3,4127.55,4130.59
2025-11-26 07:00:00,4132.59,4166.64,4129.66,4161.61
2025-11-26 11:00:00,4161.62,4169.36,4146.93,4149.98
2025-11-26 15:00:00,4149.98,4168.52,4149.13,4160.03
2025-11-26 19:00:00,4160.02,4173.45,4140.01,4142.17
2025-11-26 23:00:00,4141.32,4171.66,4136.84,4164.81
2025-11-27 03:00:00,4164.84,4169.78,4161.4,4163.9
2025-11-27 07:00:00,4165.09,4168.78,4144.39,4145.47
2025-11-27 11:00:00,4145.3,4159.27,4142.53,4157.48
2025-11-27 15:00:00,4157.46,4167.22,4148.3,4156.42
2025-11-27 19:00:00,4156.41,4162.48,4149.23,4153.22
2025-11-27 23:00:00,4153.18,4161.77,4151.31,4159.29
2025-11-28 03:00:00,4159.31,4160.43,4157.02,4157.35
2025-11-28 07:00:00,4159.71,4193.15,4158.22,4189.58
2025-11-28 11:00:00,4189.45,4191.93,4166.68,4187.53
2025-11-28 15:00:00,4187.52,4187.87,4152.58,4163.55
2025-11-28 19:00:00,4163.53,4208.85,4162.31,4198.02
2025-11-28 23:00:00,4197.91,4226.82,4185.61,4220.46
2025-11-29 03:00:00,4220.44,4222.02,4216.18,4219.29
2025-12-01 07:00:00,4229.15,4256.4,4205.56,4242.85
2025-12-01 11:00:00,4242.86,4246.99,4215.18,4236.77
2025-12-01 15:00:00,4236.79,4262.32,4231.55,4255.68
2025-12-01 19:00:00,4255.77,4264.59,4219.77,4240.06
2025-12-01 23:00:00,4240.05,4245.1,4219.3,4240.33
2025-12-02 03:00:00,4240.37,4243.77,4229.37,4232.16
2025-12-02 07:00:00,4228.59,4236.0,4198.85,4221.62
2025-12-02 11:00:00,4221.38,4226.31,4203.26,4212.89
2025-12-02 15:00:00,4213.02,4219.2,4180.97,4185.57
2025-12-02 19:00:00,4185.56,4230.55,4184.82,4219.18
2025-12-02 23:00:00,4219.0,4219.62,4163.42,4190.76
2025-12-03 03:00:00,4191.08,4212.38,4190.95,4205.42
2025-12-03 07:00:00,4205.93,4228.86,4202.3,4226.48
2025-12-03 11:00:00,4226.68,4227.64,4203.67,4208.02
2025-12-03 15:00:00,4208.2,4210.42,4194.63,4200.54
2025-12-03 19:00:00,4200.58,4241.49,4197.11,4212.39
2025-12-03 23:00:00,4212.26,4229.43,4195.1,4197.01
2025-12-04 03:00:00,4197.0,4212.8,4196.72,4203.08
2025-12-04 07:00:00,4204.52,4216.81,4198.8,4200.35
2025-12-04 11:00:00,4200.47,4201.66,4175.07,4190.28
2025-12-04 15:00:00,4190.38,4202.72,4183.59,4197.28
2025-12-04 19:00:00,4197.32,4213.06,4185.61,4201.45
2025-12-04 23:00:00,4201.46,4219.29,4191.51,4207.92
2025-12-05 03:00:00,4207.98,4210.43,4199.44,4208.59
2025-12-05 07:00:00,4207.1,4210.53,4194.71,4207.23
2025-12-05 11:00:00,4207.27,4229.28,4201.77,4224.35
2025-12-05 15:00:00,4224.41,4230.83,4215.7,4222.91
2025-12-05 19:00:00,4222.92,4245.5,4220.06,4242.1
2025-12-05 23:00:00,4242.04,4259.32,4198.5,4208.76
2025-12-06 03:00:00,4208.78,4210.78,4191.87,4196.32
2025-12-08 07:00:00,4196.08,4212.46,4193.94,4208.28
2025-12-08 11:00:00,4208.38,4219.02,4204.59,4216.91
2025-12-08 15:00:00,4217.25,4217.47,4200.8,4203.64
2025-12-08 19:00:00,4203.63,4215.51,4195.3,4196.6
2025-12-08 23:00:00,4196.53,4197.64,4176.3,4187.17
2025-12-09 03:00:00,4187.12,4195.5,4184.14,4190.46
2025-12-09 07:00:00,4191.09,4197.36,4186.07,4189.77
2025-12-09 11:00:00,4189.87,4198.87,4169.77,4181.94
2025-12-09 15:00:00,4181.92,4212.51,4176.02,4203.82
2025-12-09 19:00:00,4203.83,4210.44,4189.51,4205.14
2025-12-09 23:00:00,4204.4,4221.31,4190.03,4208.93
2025-12-10 03:00:00,4208.92,4216.12,4207.1,4208.32
2025-12-10 07:00:00,4209.56,4218.9,4206.89,4217.04
2025-12-10 11:00:00,4216.97,4217.11,4201.82,4207.35
2025-12-10 15:00:00,4207.33,4209.34,4187.59,4193.32
2025-12-10 19:00:00,4193.37,4206.91,4191.38,4192.43
2025-12-10 23:00:00,4192.4,4205.06,4188.81,4194.33
2025-12-11 03:00:00,4194.43,4238.77,4181.8,4228.56
2025-12-11 07:00:00,4229.64,4247.8,4220.59,4222.45
2025-12-11 11:00:00,4222.44,4224.97,4204.48,4214.44
2025-12-11 15:00:00,4214.43,4225.94,4210.46,4217.02
2025-12-11 19:00:00,4217.02,4244.26,4205.1,4230.02
2025-12-11 23:00:00,4230.23,4285.94,4225.95,4268.24
2025-12-12 03:00:00,4268.27,4283.77,4262.97,4279.79
2025-12-12 07:00:00,4281.49,4283.75,4264.48,4270.52
2025-12-12 11:00:00,4270.53,4283.32,4266.15,4282.71
2025-12-12 15:00:00,4282.89,4331.08,4281.32,4329.86
2025-12-12 19:00:00,4330.06,4353.54,4321.1,4347.12
2025-12-12 23:00:00,4347.19,4351.34,4257.28,4294.79
2025-12-13 03:00:00,4294.82,4304.16,4288.56,4300.22
2025-12-15 07:00:00,4295.98,4329.28,4295.32,4326.33
2025-12-15 11:00:00,4326.42,4347.41,4319.56,4343.63
2025-12-15 15:00:00,4343.64,4350.43,4333.55,4339.74
2025-12-15 19:00:00,4339.51,4348.31,4317.48,4323.83
2025-12-15 23:00:00,4323.56,4327.9,4285.32,4313.23
2025-12-16 03:00:00,4313.22,4317.87,4299.22,4305.04
2025-12-16 07:00:00,4306.8,4317.81,4286.53,4289.88
2025-12-16 11:00:00,4289.91,4294.48,4271.56,4289.08
2025-12-16 15:00:00,4289.12,4289.9,4274.73,4277.19
2025-12-16 19:00:00,4277.02,4332.14,4273.74,4324.5
2025-12-16 23:00:00,4324.47,4335.01,4291.14,4311.25
2025-12-17 03:00:00,4311.23,4315.96,4296.8,4302.16
2025-12-17 07:00:00,4301.01,4327.86,4301.01,4314.32
2025-12-17 11:00:00,4314.44,4342.48,4312.49,4328.75
2025-12-17 15:00:00,4328.78,4328.83,4306.52,4317.57
2025-12-17 19:00:00,4317.56,4345.97,4314.79,4338.43
2025-12-17 23:00:00,4338.34,4349.16,4320.5,4336.05
2025-12-18 03:00:00,4336.04,4346.23,4330.31,4338.31
2025-12-18 07:00:00,4337.77,4343.3,4324.56,4333.26
2025-12-18 11:00:00,4333.21,4337.51,4328.6,4334.03
2025-12-18 15:00:00,4334.0,4337.79,4320.7,4325.33
2025-12-18 19:00:00,4325.32,4343.01,4308.51,4328.45
2025-12-18 23:00:00,4328.86,4374.63,4321.95,4331.78
2025-12-19 03:00:00,4331.62,4338.15,4322.81,4332.51
2025-12-19 07:00:00,4334.04,4336.92,4309.38,4316.55
2025-12-19 11:00:00,4316.51,4329.59,4312.73,4326.52
2025-12-19 15:00:00,4326.45,4333.57,4320.92,4327.81
2025-12-19 19:00:00,4327.82,4337.79,4319.63,4332.59
2025-12-19 23:00:00,4332.45,4356.47,4332.22,4348.58
2025-12-20 03:00:00,4348.6,4350.78,4336.67,4338.6
2025-12-22 07:00:00,4338.52,4388.75,4338.06,4385.95
2025-12-22 11:00:00,4386.05,4420.04,4383.96,4419.45
2025-12-22 15:00:00,4419.37,4420.41,4406.09,4408.75
2025-12-22 19:00:00,4408.73,4429.17,4406.25,4419.13
2025-12-22 23:00:00,4419.16,4442.1,4412.11,4435.16
2025-12-23 03:00:00,4435.17,4449.01,4428.85,4443.68
2025-12-23 07:00:00,4447.56,4497.91,4447.16,4493.43
2025-12-23 11:00:00,4493.47,4496.47,4469.57,4481.35
2025-12-23 15:00:00,4481.31,4493.32,4477.97,4484.19
2025-12-23 19:00:00,4484.2,4497.35,4441.51,4446.55
2025-12-23 23:00:00,4446.08,4484.99,4430.48,4484.3
2025-12-24 03:00:00,4484.04,4499.75,4483.32,4484.74
2025-12-24 07:00:00,4486.01,4525.76,4474.85,4477.26
2025-12-24 11:00:00,4478.39,4501.51,4470.81,4493.63
2025-12-24 15:00:00,4493.99,4499.9,4478.05,4489.34
2025-12-24 19:00:00,4489.35,4496.09,4460.33,4465.0
2025-12-24 23:00:00,4464.69,4487.76,4448.1,4479.37
2025-12-26 07:00:00,4498.82,4531.15,4479.87,4508.8
2025-12-26 11:00:00,4508.81,4519.54,4497.45,4511.82
2025-12-26 15:00:00,4511.8,4523.71,4507.21,4514.59
2025-12-26 19:00:00,4514.59,4533.46,4502.88,4521.16
2025-12-26 23:00:00,4521.21,4549.86,4509.79,4531.08
2025-12-27 03:00:00,4531.14,4535.75,4520.14,4531.68
2025-12-29 07:00:00,4548.84,4549.09,4472.25,4512.51
2025-12-29 11:00:00,4512.39,4520.04,4471.05,4475.05
2025-12-29 15:00:00,4474.92,4488.62,4444.99,4460.88
2025-12-29 19:00:00,4460.88,4467.74,4356.63,4360.33
2025-12-29 23:00:00,4360.28,4360.66,4302.49,4331.35
2025-12-30 03:00:00,4331.57,4344.46,4325.94,4331.77
2025-12-30 07:00:00,4336.51,4364.9,4323.23,4362.5
2025-12-30 11:00:00,4362.64,4380.15,4356.15,4364.73
2025-12-30 15:00:00,4364.66,4391.56,4349.89,4384.83
2025-12-30 19:00:00,4384.97,4404.26,4355.7,4366.49
2025-12-30 23:00:00,4365.88,4381.85,4354.55,4364.84
2025-12-31 03:00:00,4364.72,4368.12,4334.74,4338.48
2025-12-31 07:00:00,4342.55,4373.42,4328.94,4348.84
2025-12-31 11:00:00,4348.96,4359.85,4273.96,4327.84
2025-12-31 15:00:00,4328.09,4337.16,4303.33,4306.43
2025-12-31 19:00:00,4306.31,4353.4,4302.97,4346.15
2025-12-31 23:00:00,4346.1,4346.46,4315.78,4319.78
2026-01-01 03:00:00,4319.87,4322.95,4307.75,4311.63
2026-01-02 07:00:00,4328.78,4363.08,4324.4,4362.99
2026-01-02 11:00:00,4363.04,4381.74,4362.04,4374.58
2026-01-02 15:00:00,4374.7,4398.61,4371.95,4396.0
2026-01-02 19:00:00,4396.01,4402.33,4348.15,4353.5
2026-01-02 23:00:00,4352.93,4356.9,4309.72,4315.12
2026-01-03 03:00:00,4315.68,4333.35,4315.68,4332.7
2026-01-05 07:00:00,4353.22,4420.67,4345.29,4405.55
2026-01-05 11:00:00,4405.49,4426.39,4397.25,4420.14
2026-01-05 15:00:00,4420.17,4439.8,4416.55,4436.17
2026-01-05 19:00:00,4436.13,4442.98,4396.27,4436.61
2026-01-05 23:00:00,4437.48,4455.78,4432.42,4447.68
2026-01-06 03:00:00,4448.44,4449.46,4435.18,4448.98
2026-01-06 07:00:00,4451.02,4460.99,4427.65,4454.93
2026-01-06 11:00:00,4454.9,4474.01,4449.39,4465.65
2026-01-06 15:00:00,4465.64,4475.84,4442.38,4451.68
2026-01-06 19:00:00,4451.66,4489.81,4448.7,4486.97
2026-01-06 23:00:00,4486.98,4494.19,4462.8,4488.49
2026-01-07 03:00:00,4488.49,4497.26,4477.15,4494.79
2026-01-07 07:00:00,4496.24,4500.68,4459.5,4474.84
2026-01-07 11:00:00,4474.71,4480.37,4441.15,4444.29
2026-01-07 15:00:00,4444.3,4474.69,4441.58,4464.39
2026-01-07 19:00:00,4464.48,4464.97,4427.57,4445.48
2026-01-07 23:00:00,4442.54,4468.4,4423.17,4452.17
2026-01-08 03:00:00,4452.18,4461.55,4445.27,4456.51
2026-01-08 07:00:00,4459.46,4466.47,4433.31,4441.23
2026-01-08 11:00:00,4441.19,4446.55,4415.56,4433.4
2026-01-08 15:00:00,4433.39,4439.75,4419.78,4433.29
2026-01-08 19:00:00,4433.3,4439.14,4407.47,4433.19
2026-01-08 23:00:00,4432.54,4465.27,4427.88,4449.65
2026-01-09 03:00:00,4449.65,4479.45,4444.71,4477.36
2026-01-09 07:00:00,4482.65,4483.99,4452.67,4469.42
2026-01-09 11:00:00,4469.43,4477.39,4458.22,4474.07
2026-01-09 15:00:00,4474.09,4477.65,4463.84,4472.68
2026-01-09 19:00:00,4472.77,4498.06,4458.12,4494.56
2026-01-09 23:00:00,4494.69,4517.2,4481.98,4496.2
2026-01-10 03:00:00,4496.22,4511.11,4492.75,4510.04
2026-01-12 07:00:00,4521.41,4600.77,4512.67,4577.45
2026-01-12 11:00:00,4577.37,4585.06,4563.26,4578.62
2026-01-12 15:00:00,4578.88,4599.35,4574.49,4594.17
2026-01-12 19:00:00,4594.14,4620.08,4578.33,4602.25
2026-01-12 23:00:00,4602.06,4630.01,4600.52,4610.77
2026-01-13 03:00:00,4610.9,4618.83,4589.07,4597.54
2026-01-13 07:00:00,4607.78,4607.78,4575.48,4594.16
2026-01-13 11:00:00,4594.01,4602.03,4573.59,4581.35
2026-01-13 15:00:00,4581.64,4596.95,4577.4,4586.18
2026-01-13 19:00:00,4586.22,4634.65,4577.83,4630.01
2026-01-13 23:00:00,4629.77,4630.33,4581.17,4594.21
2026-01-14 03:00:00,4594.35,4598.86,4569.65,4586.62
2026-01-14 07:00:00,4591.56,4623.76,4589.32,4620.49
2026-01-14 11:00:00,4620.52,4639.61,4613.43,4637.31
2026-01-14 15:00:00,4637.41,4639.68,4621.83,4633.1
2026-01-14 19:00:00,4633.05,4641.7,4606.9,4617.76
2026-01-14 23:00:00,4617.08,4637.29,4599.21,4634.89
2026-01-15 03:00:00,4635.11,4642.9,4617.83,4626.4
2026-01-15 07:00:00,4631.75,4632.45,4583.78,4602.86
2026-01-15 11:00:00,4602.9,4611.94,4581.02,4610.02
2026-01-15 15:00:00,4610.27,4620.34,4597.76,4619.76
2026-01-15 19:00:00,4619.78,4623.11,4582.48,4611.12
2026-01-15 23:00:00,4611.06,4624.55,4601.3,4617.46
2026-01-16 03:00:00,4617.42,4621.54,4600.84,4615.6
2026-01-16 07:00:00,4617.52,4620.82,4591.43,4594.88
2026-01-16 11:00:00,4594.89,4615.95,4592.74,4598.32
2026-01-16 15:00:00,4598.16,4611.99,4597.01,4600.03
2026-01-16 19:00:00,4600.31,4615.98,4582.42,4607.77
2026-01-16 23:00:00,4607.69,4620.26,4536.56,4582.7
2026-01-17 03:00:00,4582.67,4598.13,4580.81,4595.4
2026-01-19 07:00:00,4633.93,4690.66,4629.29,4662.6
2026-01-19 11:00:00,4662.53,4678.93,4658.11,4677.86
2026-01-19 15:00:00,4677.85,4678.52,4661.15,4663.82
2026-01-19 19:00:00,4663.85,4673.65,4659.69,4666.48
2026-01-19 23:00:00,4666.5,4680.29,4664.45,4676.77
2026-01-20 03:00:00,4676.79,4676.87,4667.18,4670.95
2026-01-20 07:00:00,4675.1,4676.96,4659.46,4668.61
2026-01-20 11:00:00,4668.8,4717.12,4665.97,4712.59
2026-01-20 15:00:00,4712.56,4737.47,4711.69,4726.64
2026-01-20 19:00:00,4726.7,4750.57,4715.37,4741.0
2026-01-20 23:00:00,4740.49,4766.31,4722.52,4759.47
2026-01-21 03:00:00,4759.47,4766.25,4747.44,4763.55
2026-01-21 07:00:00,4760.68,4844.14,4757.71,4836.72
2026-01-21 11:00:00,4836.67,4888.52,4827.14,4847.61
2026-01-21 15:00:00,4847.57,4877.09,4832.34,4861.98
2026-01-21 19:00:00,4862.12,4881.01,4839.66,4852.08
2026-01-21 23:00:00,4852.14,4868.69,4802.47,4850.27
2026-01-22 03:00:00,4850.44,4853.94,4755.55,4831.25
2026-01-22 07:00:00,4832.0,4833.05,4772.49,4789.21
2026-01-22 11:00:00,4789.19,4829.12,4784.18,4826.41
2026-01-22 15:00:00,4826.87,4838.58,4813.94,4828.91
2026-01-22 19:00:00,4828.91,4847.86,4810.55,4835.02
2026-01-22 23:00:00,4835.05,4919.51,4827.21,4916.14
2026-01-23 03:00:00,4916.1,4940.83,4905.86,4936.3
2026-01-23 07:00:00,4944.43,4967.26,4930.66,4955.65
2026-01-23 11:00:00,4955.63,4967.29,4938.2,4953.73
2026-01-23 15:00:00,4953.74,4959.65,4899.76,4929.77
2026-01-23 19:00:00,4929.75,4956.6,4912.11,4943.33
2026-01-23 23:00:00,4943.13,4988.24,4938.17,4966.53
2026-01-24 03:00:00,4966.75,4989.84,4966.75,4985.91
2026-01-26 07:00:00,5008.85,5093.18,5003.58,5080.87
2026-01-26 11:00:00,5080.88,5111.23,5052.36,5077.62
2026-01-26 15:00:00,5078.11,5098.43,5073.7,5091.62
2026-01-26 19:00:00,5091.62,5096.9,5054.83,5096.31
2026-01-26 23:00:00,5096.38,5105.06,5058.11,5068.74
2026-01-27 03:00:00,5069.18,5069.76,4989.92,5008.22
2026-01-27 07:00:00,5022.86,5080.03,5013.76,5072.41
2026-01-27 11:00:00,5072.58,5093.79,5057.04,5085.71
2026-01-27 15:00:00,5085.76,5100.93,5073.26,5086.26
2026-01-27 19:00:00,5086.25,5092.83,5046.67,5054.33
2026-01-27 23:00:00,5052.36,5103.01,5047.89,5088.07
2026-01-28 03:00:00,5088.06,5190.21,5080.96,5181.14
2026-01-28 07:00:00,5172.51,5234.64,5157.15,5232.01
2026-01-28 11:00:00,5231.85,5271.25,5224.55,5269.97
2026-01-28 15:00:00,5270.27,5311.52,5262.7,5270.13
2026-01-28 19:00:00,5270.59,5289.48,5238.64,5286.08
2026-01-28 23:00:00,5285.77,5326.18,5236.54,5282.87
2026-01-29 03:00:00,5282.94,5419.1,5269.59,5417.51
2026-01-29 07:00:00,5422.61,5597.91,5422.61,5535.81
2026-01-29 11:00:00,5535.4,5595.18,5508.2,5561.43
2026-01-29 15:00:00,5561.51,5574.95,5474.36,5483.5
2026-01-29 19:00:00,5483.82,5549.67,5470.75,5496.96
2026-01-29 23:00:00,5495.74,5495.74,5098.65,5339.05
2026-01-30 03:00:00,5339.07,5425.95,5282.83,5370.5
2026-01-30 07:00:00,5400.04,5450.96,5112.49,5224.64
2026-01-30 11:00:00,5224.53,5240.91,5145.17,5155.74
2026-01-30 15:00:00,5156.2,5186.33,4942.52,5119.61
2026-01-30 19:00:00,5119.19,5145.85,4992.35,5032.77
2026-01-30 23:00:00,5031.72,5073.86,4681.35,4879.04
2026-01-31 03:00:00,4879.41,4947.98,4809.6,4882.54
2026-02-02 07:00:00,4781.13,4884.79,4584.1,4710.57
2026-02-02 11:00:00,4710.84,4729.24,4402.72,4504.8
2026-02-02 15:00:00,4504.68,4733.76,4488.49,4705.34
2026-02-02 19:00:00,4705.37,4812.62,4669.44,4719.6
2026-02-02 23:00:00,4719.5,4745.58,4596.79,4657.59
2026-02-03 03:00:00,4657.53,4712.6,4631.16,4660.02
2026-02-03 07:00:00,4677.34,4857.0,4677.32,4783.59
2026-02-03 11:00:00,4783.64,4894.03,4751.75,4881.24
2026-02-03 15:00:00,4881.04,4948.31,4871.77,4902.38
2026-02-03 19:00:00,4902.33,4950.92,4883.91,4917.08
2026-02-03 23:00:00,4917.06,4993.7,4885.18,4908.33
2026-02-04 03:00:00,4908.42,4963.81,4880.71,4946.65
2026-02-04 07:00:00,4962.55,5065.46,4910.15,5040.37
2026-02-04 11:00:00,5040.22,5090.3,5036.23,5076.59
2026-02-04 15:00:00,5076.6,5091.93,5041.76,5048.75
2026-02-04 19:00:00,5048.76,5063.29,4967.02,4986.74
2026-02-04 23:00:00,4986.31,5007.85,4853.42,4927.43
2026-02-05 03:00:00,4927.53,4970.8,4914.66,4964.5
2026-02-05 07:00:00,4980.35,5023.76,4804.72,4811.61
2026-02-05 11:00:00,4811.97,4934.16,4789.21,4920.55
2026-02-05 15:00:00,4920.47,4943.56,4848.07,4877.01
2026-02-05 19:00:00,4877.12,4894.42,4802.3,4846.4
2026-02-05 23:00:00,4845.65,4906.54,4800.28,4858.2
2026-02-06 03:00:00,4858.18,4865.17,4759.82,4779.25
2026-02-06 07:00:00,4761.51,4846.16,4654.86,4816.4
2026-02-06 11:00:00,4816.51,4902.98,4801.1,4846.43
2026-02-06 15:00:00,4846.24,4882.33,4829.37,4878.46
2026-02-06 19:00:00,4878.14,4949.57,4863.77,4948.32
2026-02-06 23:00:00,4947.65,4971.43,4921.54,4962.35
2026-02-07 03:00:00,4962.62,4964.17,4936.52,4960.75
2026-02-09 07:00:00,4990.56,5046.89,4964.97,5007.15
2026-02-09 11:00:00,5006.68,5045.39,5005.47,5031.36
2026-02-09 15:00:00,5031.35,5040.81,4982.1,4990.98
2026-02-09 19:00:00,4990.96,5040.55,4988.53,5038.07
2026-02-09 23:00:00,5037.56,5080.46,5023.73,5062.86
2026-02-10 03:00:00,5062.83,5086.28,5048.59,5058.18
2026-02-10 07:00:00,5067.96,5075.61,4987.25,5038.25
2026-02-10 11:00:00,5038.12,5045.48,5011.12,5024.66
2026-02-10 15:00:00,5024.6,5063.29,5018.67,5046.94
2026-02-10 19:00:00,5046.88,5078.54,5019.54,5039.65
2026-02-10 23:00:00,5037.96,5047.81,4999.04,5013.28
2026-02-11 03:00:00,5013.31,5045.53,5008.71,5025.21
2026-02-11 07:00:00,5027.37,5057.88,5027.37,5055.77
2026-02-11 11:00:00,5055.16,5064.56,5043.53,5064.18
2026-02-11 15:00:00,5064.18,5101.35,5045.58,5093.25
2026-02-11 19:00:00,5093.18,5118.92,5017.79,5059.61
2026-02-11 23:00:00,5059.07,5098.87,5039.16,5082.35
2026-02-12 03:00:00,5082.28,5094.36,5069.78,5084.42
2026-02-12 07:00:00,5096.67,5099.96,5045.05,5065.83
2026-02-12 11:00:00,5065.86,5078.37,5047.22,5059.76
2026-02-12 15:00:00,5059.74,5080.76,5051.72,5061.99
2026-02-12 19:00:00,5062.12,5083.81,5039.3,5044.35
2026-02-12 23:00:00,5044.3,5074.81,4878.61,4935.72
2026-02-13 03:00:00,4935.74,4958.14,4911.0,4921.8
2026-02-13 07:00:00,4889.84,4991.34,4887.12,4988.16
2026-02-13 11:00:00,4988.17,4997.14,4945.03,4967.44
2026-02-13 15:00:00,4967.43,4989.56,4947.37,4950.18
2026-02-13 19:00:00,4950.28,5010.91,4934.04,4995.69
2026-02-13 23:00:00,4996.93,5035.45,4973.92,5031.08
2026-02-14 03:00:00,5031.1,5046.09,5021.46,5042.83
2026-02-16 07:00:00,5035.13,5035.41,4992.15,4994.87
2026-02-16 11:00:00,4994.62,5003.11,4965.21,4994.97
2026-02-16 15:00:00,4994.98,5017.35,4988.75,5005.98
2026-02-16 19:00:00,5006.01,5008.21,4981.66,4988.2
2026-02-16 23:00:00,4988.44,4997.64,4968.93,4994.51
2026-02-17 03:00:00,4994.7,4996.46,4990.46,4993.63
2026-02-17 07:00:00,4991.65,5000.87,4923.08,4966.98
2026-02-17 11:00:00,4967.08,4970.18,4858.61,4910.48
2026-02-17 15:00:00,4909.31,4939.5,4903.83,4913.05
2026-02-17 19:00:00,4913.06,4944.1,4841.9,4862.64
2026-02-17 23:00:00,4863.25,4910.47,4849.24,4899.0
2026-02-18 03:00:00,4899.08,4901.13,4873.29,4877.36
2026-02-18 07:00:00,4869.58,4907.46,4854.08,4905.24
2026-02-18 11:00:00,4905.36,4939.87,4904.32,4930.86
2026-02-18 15:00:00,4930.88,4941.91,4909.16,4914.64
2026-02-18 19:00:00,4914.4,4994.4,4906.31,4991.84
2026-02-18 23:00:00,4991.74,5010.89,4980.6,4987.28
2026-02-19 03:00:00,4987.3,4995.33,4972.87,4977.2
2026-02-19 07:00:00,4977.11,4988.88,4960.07,4968.3
2026-02-19 11:00:00,4968.07,5019.94,4966.25,5018.16
2026-02-19 15:00:00,5018.15,5022.03,4981.54,4993.24
2026-02-19 19:00:00,4993.18,5010.48,4963.54,5005.49
2026-02-19 23:00:00,5005.6,5022.28,4975.34,4981.57
2026-02-20 03:00:00,4981.58,5004.12,4978.23,4996.14
2026-02-20 07:00:00,5003.18,5014.81,4985.4,4996.27
2026-02-20 11:00:00,4996.21,5030.01,4981.58,5020.52
2026-02-20 15:00:00,5020.52,5042.37,5004.86,5034.6
2026-02-20 19:00:00,5034.55,5060.5,5007.17,5054.61
2026-02-20 23:00:00,5054.81,5076.36,4989.4,5071.04
2026-02-21 03:00:00,5071.05,5106.88,5068.83,5103.76
2026-02-23 07:00:00,5109.06,5176.67,5107.83,5173.44
2026-02-23 11:00:00,5173.42,5175.95,5144.94,5145.6
2026-02-23 15:00:00,5145.54,5163.56,5122.42,5162.71
2026-02-23 19:00:00,5162.73,5200.38,5141.23,5192.46
2026-02-23 23:00:00,5192.27,5219.04,5175.63,5209.69
2026-02-24 03:00:00,5209.61,5237.62,5206.63,5227.61
2026-02-24 07:00:00,5230.95,5249.73,5145.2,5190.05
2026-02-24 11:00:00,5190.03,5191.83,5156.5,5173.41
2026-02-24 15:00:00,5173.37,5183.8,5163.2,5172.94
2026-02-24 19:00:00,5172.93,5178.45,5093.44,5128.5
2026-02-24 23:00:00,5128.47,5170.14,5118.06,5160.21
2026-02-25 03:00:00,5160.19,5173.21,5141.0,5143.69
2026-02-25 07:00:00,5141.52,5193.96,5120.74,5180.73
2026-02-25 11:00:00,5180.83,5210.59,5172.9,5194.88
2026-02-25 15:00:00,5194.86,5197.35,5170.15,5175.22
2026-02-25 19:00:00,5175.19,5193.47,5155.07,5191.15
2026-02-25 23:00:00,5191.03,5217.55,5172.82,5201.8
2026-02-26 03:00:00,5201.81,5208.52,5145.86,5164.94
2026-02-26 07:00:00,5165.12,5198.45,5155.11,5184.19
2026-02-26 11:00:00,5184.16,5205.51,5182.83,5193.35
2026-02-26 15:00:00,5193.35,5194.64,5165.71,5171.17
2026-02-26 19:00:00,5171.19,5187.85,5139.88,5165.27
2026-02-26 23:00:00,5165.07,5192.74,5130.3,5180.32
2026-02-27 03:00:00,5180.54,5200.87,5179.64,5184.9
2026-02-27 07:00:00,5188.23,5199.65,5166.99,5183.72
2026-02-27 11:00:00,5183.65,5200.47,5180.71,5185.59
2026-02-27 15:00:00,5185.58,5189.73,5168.72,5177.71
2026-02-27 19:00:00,5177.66,5240.27,5172.55,5223.91
2026-02-27 23:00:00,5223.89,5257.56,5214.69,5245.4
2026-02-28 03:00:00,5245.39,5280.78,5240.39,5279.95
2026-03-02 07:00:00,5351.8,5393.03,5303.28,5346.58
2026-03-02 11:00:00,5346.67,5389.73,5340.91,5387.58
2026-03-02 15:00:00,5387.62,5419.15,5378.86,5389.35
2026-03-02 19:00:00,5389.34,5416.74,5306.36,5333.52
2026-03-02 23:00:00,5328.85,5348.91,5260.7,5315.58
2026-03-03 03:00:00,5315.57,5346.45,5313.67,5321.97
2026-03-03 07:00:00,5334.19,5379.73,5329.2,5366.91
2026-03-03 11:00:00,5366.92,5375.62,5279.35,5310.43
2026-03-03 15:00:00,5310.24,5335.99,5226.34,5248.22
2026-03-03 19:00:00,5247.93,5264.02,5016.44,5038.75
2026-03-03 23:00:00,5038.45,5138.1,4996.22,5136.05
2026-03-04 03:00:00,5135.95,5148.81,5083.15,5088.16
2026-03-04 07:00:00,5109.8,5190.71,5084.03,5156.08
2026-03-04 11:00:00,5156.07,5180.87,5120.72,5160.66
2026-03-04 15:00:00,5160.58,5202.49,5147.66,5189.65
2026-03-04 19:00:00,5189.69,5206.1,5138.37,5146.75
2026-03-04 23:00:00,5144.77,5166.88,5108.8,5133.38
2026-03-05 03:00:00,5133.72,5146.7,5123.13,5141.0
2026-03-05 07:00:00,5150.07,5192.45,5144.71,5192.08
2026-03-05 11:00:00,5192.16,5194.93,5120.76,5167.48
2026-03-05 15:00:00,5167.36,5180.64,5137.39,5164.4
2026-03-05 19:00:00,5164.43,5171.62,5083.95,5102.3
2026-03-05 23:00:00,5101.37,5120.0,5050.68,5069.47
2026-03-06 03:00:00,5069.42,5094.68,5056.43,5080.88
2026-03-06 07:00:00,5083.76,5143.64,5066.34,5126.38
2026-03-06 11:00:00,5126.37,5141.42,5109.22,5115.71
2026-03-06 15:00:00,5115.56,5123.16,5075.55,5091.07
2026-03-06 19:00:00,5091.28,5132.24,5062.44,5130.49
2026-03-06 23:00:00,5130.5,5171.54,5125.95,5161.03
2026-03-07 03:00:00,5161.04,5174.61,5149.87,5171.06
2026-03-09 06:00:00,5190.43,5192.04,5014.58,5070.12
2026-03-09 10:00:00,5070.35,5140.49,5055.35,5124.37
2026-03-09 14:00:00,5124.36,5134.09,5087.08,5105.2
2026-03-09 18:00:00,5105.21,5112.24,5067.15,5073.88
2026-03-09 22:00:00,5073.09,5116.13,5061.42,5095.88
2026-03-10 02:00:00,5095.43,5147.98,5092.43,5136.6
2026-03-10 06:00:00,5148.47,5186.19,5117.51,5184.03
2026-03-10 10:00:00,5184.02,5186.39,5154.34,5177.93
2026-03-10 14:00:00,5178.05,5195.18,5158.47,5182.48
2026-03-10 18:00:00,5182.45,5228.95,5156.43,5205.79
2026-03-10 22:00:00,5206.27,5238.6,5185.51,5227.64
2026-03-11 02:00:00,5227.76,5228.12,5160.73,5192.66
2026-03-11 06:00:00,5190.1,5223.02,5183.66,5208.57
2026-03-11 10:00:00,5208.37,5220.28,5190.87,5199.54
2026-03-11 14:00:00,5199.77,5210.51,5175.43,5187.83
2026-03-11 18:00:00,5187.95,5196.6,5149.32,5176.77
2026-03-11 22:00:00,5176.54,5196.34,5155.03,5169.71
2026-03-12 02:00:00,5169.56,5183.64,5169.22,5176.09
2026-03-12 06:00:00,5182.09,5182.52,5125.4,5168.48
2026-03-12 10:00:00,5168.76,5175.26,5137.05,5154.31
2026-03-12 14:00:00,5154.55,5190.39,5147.13,5188.29
2026-03-12 18:00:00,5188.08,5191.68,5145.91,5151.34
2026-03-12 22:00:00,5151.21,5163.52,5102.57,5105.08
2026-03-13 02:00:00,5105.18,5112.65,5054.86,5079.24
2026-03-13 06:00:00,5074.8,5124.34,5072.68,5124.15
2026-03-13 10:00:00,5124.48,5128.47,5098.2,5103.02
2026-03-13 14:00:00,5103.04,5107.91,5061.32,5089.6
2026-03-13 18:00:00,5089.55,5121.89,5079.92,5101.88
2026-03-13 22:00:00,5101.92,5107.95,5018.81,5046.45
2026-03-14 02:00:00,5046.46,5051.79,5009.59,5021.27
2026-03-16 06:00:00,5010.84,5031.02,4967.24,5016.04
2026-03-16 10:00:00,5016.02,5026.35,4997.86,5017.46
2026-03-16 14:00:00,5017.48,5035.99,4972.54,4975.42
2026-03-16 18:00:00,4975.39,5034.38,4970.08,5029.88
2026-03-16 22:00:00,5029.87,5038.02,4973.8,4991.26
2026-03-17 02:00:00,4991.57,5021.54,4989.94,5006.19
2026-03-17 06:00:00,5010.94,5028.05,4994.66,5027.66
2026-03-17 10:00:00,5027.83,5044.27,5020.08,5020.72
2026-03-17 14:00:00,5020.82,5029.6,5005.09,5010.47
2026-03-17 18:00:00,5009.79,5031.58,4991.81,5016.79
2026-03-17 22:00:00,5016.7,5020.53,4973.75,5002.51
2026-03-18 02:00:00,5002.5,5009.09,4996.33,5005.45
2026-03-18 06:00:00,5005.02,5015.86,4991.18,4998.75
2026-03-18 10:00:00,4999.27,5006.98,4981.99,4997.32
2026-03-18 14:00:00,4997.52,5016.2,4977.21,4992.06
2026-03-18 18:00:00,4992.07,4992.28,4834.38,4878.16
2026-03-18 22:00:00,4878.27,4899.0,4856.51,4890.73
2026-03-19 02:00:00,4890.82,4899.31,4807.0,4818.83
2026-03-19 06:00:00,4829.45,4867.02,4804.25,4850.05
2026-03-19 10:00:00,4850.06,4866.11,4826.82,4827.62
2026-03-19 14:00:00,4827.63,4841.94,4686.82,4698.89
2026-03-19 18:00:00,4698.73,4720.03,4502.69,4620.35
2026-03-19 22:00:00,4621.28,4649.02,4566.22,4616.21
2026-03-20 02:00:00,4615.66,4663.34,4595.98,4650.3
2026-03-20 06:00:00,4659.03,4699.29,4634.13,4677.21
2026-03-20 10:00:00,4678.28,4735.93,4670.2,4688.51
2026-03-20 14:00:00,4688.53,4734.8,4659.63,4667.47
2026-03-20 18:00:00,4667.3,4695.32,4612.96,4616.32
2026-03-20 22:00:00,4616.1,4622.54,4540.55,4573.46
2026-03-21 02:00:00,4573.55,4578.52,4477.38,4496.99
2026-03-23 06:00:00,4487.05,4536.14,4319.53,4387.53
2026-03-23 10:00:00,4388.24,4422.11,4302.34,4310.16
2026-03-23 14:00:00,4309.79,4310.46,4099.02,4253.48
2026-03-23 18:00:00,4254.06,4492.6,4241.43,4454.36
2026-03-23 22:00:00,4454.34,4512.34,4351.17,4426.23
2026-03-24 02:00:00,4426.94,4467.07,4382.89,4406.64
2026-03-24 06:00:00,4419.92,4448.33,4308.28,4322.23
2026-03-24 10:00:00,4322.65,4379.34,4305.94,4347.16
2026-03-24 14:00:00,4347.22,4432.25,4342.91,4426.54
2026-03-24 18:00:00,4426.42,4441.96,4351.61,4381.46
2026-03-24 22:00:00,4381.08,4433.91,4372.21,4388.5
2026-03-25 02:00:00,4388.56,4484.42,4384.01,4474.53
2026-03-25 06:00:00,4476.62,4601.14,4456.13,4594.94
2026-03-25 10:00:00,4595.05,4602.42,4549.59,4555.81
2026-03-25 14:00:00,4555.83,4567.91,4527.56,4552.04
2026-03-25 18:00:00,4551.94,4585.59,4521.81,4544.74
2026-03-25 22:00:00,4544.98,4579.34,4525.19,4550.71
2026-03-26 02:00:00,4550.57,4568.92,4487.09,4506.27
2026-03-26 06:00:00,4517.37,4544.36,4488.98,4535.62
2026-03-26 10:00:00,4535.68,4535.91,4439.16,4439.2
2026-03-26 14:00:00,4439.26,4463.75,4412.82,4423.53
2026-03-26 18:00:00,4423.59,4460.49,4416.46,4452.69
2026-03-26 22:00:00,4453.24,4479.27,4367.22,4381.49
2026-03-27 02:00:00,4381.39,4420.63,4351.28,4378.37
2026-03-27 06:00:00,4384.38,4420.53,4375.43,4417.46
2026-03-27 10:00:00,4417.73,4474.92,4417.13,4454.59
2026-03-27 14:00:00,4454.13,4472.97,4420.72,4428.72
2026-03-27 18:00:00,4428.73,4445.21,4404.2,4431.14
2026-03-27 22:00:00,4430.87,4555.29,4430.69,4486.53
2026-03-28 02:00:00,4486.76,4528.82,4486.69,4495.29
2026-03-30 06:00:00,4486.25,4514.9,4420.07,4469.64
2026-03-30 10:00:00,4469.61,4528.8,4458.71,4522.25
2026-03-30 14:00:00,4522.19,4550.65,4515.81,4532.48
2026-03-30 18:00:00,4533.42,4580.57,4516.81,4523.24
2026-03-30 22:00:00,4523.1,4556.86,4511.44,4515.17
2026-03-31 02:00:00,4515.11,4523.25,4492.98,4511.01
2026-03-31 06:00:00,4514.19,4619.46,4482.59,4604.94
2026-03-31 10:00:00,4605.08,4607.37,4547.51,4568.93
2026-03-31 14:00:00,4568.66,4575.4,4543.47,4555.48
2026-03-31 18:00:00,4555.4,4609.9,4529.42,4607.51
2026-03-31 22:00:00,4607.34,4667.42,4595.04,4655.01
2026-04-01 02:00:00,4654.52,4687.28,4653.58,4667.07
2026-04-01 06:00:00,4681.82,4724.15,4661.61,4692.59
2026-04-01 10:00:00,4693.38,4703.54,4666.89,4684.17
2026-04-01 14:00:00,4684.36,4747.77,4682.56,4723.32
2026-04-01 18:00:00,4723.33,4763.04,4715.29,4738.07
2026-04-01 22:00:00,4734.2,4793.04,4724.2,4774.24
2026-04-02 02:00:00,4774.25,4778.35,4741.97,4758.07
2026-04-02 06:00:00,4759.38,4800.25,4651.06,4696.87
2026-04-02 10:00:00,4695.99,4704.32,4585.94,4594.06
2026-04-02 14:00:00,4594.61,4651.17,4554.19,4621.71
2026-04-02 18:00:00,4621.91,4651.56,4580.77,4646.25
2026-04-02 22:00:00,4646.45,4699.72,4631.96,4648.7
2026-04-03 02:00:00,4648.71,4682.0,4647.29,4676.12
2026-04-06 06:00:00,4631.66,4665.57,4600.63,4625.8
2026-04-06 10:00:00,4626.11,4678.57,4623.48,4652.6
2026-04-06 14:00:00,4652.63,4706.29,4643.44,4693.49
2026-04-06 18:00:00,4693.94,4697.64,4659.53,4680.02
2026-04-06 22:00:00,4681.61,4697.68,4645.67,4653.52
2026-04-07 02:00:00,4653.82,4666.15,4645.54,4650.64
2026-04-07 06:00:00,4658.51,4668.0,4616.13,4626.78
2026-04-07 10:00:00,4626.82,4663.6,4619.8,4642.99
2026-04-07 14:00:00,4643.12,4694.55,4636.41,4670.89
2026-04-07 18:00:00,4671.19,4680.77,4628.81,4644.26
2026-04-07 22:00:00,4644.02,4686.74,4607.68,4676.01
2026-04-08 02:00:00,4675.96,4718.39,4657.62,4705.59
2026-04-08 06:00:00,4747.06,4857.02,4712.93,4810.14
2026-04-08 10:00:00,4810.09,4843.52,4790.28,4827.66
2026-04-08 14:00:00,4827.56,4839.97,4776.43,4783.16
2026-04-08 18:00:00,4783.19,4807.07,4767.85,4778.08
2026-04-08 22:00:00,4777.25,4792.19,4731.44,4734.04
2026-04-09 02:00:00,4734.42,4744.48,4699.63,4719.07
2026-04-09 06:00:00,4727.87,4732.41,4698.47,4727.5
2026-04-09 10:00:00,4727.53,4733.04,4705.37,4713.09
2026-04-09 14:00:00,4712.98,4733.29,4703.44,4729.34
2026-04-09 18:00:00,4729.32,4777.0,4723.73,4764.39
2026-04-09 22:00:00,4764.49,4801.2,4747.16,4797.77
2026-04-10 02:00:00,4797.84,4798.26,4760.98,4765.5
2026-04-10 06:00:00,4775.64,4779.51,4750.81,4764.73
2026-04-10 10:00:00,4764.68,4770.87,4737.9,4765.74
2026-04-10 14:00:00,4765.75,4765.75,4730.84,4751.52
2026-04-10 18:00:00,4751.47,4782.55,4742.26,4775.03
2026-04-10 22:00:00,4776.51,4795.16,4747.54,4760.15
2026-04-11 02:00:00,4760.48,4773.3,4740.92,4748.66
2026-04-13 06:00:00,4661.08,4728.16,4644.34,4721.14
2026-04-13 10:00:00,4721.08,4730.75,4708.68,4729.47
2026-04-13 14:00:00,4729.46,4740.11,4710.62,4714.6
2026-04-13 18:00:00,4714.58,4744.38,4703.63,4730.49
2026-04-13 22:00:00,4730.31,4750.29,4700.26,4729.95
2026-04-14 02:00:00,4730.11,4747.55,4723.26,4740.48
2026-04-14 06:00:00,4751.47,4776.9,4745.66,4765.07
2026-04-14 10:00:00,4764.84,4777.09,4757.88,4759.96
2026-04-14 14:00:00,4760.07,4796.17,4760.01,4778.31
2026-04-14 18:00:00,4778.35,4803.2,4751.96,4794.74
2026-04-14 22:00:00,4795.12,4841.31,4791.13,4835.08
2026-04-15 02:00:00,4835.1,4846.37,4830.86,4841.92
2026-04-15 06:00:00,4840.14,4871.31,4827.3,4847.22
2026-04-15 10:00:00,4847.02,4853.38,4812.51,4819.88
2026-04-15 14:00:00,4819.9,4825.09,4786.19,4798.27
2026-04-15 18:00:00,4798.18,4830.04,4790.61,4829.03
2026-04-15 22:00:00,4829.3,4830.5,4786.75,4792.51
2026-04-16 02:00:00,4792.63,4803.45,4787.89,4790.67
2026-04-16 06:00:00,4797.42,4837.61,4790.83,4817.81
2026-04-16 10:00:00,4817.89,4838.31,4812.35,4821.41
2026-04-16 14:00:00,4821.39,4831.07,4806.78,4813.0
2026-04-16 18:00:00,4812.99,4823.81,4784.8,4795.31
2026-04-16 22:00:00,4794.81,4812.99,4772.95,4789.33
2026-04-17 02:00:00,4789.34,4798.7,4785.66,4790.97
2026-04-17 06:00:00,4794.55,4801.19,4767.52,4789.42
2026-04-17 10:00:00,4789.37,4806.26,4784.37,4794.13
2026-04-17 14:00:00,4794.04,4801.0,4778.63,4790.25
2026-04-17 18:00:00,4790.42,4889.44,4782.3,4880.49
2026-04-17 22:00:00,4881.22,4885.35,4854.02,4862.55
2026-04-18 02:00:00,4862.65,4867.87,4831.33,4834.06
2026-04-20 06:00:00,4763.04,4814.2,4737.07,4807.96
2026-04-20 10:00:00,4807.87,4809.07,4779.47,4790.99
2026-04-20 14:00:00,4790.97,4805.69,4783.31,4791.44
2026-04-20 18:00:00,4791.43,4826.36,4786.49,4817.97
2026-04-20 22:00:00,4818.01,4827.76,4792.44,4806.69
2026-04-21 02:00:00,4806.82,4821.98,4806.82,4820.62
2026-04-21 06:00:00,4823.94,4832.9,4805.91,4810.36
2026-04-21 10:00:00,4810.37,4810.61,4783.08,4784.2
2026-04-21 14:00:00,4784.21,4792.88,4772.63,4783.6
2026-04-21 18:00:00,4783.63,4797.9,4761.54,4779.19
2026-04-21 22:00:00,4779.08,4782.38,4696.85,4711.26
2026-04-22 02:00:00,4711.43,4720.25,4668.52,4720.25
2026-04-22 06:00:00,4722.01,4754.72,4715.53,4752.32
2026-04-22 10:00:00,4752.63,4772.06,4750.07,4767.73
2026-04-22 14:00:00,4767.72,4772.39,4751.75,4755.29
2026-04-22 18:00:00,4755.4,4760.87,4736.32,4752.8
2026-04-22 22:00:00,4752.37,4757.5,4723.84,4737.31
2026-04-23 02:00:00,4737.36,4749.46,4729.77,4740.11
2026-04-23 06:00:00,4745.51,4753.46,4694.07,4723.09
2026-04-23 10:00:00,4723.08,4724.59,4692.25,4713.43
2026-04-23 14:00:00,4713.5,4724.84,4694.47,4697.66
2026-04-23 18:00:00,4697.11,4743.33,4684.12,4724.4
2026-04-23 22:00:00,4724.39,4741.13,4664.11,4709.26
2026-04-24 02:00:00,4709.41,4720.9,4686.38,4694.31
2026-04-24 06:00:00,4699.29,4711.1,4686.76,4699.27
2026-04-24 10:00:00,4699.65,4700.76,4657.63,4686.27
2026-04-24 14:00:00,4686.61,4697.42,4666.61,4682.16
2026-04-24 18:00:00,4682.07,4717.39,4674.49,4711.07
2026-04-24 22:00:00,4711.27,4740.49,4706.87,4723.56
2026-04-25 02:00:00,4723.43,4726.15,4705.19,4708.01
2026-04-27 06:00:00,4692.78,4709.49,4672.11,4702.73
2026-04-27 10:00:00,4702.75,4730.08,4696.05,4710.19
2026-04-27 14:00:00,4710.17,4718.26,4699.24,4703.5
2026-04-27 18:00:00,4703.52,4712.7,4689.16,4696.11
2026-04-27 22:00:00,4695.77,4696.71,4667.18,4682.12
2026-04-28 02:00:00,4682.09,4685.44,4676.69,4681.69
2026-04-28 06:00:00,4684.09,4701.34,4669.26,4670.72
2026-04-28 10:00:00,4670.71,4679.93,4623.77,4632.11
2026-04-28 14:00:00,4631.95,4642.97,4604.53,4604.89
2026-04-28 18:00:00,4604.62,4616.32,4554.76,4580.51
2026-04-28 22:00:00,4580.42,4601.73,4557.29,4594.6
2026-04-29 02:00:00,4594.62,4600.64,4591.1,4597.3
2026-04-29 06:00:00,4598.72,4610.34,4576.1,4584.7
2026-04-29 10:00:00,4584.72,4607.66,4584.72,4590.82
2026-04-29 14:00:00,4590.79,4598.65,4551.46,4555.88
2026-04-29 18:00:00,4555.71,4576.53,4510.31,4521.68
2026-04-29 22:00:00,4521.69,4564.98,4517.85,4547.39
2026-04-30 02:00:00,4547.62,4553.59,4518.73,4543.66
2026-04-30 06:00:00,4543.71,4582.56,4539.21,4578.99
2026-04-30 10:00:00,4579.11,4581.9,4540.79,4562.68
2026-04-30 14:00:00,4562.69,4631.59,4560.06,4625.32
2026-04-30 18:00:00,4625.28,4646.73,4610.68,4610.93
2026-04-30 22:00:00,4610.95,4626.02,4605.31,4616.92
2026-05-01 02:00:00,4617.13,4627.22,4614.5,4621.7
2026-05-01 06:00:00,4628.14,4634.18,4613.82,4620.78
2026-05-01 10:00:00,4620.46,4635.98,4602.78,4605.01
2026-05-01 14:00:00,4604.77,4607.93,4560.08,4562.99
2026-05-01 18:00:00,4562.8,4628.82,4561.51,4625.82
2026-05-01 22:00:00,4626.03,4660.27,4618.95,4629.47
2026-05-02 02:00:00,4629.46,4630.79,4606.83,4616.19
2026-05-04 06:00:00,4619.77,4629.43,4592.48,4612.83
2026-05-04 10:00:00,4612.87,4618.57,4591.03,4598.89
2026-05-04 14:00:00,4598.93,4600.88,4572.31,4575.21
2026-05-04 18:00:00,4575.18,4579.2,4525.95,4564.13
2026-05-04 22:00:00,4563.93,4583.31,4500.57,4522.16
2026-05-05 02:00:00,4522.49,4527.26,4509.91,4523.66
2026-05-05 06:00:00,4523.31,4542.25,4513.42,4540.79
2026-05-05 10:00:00,4541.46,4551.71,4527.74,4545.52
2026-05-05 14:00:00,4545.54,4560.53,4533.89,4556.16
2026-05-05 18:00:00,4556.39,4584.7,4539.84,4579.26
2026-05-05 22:00:00,4579.28,4586.69,4553.16,4560.06
2026-05-06 02:00:00,4560.04,4565.7,4551.47,4557.63
2026-05-06 06:00:00,4557.95,4628.62,4546.19,4626.13
2026-05-06 10:00:00,4625.88,4663.88,4625.18,4662.95
2026-05-06 14:00:00,4663.0,4708.58,4657.19,4701.58
2026-05-06 18:00:00,4701.95,4722.8,4660.61,4701.98
2026-05-06 22:00:00,4701.62,4716.92,4678.8,4684.0
2026-05-07 02:00:00,4684.19,4700.25,4681.75,4691.02
2026-05-07 06:00:00,4696.2,4721.43,4685.15,4714.82
2026-05-07 10:00:00,4714.58,4718.67,4692.17,4701.11
2026-05-07 14:00:00,4701.11,4753.54,4700.95,4729.18
2026-05-07 18:00:00,4729.2,4758.03,4726.46,4746.31
2026-05-07 22:00:00,4745.8,4764.87,4688.12,4711.48
2026-05-08 02:00:00,4712.08,4719.33,4686.07,4687.28
2026-05-08 06:00:00,4687.13,4725.49,4681.66,4722.98
2026-05-08 10:00:00,4722.96,4732.72,4706.88,4727.64
2026-05-08 14:00:00,4727.65,4734.67,4696.85,4711.8
2026-05-08 18:00:00,4711.81,4748.14,4702.69,4748.14
2026-05-08 22:00:00,4748.12,4749.4,4701.89,4720.82
2026-05-09 02:00:00,4720.83,4729.02,4714.46,4715.2
2026-05-11 06:00:00,4698.59,4705.58,4670.1,4685.82
2026-05-11 10:00:00,4685.78,4700.21,4647.91,4652.16
2026-05-11 14:00:00,4652.09,4680.22,4649.2,4656.87
2026-05-11 18:00:00,4656.79,4748.64,4656.26,4736.05
2026-05-11 22:00:00,4736.05,4738.55,4708.23,4723.6
2026-05-12 02:00:00,4723.91,4738.46,4720.72,4734.8
2026-05-12 06:00:00,4740.33,4773.53,4720.31,4727.08
2026-05-12 10:00:00,4727.09,4733.91,4708.77,4714.16
2026-05-12 14:00:00,4714.11,4714.13,4687.2,4699.61
2026-05-12 18:00:00,4699.62,4711.63,4676.86,4679.24
2026-05-12 22:00:00,4679.92,4695.01,4638.17,4678.77
2026-05-13 02:00:00,4678.79,4719.09,4676.18,4715.34
2026-05-13 06:00:00,4715.37,4726.76,4701.0,4702.69
2026-05-13 10:00:00,4702.62,4707.6,4687.64,4703.88
2026-05-13 14:00:00,4703.95,4715.39,4685.85,4700.82
2026-05-13 18:00:00,4700.81,4710.48,4669.34,4679.47
2026-05-13 22:00:00,4679.44,4709.93,4672.94,4685.47
2026-05-14 02:00:00,4685.56,4694.07,4677.62,4688.95
2026-05-14 06:00:00,4692.72,4706.97,4683.51,4688.86
2026-05-14 10:00:00,4688.91,4712.57,4668.48,4689.79
2026-05-14 14:00:00,4688.72,4718.84,4686.02,4699.7
2026-05-14 18:00:00,4699.75,4710.17,4666.77,4679.67
2026-05-14 22:00:00,4678.9,4700.95,4670.45,4678.09
2026-05-15 02:00:00,4678.22,4678.47,4644.24,4652.5
2026-05-15 06:00:00,4649.38,4665.29,4607.33,4614.05
2026-05-15 10:00:00,4613.97,4623.4,4558.2,4558.83
2026-05-15 14:00:00,4558.77,4588.73,4531.89,4545.81
2026-05-15 18:00:00,4545.85,4572.64,4511.86,4533.54
2026-05-15 22:00:00,4533.28,4566.57,4525.46,4559.48
2026-05-16 02:00:00,4559.69,4563.11,4533.24,4538.28
2026-05-18 06:00:00,4531.32,4555.12,4480.54,4525.24
2026-05-18 10:00:00,4525.02,4552.06,4521.93,4531.03
2026-05-18 14:00:00,4530.25,4560.07,4529.88,4543.12
2026-05-18 18:00:00,4542.92,4584.32,4529.91,4575.56
2026-05-18 22:00:00,4574.9,4575.29,4532.65,4547.11
2026-05-19 02:00:00,4547.16,4566.74,4534.11,4566.31
2026-05-19 06:00:00,4568.99,4588.91,4554.04,4563.97
2026-05-19 10:00:00,4563.83,4563.83,4531.07,4540.87
2026-05-19 14:00:00,4540.9,4559.17,4533.59,4541.68
2026-05-19 18:00:00,4541.69,4547.98,4464.82,4503.99
2026-05-19 22:00:00,4503.7,4514.15,4484.48,4501.02
2026-05-20 02:00:00,4501.27,4503.78,4480.92,4481.89
2026-05-20 06:00:00,4481.68,4509.03,4456.2,4481.18
2026-05-20 10:00:00,4481.42,4486.98,4453.53,4472.73
2026-05-20 14:00:00,4472.73,4491.09,4461.55,4485.07
2026-05-20 18:00:00,4485.01,4506.2,4481.96,4483.15
2026-05-20 22:00:00,4483.84,4552.54,4467.07,4531.55
2026-05-21 02:00:00,4531.75,4550.39,4529.5,4543.85
2026-05-21 06:00:00,4546.66,4570.79,4534.47,4560.97
2026-05-21 10:00:00,4561.5,4564.95,4518.36,4528.02
2026-05-21 14:00:00,4527.88,4542.86,4511.75,4530.78
2026-05-21 18:00:00,4530.74,4535.04,4488.66,4513.24
2026-05-21 22:00:00,4513.06,4559.36,4496.65,4551.59
2026-05-22 02:00:00,4550.97,4556.21,4527.34,4543.0
2026-05-22 06:00:00,4542.07,4546.07,4521.04,4526.48
2026-05-22 10:00:00,4526.43,4534.3,4507.49,4511.1
2026-05-22 14:00:00,4511.08,4535.97,4510.27,4532.1
2026-05-22 18:00:00,4532.11,4536.88,4510.01,4514.0
2026-05-22 22:00:00,4513.91,4527.9,4491.89,4519.31
2026-05-23 02:00:00,4519.12,4520.0,4504.04,4506.96
2026-05-25 06:00:00,4542.04,4579.71,4541.56,4562.97
2026-05-25 10:00:00,4562.93,4570.26,4551.98,4553.28
2026-05-25 14:00:00,4553.22,4569.08,4550.35,4567.38
2026-05-25 18:00:00,4567.42,4577.03,4552.85,4562.91
2026-05-25 22:00:00,4562.92,4577.66,4562.16,4565.3
2026-05-26 02:00:00,4565.3,4571.5,4564.54,4570.75
2026-05-26 06:00:00,4571.71,4580.28,4527.95,4537.1
2026-05-26 10:00:00,4536.86,4545.36,4522.97,4527.11
2026-05-26 14:00:00,4527.12,4539.01,4512.24,4522.54
2026-05-26 18:00:00,4523.1,4540.66,4500.53,4513.93
2026-05-26 22:00:00,4514.8,4525.04,4489.95,4491.16
2026-05-27 02:00:00,4490.85,4510.51,4482.6,4507.7
2026-05-27 06:00:00,4515.43,4527.83,4496.24,4507.84
2026-05-27 10:00:00,4507.85,4517.24,4491.61,4497.42
2026-05-27 14:00:00,4497.64,4499.23,4475.73,4490.04
2026-05-27 18:00:00,4490.03,4490.64,4401.51,4427.18
2026-05-27 22:00:00,4427.14,4455.38,4425.88,4450.25
2026-05-28 02:00:00,4450.08,4458.93,4447.61,4456.43
2026-05-28 06:00:00,4463.03,4465.93,4407.05,4410.12
2026-05-28 10:00:00,4410.21,4412.75,4366.29,4387.8
2026-05-28 14:00:00,4388.06,4398.9,4374.06,4393.44
2026-05-28 18:00:00,4393.71,4439.06,4375.33,4430.55
2026-05-28 22:00:00,4430.25,4514.59,4420.73,4508.84
2026-05-29 02:00:00,4508.85,4516.63,4494.76,4495.58
2026-05-29 06:00:00,4499.08,4520.72,4488.94,4506.33
2026-05-29 10:00:00,4506.04,4515.82,4494.63,4514.98
2026-05-29 14:00:00,4515.47,4539.37,4509.94,4531.18
2026-05-29 18:00:00,4531.0,4543.3,4512.6,4536.7
2026-05-29 22:00:00,4536.62,4595.0,4525.4,4553.34
2026-05-30 02:00:00,4553.35,4561.78,4539.62,4539.83
2026-06-01 06:00:00,4522.08,4545.98,4517.93,4525.55
2026-06-01 10:00:00,4525.52,4534.7,4508.49,4518.3
2026-06-01 14:00:00,4518.29,4518.84,4489.32,4495.89
2026-06-01 18:00:00,4495.91,4512.97,4448.86,4450.42
2026-06-01 22:00:00,4449.38,4495.4,4447.55,4487.42
2026-06-02 02:00:00,4487.46,4490.28,4479.03,4484.86
2026-06-02 06:00:00,4485.52,4497.24,4462.83,4473.97
2026-06-02 10:00:00,4473.85,4528.02,4472.18,4517.13
2026-06-02 14:00:00,4517.14,4541.57,4517.03,4529.89
2026-06-02 18:00:00,4529.74,4534.7,4502.92,4502.92
2026-06-02 22:00:00,4502.51,4508.65,4481.98,4484.72
2026-06-03 02:00:00,4484.74,4491.11,4478.67,4488.06
2026-06-03 06:00:00,4491.79,4496.66,4461.88,4475.86
2026-06-03 10:00:00,4476.08,4488.17,4456.52,4456.9
2026-06-03 14:00:00,4456.91,4472.26,4438.86,4443.21
2026-06-03 18:00:00,4443.27,4468.17,4426.36,4445.75
2026-06-03 22:00:00,4445.06,4459.6,4433.68,4438.89
2026-06-04 02:00:00,4438.88,4452.32,4430.39,4434.29
2026-06-04 06:00:00,4436.94,4473.76,4423.85,4465.73
2026-06-04 10:00:00,4465.52,4483.96,4455.73,4468.99
2026-06-04 14:00:00,4469.35,4477.28,4458.38,4470.17
2026-06-04 18:00:00,4470.27,4515.48,4464.25,4495.62
2026-06-04 22:00:00,4495.66,4499.89,4457.25,4478.2
2026-06-05 02:00:00,4478.0,4483.51,4472.66,4475.41
2026-06-05 06:00:00,4473.69,4481.54,4444.21,4446.92
2026-06-05 10:00:00,4446.87,4455.11,4435.12,4440.11
2026-06-05 14:00:00,4440.55,4469.31,4428.55,4465.03
2026-06-05 18:00:00,4464.77,4475.75,4365.47,4365.56
2026-06-05 22:00:00,4365.83,4379.1,4323.34,4341.89
2026-06-06 02:00:00,4342.18,4342.25,4311.65,4327.73
2026-06-08 06:00:00,4328.03,4353.38,4300.33,4325.7
2026-06-08 10:00:00,4326.2,4330.75,4268.53,4291.88
2026-06-08 14:00:00,4291.87,4316.96,4272.97,4294.11
2026-06-08 18:00:00,4294.89,4346.55,4286.02,4326.59
2026-06-08 22:00:00,4326.92,4346.25,4314.93,4339.22
2026-06-09 02:00:00,4339.28,4346.01,4323.24,4329.9
2026-06-09 06:00:00,4330.49,4338.91,4312.83,4336.62
2026-06-09 10:00:00,4336.61,4351.48,4324.32,4343.35
2026-06-09 14:00:00,4343.31,4348.95,4321.14,4332.04
2026-06-09 18:00:00,4332.07,4363.54,4325.19,4329.01
2026-06-09 22:00:00,4328.83,4336.12,4236.65,4262.95
2026-06-10 02:00:00,4263.15,4274.44,4249.87,4259.62
2026-06-10 06:00:00,4255.91,4257.49,4183.91,4188.64
2026-06-10 10:00:00,4189.27,4209.13,4172.31,4205.05
2026-06-10 14:00:00,4205.08,4221.86,4161.48,4168.79
2026-06-10 18:00:00,4168.8,4186.25,4130.49,4179.62
2026-06-10 22:00:00,4179.72,4180.81,4100.8,4111.78
2026-06-11 02:00:00,4112.03,4120.59,4067.0,4071.52
2026-06-11 06:00:00,4070.87,4118.03,4023.76,4101.96
2026-06-11 10:00:00,4101.72,4106.12,4052.12,4094.15
2026-06-11 14:00:00,4094.11,4112.67,4076.32,4091.69
2026-06-11 18:00:00,4091.37,4095.98,4057.5,4083.08
2026-06-11 22:00:00,4083.26,4169.67,4053.05,4151.92
2026-06-12 02:00:00,4152.0,4219.94,4131.16,4210.97
2026-06-12 06:00:00,4218.09,4246.39,4171.48,4186.93
2026-06-12 10:00:00,4186.34,4205.01,4170.57,4173.18
2026-06-12 14:00:00,4173.52,4228.02,4170.12,4221.74
2026-06-12 18:00:00,4221.83,4225.71,4182.74,4186.05
2026-06-12 22:00:00,4186.67,4235.7,4176.85,4221.2
2026-06-13 02:00:00,4221.51,4235.52,4201.73,4216.98
2026-06-15 06:00:00,4268.16,4319.65,4265.22,4316.6
2026-06-15 10:00:00,4316.5,4335.58,4307.38,4310.29
2026-06-15 14:00:00,4309.94,4345.24,4300.78,4336.81
2026-06-15 18:00:00,4336.88,4368.89,4324.54,4355.45
2026-06-15 22:00:00,4355.26,4369.24,4320.6,4324.9
2026-06-16 02:00:00,4324.94,4328.11,4306.29,4309.28
2026-06-16 06:00:00,4311.23,4325.93,4306.05,4313.35
2026-06-16 10:00:00,4313.36,4333.23,4307.38,4315.7
2026-06-16 14:00:00,4315.88,4348.39,4313.49,4345.12
2026-06-16 18:00:00,4345.2,4355.04,4331.57,4331.63
2026-06-16 22:00:00,4331.9,4347.02,4313.07,4340.34
2026-06-17 02:00:00,4340.22,4343.01,4329.42,4331.39
2026-06-17 06:00:00,4334.52,4349.75,4328.25,4341.06
2026-06-17 10:00:00,4340.69,4344.41,4317.75,4326.63
2026-06-17 14:00:00,4327.78,4335.72,4317.66,4329.71
2026-06-17 18:00:00,4329.72,4345.06,4319.85,4339.96
2026-06-17 22:00:00,4340.03,4382.15,4330.92,4379.84
2026-06-18 02:00:00,4379.33,4379.99,4219.0,4257.98
2026-06-18 06:00:00,4257.51,4328.67,4254.35,4317.63
2026-06-18 10:00:00,4317.62,4329.9,4301.12,4307.85
2026-06-18 14:00:00,4307.86,4309.89,4259.45,4268.85
2026-06-18 18:00:00,4268.54,4276.8,4240.05,4256.78
2026-06-18 22:00:00,4256.27,4257.52,4213.98,4230.44
2026-06-19 02:00:00,4230.49,4233.29,4201.35,4208.97
2026-06-19 06:00:00,4212.82,4213.37,4184.03,4184.66
2026-06-19 10:00:00,4184.64,4186.11,4121.58,4139.78
2026-06-19 14:00:00,4139.8,4178.54,4132.66,4163.04
2026-06-19 18:00:00,4163.15,4183.26,4141.73,4151.32
2026-06-19 22:00:00,4151.09,4158.0,4142.35,4155.48
2026-06-22 06:00:00,4148.89,4220.98,4136.3,4190.66
2026-06-22 10:00:00,4191.05,4200.38,4170.75,4193.96
2026-06-22 14:00:00,4193.94,4210.07,4188.51,4208.03
2026-06-22 18:00:00,4208.34,4214.89,4183.12,4199.7
2026-06-22 22:00:00,4199.93,4210.59,4169.97,4183.23
2026-06-23 02:00:00,4183.34,4193.83,4182.42,4191.51
2026-06-23 06:00:00,4192.02,4198.64,4150.16,4160.99
2026-06-23 10:00:00,4160.96,4163.61,4114.59,4121.05
2026-06-23 14:00:00,4121.4,4126.95,4090.83,4122.45
2026-06-23 18:00:00,4122.73,4140.57,4105.29,4135.76
2026-06-23 22:00:00,4135.46,4144.79,4122.97,4128.16
2026-06-24 02:00:00,4128.04,4131.21,4107.31,4110.04
2026-06-24 06:00:00,4113.21,4115.29,4068.37,4089.18
2026-06-24 10:00:00,4089.15,4096.0,4050.28,4075.66
2026-06-24 14:00:00,4075.75,4097.56,4064.1,4064.74
2026-06-24 18:00:00,4064.99,4066.79,3964.42,4038.56
2026-06-24 22:00:00,4038.29,4040.89,3972.82,3972.9
2026-06-25 02:00:00,3973.19,4002.97,3959.14,3999.3
2026-06-25 06:00:00,4006.72,4018.76,3972.28,3976.92
2026-06-25 10:00:00,3977.38,4000.88,3963.58,3986.2
2026-06-25 14:00:00,3986.17,4002.17,3971.29,3988.06
2026-06-25 18:00:00,3987.98,4034.07,3973.59,4002.43
2026-06-25 22:00:00,4003.45,4044.08,3998.91,4034.89
2026-06-26 02:00:00,4034.94,4044.36,4021.87,4026.48
2026-06-26 06:00:00,4028.97,4036.68,4011.21,4021.12
2026-06-26 10:00:00,4021.69,4023.43,3982.89,4007.72
2026-06-26 14:00:00,4007.74,4054.18,4006.77,4047.35
2026-06-26 18:00:00,4047.38,4077.91,4036.04,4073.8
2026-06-26 22:00:00,4073.8,4096.04,4067.75,4074.59
2026-06-27 02:00:00,4074.67,4081.88,4064.42,4080.53
2026-06-29 06:00:00,4079.21,4086.23,4048.17,4061.47
2026-06-29 10:00:00,4061.44,4075.71,4039.23,4054.23
2026-06-29 14:00:00,4054.75,4068.33,4025.03,4031.67
2026-06-29 18:00:00,4031.66,4052.53,4027.29,4032.02
2026-06-29 22:00:00,4032.55,4035.3,4000.66,4021.16
2026-06-30 02:00:00,4021.17,4025.4,4005.22,4016.68
2026-06-30 06:00:00,4018.17,4022.55,3942.5,3969.15
2026-06-30 10:00:00,3969.3,3998.22,3952.55,3978.13
2026-06-30 14:00:00,3978.37,4037.75,3978.37,4024.04
2026-06-30 18:00:00,4024.17,4037.41,4008.48,4029.8
2026-06-30 22:00:00,4030.21,4063.53,4020.65,4030.68
2026-07-01 02:00:00,4030.67,4033.93,4006.35,4007.44
2026-07-01 06:00:00,4012.62,4018.46,3973.71,3977.93
2026-07-01 10:00:00,3977.92,3986.98,3969.65,3974.06
2026-07-01 14:00:00,3974.05,3985.98,3959.64,3984.6
2026-07-01 18:00:00,3984.68,4107.79,3981.19,4089.71
2026-07-01 22:00:00,4089.67,4115.36,4067.35,4068.41
2026-07-02 02:00:00,4068.46,4070.89,4028.41,4031.27
2026-07-02 06:00:00,4034.04,4068.38,4030.63,4050.31
2026-07-02 10:00:00,4049.83,4074.23,4041.12,4066.19
2026-07-02 14:00:00,4066.21,4080.12,4060.69,4065.42
2026-07-02 18:00:00,4065.54,4144.18,4057.36,4136.63
2026-07-02 22:00:00,4136.64,4138.02,4100.25,4106.72
2026-07-03 02:00:00,4106.88,4127.17,4105.97,4123.5
2026-07-03 06:00:00,4126.31,4195.52,4121.06,4182.47
2026-07-03 10:00:00,4182.46,4186.85,4169.03,4171.09
2026-07-03 14:00:00,4171.1,4186.66,4160.31,4172.18
2026-07-03 18:00:00,4171.88,4186.45,4163.38,4164.49
2026-07-03 22:00:00,4164.48,4176.53,4155.2,4175.03
2026-07-06 06:00:00,4178.04,4203.1,4170.25,4186.22
2026-07-06 10:00:00,4186.45,4187.96,4145.06,4148.09
2026-07-06 14:00:00,4148.1,4166.37,4136.54,4143.34
2026-07-06 18:00:00,4143.35,4159.68,4131.36,4140.63
2026-07-06 22:00:00,4140.63,4161.74,4128.59,4161.15
2026-07-07 02:00:00,4161.12,4167.4,4155.3,4165.13
2026-07-07 06:00:00,4166.35,4168.55,4125.8,4142.1
2026-07-07 10:00:00,4142.28,4145.38,4116.43,4123.69
2026-07-07 14:00:00,4123.73,4139.35,4119.64,4131.04
2026-07-07 18:00:00,4131.33,4180.52,4131.05,4158.82
2026-07-07 22:00:00,4158.81,4163.59,4135.73,4144.43
2026-07-08 02:00:00,4144.44,4145.34,4092.45,4106.08
2026-07-08 06:00:00,4094.67,4126.85,4093.72,4111.42
2026-07-08 10:00:00,4111.67,4134.04,4106.12,4127.59
2026-07-08 14:00:00,4127.61,4133.54,4041.45,4043.44
2026-07-08 18:00:00,4043.68,4086.61,4040.61,4070.97
2026-07-08 22:00:00,4070.49,4076.46,4021.65,4065.79
2026-07-09 02:00:00,4065.49,4091.67,4063.59,4077.67
2026-07-09 06:00:00,4077.93,4089.7,4062.26,4072.5
2026-07-09 10:00:00,4072.97,4084.39,4054.16,4082.15
2026-07-09 14:00:00,4081.91,4117.91,4081.65,4106.54
2026-07-09 18:00:00,4106.21,4129.71,4094.02,4121.94
2026-07-09 22:00:00,4121.86,4138.31,4114.27,4136.07
2026-07-10 02:00:00,4136.33,4136.52,4118.89,4123.55
2026-07-10 06:00:00,4124.79,4131.13,4109.0,4117.1
2026-07-10 10:00:00,4116.81,4134.94,4108.19,4116.52
2026-07-10 14:00:00,4116.83,4120.22,4094.31,4104.23
2026-07-10 18:00:00,4104.37,4117.55,4085.53,4099.8
2026-07-10 22:00:00,4100.1,4115.55,4072.64,4100.96
2026-07-11 02:00:00,4100.98,4120.18,4097.79,4119.06
2026-07-13 06:00:00,4097.61,4103.38,4061.04,4072.0
2026-07-13 10:00:00,4072.4,4077.28,4050.15,4053.91
2026-07-13 14:00:00,4053.86,4080.74,4044.03,4068.22
2026-07-13 18:00:00,4068.16,4070.72,4042.11,4043.36
2026-07-13 22:00:00,4043.17,4046.97,3986.64,3993.09
2026-07-14 02:00:00,3993.44,4006.31,3986.71,4001.01
2026-07-14 06:00:00,4005.38,4012.31,3983.23,4010.37
2026-07-14 10:00:00,4010.95,4034.21,4006.04,4031.2
2026-07-14 14:00:00,4031.27,4033.31,4013.64,4021.86
2026-07-14 18:00:00,4021.9,4102.77,4014.99,4076.81
2026-07-14 22:00:00,4076.55,4100.45,4054.52,4062.64
2026-07-15 02:00:00,4062.75,4063.08,4042.75,4053.0
2026-07-15 06:00:00,4051.7,4062.14,4035.41,4037.12
2026-07-15 10:00:00,4037.05,4042.15,4022.06,4034.87
2026-07-15 14:00:00,4034.65,4035.4,4017.35,4030.2
2026-07-15 18:00:00,4030.38,4074.23,4026.74,4061.81
2026-07-15 22:00:00,4062.14,4066.19,4026.7,4062.46
2026-07-16 02:00:00,4062.44,4081.36,4047.77,4059.93
2026-07-16 06:00:00,4064.37,4065.63,4034.06,4038.84
2026-07-16 10:00:00,4038.88,4039.92,4024.44,4027.08
2026-07-16 14:00:00,4027.06,4037.86,4022.9,4031.96
2026-07-16 18:00:00,4031.96,4043.48,3973.85,3990.07
2026-07-16 22:00:00,3990.05,4016.85,3979.95,3984.53
2026-07-17 02:00:00,3984.69,3990.55,3969.41,3976.28
2026-07-17 06:00:00,3978.07,3996.06,3973.08,3983.35
2026-07-17 10:00:00,3983.56,4008.46,3970.65,3984.83
2026-07-17 14:00:00,3985.03,4007.17,3985.03,3997.93
2026-07-17 18:00:00,3997.95,4003.47,3959.25,3997.21
2026-07-17 22:00:00,3996.97,4023.91,3990.18,4010.21
2026-07-18 02:00:00,4010.42,4018.5,4002.31,4016.65
2026-07-20 06:00:00,4001.52,4020.84,3982.63,4002.4
2026-07-20 10:00:00,4002.59,4028.74,4001.23,4008.84
2026-07-20 14:00:00,4008.8,4030.71,4002.16,4021.03
2026-07-20 18:00:00,4021.01,4040.58,4005.62,4005.63
2026-07-20 22:00:00,4005.58,4019.65,3998.29,4005.1
2026-07-21 02:00:00,4005.15,4017.98,4003.49,4007.74
2026-07-21 06:00:00,4009.25,4035.93,3999.56,4023.36
2026-07-21 10:00:00,4023.38,4067.95,4021.84,4061.74
2026-07-21 14:00:00,4061.76,4084.28,4059.08,4066.21
2026-07-21 18:00:00,4066.19,4070.35,4044.7,4053.36
2026-07-21 22:00:00,4053.38,4083.31,4051.8,4068.8
2026-07-22 02:00:00,4068.85,4086.79,4067.75,4077.88
2026-07-22 06:00:00,4079.68,4123.75,4076.66,4121.95
2026-07-22 10:00:00,4121.73,4141.82,4119.05,4131.23
2026-07-22 14:00:00,4131.13,4135.34,4109.13,4114.91
2026-07-22 18:00:00,4115.02,4155.94,4105.99,4154.64
2026-07-22 22:00:00,4155.0,4166.19,4138.2,4142.61
2026-07-23 02:00:00,4142.68,4142.9,4128.26,4130.15
2026-07-23 06:00:00,4117.63,4141.2,4114.28,4118.0
2026-07-23 10:00:00,4117.89,4133.15,4111.89,4123.86
2026-07-23 14:00:00,4124.01,4128.22,4086.83,4089.75
2026-07-23 18:00:00,4090.03,4095.38,4040.39,4043.16
2026-07-23 22:00:00,4043.54,4061.85,4040.16,4041.67
2026-07-24 02:00:00,4041.71,4051.24,4040.73,4049.57
2026-07-24 06:00:00,4048.76,4050.79,4040.16,4043.46
2026-07-24 10:00:00,4043.54,4048.33,4021.88,4022.93
2026-07-24 14:00:00,4022.9,4060.91,4022.88,4060.0
2026-07-24 18:00:00,4059.98,4068.83,4044.63,4067.4
2026-07-24 22:00:00,4067.75,4082.23,4055.82,4063.56
2026-07-25 02:00:00,4063.72,4064.59,4049.16,4053.07
2026-07-27 06:00:00,4090.38,4116.0,4083.46,4109.92
2026-07-27 10:00:00,4110.28,4111.05,4084.24,4093.26
2026-07-27 14:00:00,4093.05,4105.95,4087.28,4096.4
2026-07-27 18:00:00,4096.26,4104.13,4070.58,4074.02
2026-07-27 22:00:00,4074.26,4093.95,4065.25,4076.57
2026-07-28 02:00:00,4076.44,4089.64,4072.87,4076.44
2026-07-28 06:00:00,4081.17,4081.65,4042.39,4045.31
2026-07-28 10:00:00,4045.36,4051.08,4034.69,4045.4
2026-07-28 14:00:00,4045.46,4055.28,4019.69,4023.62
2026-07-28 18:00:00,4023.22,4038.11,4016.91,4021.98
2026-07-28 22:00:00,4022.05,4047.2,4011.39,4027.99
2026-07-29 02:00:00,4028.1,4030.69,4021.61,4028.41
2026-07-29 06:00:00,4027.75,4030.6,4010.05,4025.74
2026-07-29 10:00:00,4026.05,4040.21,4020.44,4033.17
2026-07-29 14:00:00,4033.16,4047.89,4031.46,4032.8
2026-07-29 18:00:00,4032.83,4036.31,4002.34,4007.04
2026-07-29 22:00:00,4007.1,4050.71,3995.84,4044.25
2026-07-30 02:00:00,4044.23,4116.28,4042.62,4066.43
2026-07-30 06:00:00,4071.54,4100.12,4064.57,4084.41
2026-07-30 10:00:00,4084.33,4090.55,4028.62,4033.57
2026-07-30 14:00:00,4033.66,4073.17,4029.26,4063.52
2026-07-30 18:00:00,4063.62,4112.99,4063.02,4112.26
2026-07-30 22:00:00,4112.22,4120.48,4083.1,4102.74
2026-07-31 02:00:00,4102.77,4117.59,4098.72,4103.81
2026-07-31 06:00:00,4105.64,4111.88,4081.99,4084.48
2026-07-31 10:00:00,4084.49,4090.35,4071.73,4074.22
2026-07-31 14:00:00,4074.25,4087.67,4050.12,4055.26
2026-07-31 18:00:00,4055.22,4061.19,4021.74,4025.29
2026-07-31 22:00:00,4025.14,4054.91,4020.93,4053.58
2026-08-01 02:00:00,4053.93,4055.64,4044.31,4046.34
2026-08-03 06:00:00,4074.73,4079.67,4047.22,4056.38
2026-08-03 10:00:00,4056.43,4072.02,4051.78,4069.11
2026-08-03 14:00:00,4069.17,4072.01,4046.61,4055.47
2026-08-03 18:00:00,4055.54,4064.72,4019.16,4032.42
2026-08-03 22:00:00,4029.29,4041.07,4026.64,4030.42
2026-08-04 02:00:00,4030.45,4058.23,4029.51,4055.23
2026-08-04 06:00:00,4054.33,4069.15,4042.22,4058.56
2026-08-04 10:00:00,4058.56,4067.91,4050.89,4061.65
2026-08-04 14:00:00,4061.6,4073.04,4046.23,4049.7
2026-08-04 18:00:00,4050.01,4093.85,4045.36,4084.37
2026-08-04 22:00:00,4084.28,4106.46,4074.29,4086.26
2026-08-05 02:00:00,4085.85,4089.08,4074.49,4077.47
2026-08-05 06:00:00,4078.58,4102.8,4065.27,4101.57
2026-08-05 10:00:00,4101.12,4173.08,4095.24,4161.32
2026-08-05 14:00:00,4161.33,4179.72,4153.07,4158.15
2026-08-05 18:00:00,4158.15,4213.45,4149.96,4205.89
2026-08-05 22:00:00,4205.16,4265.18,4203.6,4250.17
2026-08-06 02:00:00,4250.19,4267.8,4242.83,4247.01
2026-08-06 06:00:00,4250.59,4303.09,4245.67,4286.43
2026-08-06 10:00:00,4285.85,4304.05,4247.2,4267.46
2026-08-06 14:00:00,4267.44,4284.81,4249.17,4272.89
2026-08-06 18:00:00,4272.91,4274.32,4230.8,4267.17
2026-08-06 22:00:00,4267.27,4275.42,4223.39,4247.21
2026-08-07 02:00:00,4247.39,4251.45,4233.08,4240.49
2026-08-07 06:00:00,4239.21,4259.49,4229.59,4256.9
2026-08-07 10:00:00,4256.92,4280.72,4246.92,4278.82
2026-08-07 14:00:00,4278.84,4320.22,4278.37,4316.22
2026-08-07 18:00:00,4316.04,4371.89,4301.38,4347.91
2026-08-07 22:00:00,4348.0,4358.46,4327.33,4340.16
2026-08-08 02:00:00,4340.37,4350.47,4332.08,4341.49
2026-08-10 06:00:00,4348.43,4350.69,4313.24,4322.64
2026-08-10 10:00:00,4322.62,4352.36,4317.61,4347.51
2026-08-10 14:00:00,4347.66,4362.17,4340.64,4341.35
2026-08-10 18:00:00,4341.36,4344.39,4316.57,4318.08
2026-08-10 22:00:00,4318.23,4365.59,4317.92,4360.4
2026-08-11 02:00:00,4360.42,4395.36,4360.07,4390.37
2026-08-11 06:00:00,4389.79,4434.23,4388.54,4429.74
2026-08-11 10:00:00,4429.69,4435.2,4367.74,4375.13
2026-08-11 14:00:00,4374.54,4382.79,4356.73,4372.62
2026-08-11 18:00:00,4372.63,4404.34,4371.33,4389.55
2026-08-11 22:00:00,4389.36,4398.9,4369.08,4369.35
2026-08-12 02:00:00,4369.27,4374.25,4360.25,4368.0
2026-08-12 06:00:00,4371.93,4397.38,4362.46,4396.36
2026-08-12 10:00:00,4396.21,4416.06,4383.89,4391.07
2026-08-12 14:00:00,4391.05,4424.17,4385.17,4415.77
2026-08-12 18:00:00,4415.97,4441.38,4382.8,4427.61
2026-08-12 22:00:00,4427.64,4439.78,4396.65,4399.72
2026-08-13 02:00:00,4399.64,4418.48,4396.43,4408.66
2026-08-13 06:00:00,4409.96,4449.68,4398.21,4408.64
2026-08-13 10:00:00,4408.3,4414.3,4380.59,4383.14
2026-08-13 14:00:00,4383.11,4385.7,4364.11,4384.51
2026-08-13 18:00:00,4384.58,4401.99,4370.83,4373.01
2026-08-13 22:00:00,4373.1,4386.96,4351.33,4355.9
2026-08-14 02:00:00,4356.13,4363.72,4343.85,4351.2
2026-08-14 06:00:00,4353.32,4364.15,4312.37,4318.09
2026-08-14 10:00:00,4318.09,4333.74,4310.97,4333.74
2026-08-14 14:00:00,4333.74,4357.56,4327.93,4357.19
2026-08-14 18:00:00,4357.24,4396.94,4348.29,4384.37
2026-08-14 22:00:00,4384.45,4396.68,4376.28,4378.55
2026-08-15 02:00:00,4378.83,4382.88,4370.84,4376.16
2026-08-17 06:00:00,4379.15,4416.43,4367.24,4395.85
2026-08-17 10:00:00,4395.6,4401.34,4386.88,4394.67
2026-08-17 14:00:00,4394.69,4411.42,4392.48,4395.65
2026-08-17 18:00:00,4395.66,4416.21,4377.24,4408.55
2026-08-17 22:00:00,4408.52,4428.89,4403.89,4413.78
2026-08-18 02:00:00,4413.82,4421.48,4398.35,4416.69
2026-08-18 06:00:00,4417.85,4436.17,4404.48,4408.17
2026-08-18 10:00:00,4408.2,4408.27,4386.2,4394.43
2026-08-18 14:00:00,4394.22,4403.76,4386.8,4393.44
2026-08-18 18:00:00,4393.23,4406.55,4376.61,4394.85
2026-08-18 22:00:00,4395.05,4406.61,4351.6,4357.88
2026-08-19 02:00:00,4357.88,4361.04,4329.08,4334.46
2026-08-19 06:00:00,4336.61,4357.74,4324.58,4356.5
2026-08-19 10:00:00,4356.56,4362.03,4334.97,4335.8
2026-08-19 14:00:00,4335.72,4363.23,4335.43,4362.03
2026-08-19 18:00:00,4361.84,4466.17,4359.55,4459.8
2026-08-19 22:00:00,4459.67,4499.42,4455.14,4487.02
2026-08-20 02:00:00,4487.16,4524.36,4472.15,4523.07
2026-08-20 06:00:00,4525.84,4527.12,4484.44,4489.77
2026-08-20 10:00:00,4489.79,4501.12,4477.83,4481.22
2026-08-20 14:00:00,4481.22,4498.65,4479.92,4482.82
2026-08-20 18:00:00,4482.63,4495.02,4450.63,4481.73
2026-08-20 22:00:00,4481.83,4540.82,4480.75,4520.03
2026-08-21 02:00:00,4520.0,4532.23,4508.39,4519.09
2026-08-21 06:00:00,4520.67,4543.83,4508.79,4530.82
2026-08-21 10:00:00,4530.78,4556.43,4518.32,4553.54
2026-08-21 14:00:00,4553.5,4602.22,4545.48,4582.59
2026-08-21 18:00:00,4582.6,4604.65,4563.61,4580.97
2026-08-21 22:00:00,4580.87,4632.13,4579.93,4620.46
2026-08-22 02:00:00,4620.51,4627.78,4603.18,4604.8
2026-08-24 06:00:00,4623.47,4640.93,4594.95,4632.05
2026-08-24 10:00:00,4631.98,4656.75,4627.46,4640.93
2026-08-24 14:00:00,4640.95,4659.92,4628.78,4645.94
2026-08-24 18:00:00,4645.88,4681.03,4639.07,4664.88
2026-08-24 22:00:00,4664.87,4679.62,4630.39,4636.73
2026-08-25 02:00:00,4636.69,4655.93,4625.33,4651.88
2026-08-25 06:00:00,4656.39,4696.82,4652.56,4658.13
2026-08-25 10:00:00,4658.0,4661.5,4617.93,4643.06
2026-08-25 14:00:00,4643.15,4653.51,4620.02,4636.36
2026-08-25 18:00:00,4636.46,4647.4,4605.36,4616.62
2026-08-25 22:00:00,4616.65,4659.41,4613.64,4648.51
2026-08-26 02:00:00,4648.56,4669.02,4644.16,4658.84
2026-08-26 06:00:00,4660.11,4673.78,4630.36,4656.91
2026-08-26 10:00:00,4657.47,4670.73,4635.57,4639.78
2026-08-26 14:00:00,4639.6,4641.58,4616.37,4623.44
2026-08-26 18:00:00,4623.29,4633.96,4598.07,4631.52
2026-08-26 22:00:00,4631.67,4633.57,4583.1,4597.64
2026-08-27 02:00:00,4597.78,4604.75,4583.95,4594.71
2026-08-27 06:00:00,4606.32,4640.8,4600.23,4640.14
2026-08-27 10:00:00,4639.9,4643.18,4601.07,4607.2
2026-08-27 14:00:00,4607.19,4611.91,4578.89,4580.33
2026-08-27 18:00:00,4580.41,4601.14,4565.52,4572.36
2026-08-27 22:00:00,4572.28,4616.83,4568.37,4606.38
2026-08-28 02:00:00,4606.54,4618.1,4599.91,4601.95
2026-08-28 06:00:00,4607.37,4611.63,4575.34,4576.08
2026-08-28 10:00:00,4576.05,4590.22,4571.49,4573.28
2026-08-28 14:00:00,4573.26,4614.73,4572.59,4605.13
2026-08-28 18:00:00,4605.08,4627.44,4588.98,4606.5
2026-08-28 22:00:00,4603.26,4631.87,4460.6,4469.54
2026-08-29 02:00:00,4469.51,4471.73,4445.24,4454.26
2026-08-31 06:00:00,4436.9,4472.05,4434.49,4440.12
2026-08-31 10:00:00,4440.08,4443.95,4396.36,4442.92
2026-08-31 14:00:00,4443.08,4449.6,4429.26,4445.26
2026-08-31 18:00:00,4445.68,4464.28,4415.84,4418.82
2026-08-31 22:00:00,4418.82,4440.46,4416.08,4436.58
2026-09-01 02:00:00,4436.62,4455.93,4426.28,4449.17
2026-09-01 06:00:00,4450.22,4461.66,4436.26,4444.48
2026-09-01 10:00:00,4444.47,4449.4,4425.33,4426.23
